"Qu'est-ce qu'un NOS (Network Operating System) ?","Un logiciel qui contrôle l'ensemble des activités du réseau et fournit des services (pair à pair ou client-serveur) à toutes les machines connectées."
"Quels types de services un NOS fournit-il ?","Des services de type pair à pair (P2P) ou client-serveur."
"Cite trois NOS historiques répandus.","Novell NetWare, Windows NT et Unix (également AppleShare, LANtastic, Banyan Vines, OS/2 Warp Server)."
"Sur quoi reposent la plupart des NOS actuels ?","Sur Linux ou Windows Server ; beaucoup de services historiques sont désormais rendus directement par l'OS."
"Quelles sont les quatre raisons de construire un système réparti ?","Partage de ressources, accélération du calcul, fiabilité et communication."
"En quoi un système réparti améliore-t-il la fiabilité ?","Si un site tombe en panne, les sites restants continuent de fonctionner ; le système détecte la panne et peut transférer la fonction sur un autre site."
"Qu'est-ce qu'un RPC (Remote Procedure Call) ?","Un message structuré adressé à un démon RPC qui écoute un port sur un système distant ; il contient l'identificateur de la fonction à exécuter et ses paramètres."
"Sur quelles fonctions s'appuie un système de fichiers réparti ?","Sur les fonctions de gestion réseau de bas niveau, la plus commune étant le mécanisme d'appel de procédure à distance (RPC)."
"Quels sont les trois ensembles d'éléments d'authentification d'un utilisateur ?","Ce qu'il possède (clé, carte), ce qu'il connaît (identifiant, mot de passe) et ce qu'il est (empreinte, rétine, signature)."
"À quoi sert la liste de contrôle (audit) dans un NOS ?","Elle enregistre l'heure, l'identité de l'utilisateur et le type de chaque accès à un objet, pour déterminer après coup comment et quand la sécurité a été violée."
"Quelles sont les trois formes d'accès malveillant citées ?","Lecture non autorisée (vol d'information), modification non autorisée et destruction non autorisée de données."
"Que recouvrent transparence et localisation pour un système de fichiers réparti ?","Transparence : accéder à tous les fichiers de la même façon sans se soucier de leur emplacement. Localisation : savoir où les fichiers résident physiquement dans le réseau."
"Différence entre service à distance et mise en cache pour accéder à un fichier distant ?","Service à distance : le serveur effectue l'accès et renvoie le résultat. Cache : une copie des données est ramenée chez le client, qui y accède ensuite localement."
"Quel est le principal problème de la mise en cache côté client ?","Le maintien de la cohérence entre les copies en mémoire cache et le fichier principal."
"À quoi sert la duplication (réplication) de fichiers sur plusieurs machines ?","À améliorer la disponibilité et, en servant une requête depuis une copie proche, la performance."
"Comment ordonner des événements dans un système réparti sans horloge commune ?","Avec des estampilles (horodatages logiques) qui donnent un ordre cohérent des événements."
"Cite trois approches d'exclusion mutuelle en environnement réparti.","Approche centralisée (un coordinateur), approche complètement répartie, approche par passage de jeton (réseau en anneau)."
"Quel protocole garantit l'atomicité d'une transaction répartie ?","Le protocole de validation en deux phases (2PC) : la transaction est validée sur tous les sites ou annulée sur tous."
"Quelle est la principale méthode de traitement des interblocages en réseau ?","La détection des interblocages, via le maintien d'un graphe d'attente (approche centralisée ou complètement répartie)."
"Que fait un algorithme d'élection dans un système réparti ?","Il sélectionne un nouveau processus coordinateur après la défaillance de l'ancien."
"Qu'est-ce que le SMP (Symmetric MultiProcessing) ?","Une technique où plusieurs processeurs se partagent symétriquement la charge, en environnement multitâche et multithread, pour paralléliser les processus."
"Rôle de l'allocateur (dispatcher) et du planificateur (scheduler) ?","Le dispatcher répartit le temps processeur entre les processus ; le scheduler détermine quels processus activer selon leur contexte, leurs priorités et les files d'attente."
"Qu'est-ce qu'un système d'exploitation préemptif ?","Un système qui alloue un quantum de temps à chaque processus puis reprend le processeur pour le donner à un autre (time sharing)."
"Qu'est-ce qu'un serveur partitionné ?","Un serveur physique partagé en plusieurs serveurs logiques (partitions), chacun avec sa propre instance de système d'exploitation et ses ressources (CPU, mémoire, adaptateurs E/S)."
"Différence entre partitionnement statique et dynamique ?","Statique : toute modification d'affectation impose le redémarrage des partitions. Dynamique : échange de CPU, mémoire et E/S entre partitions sans arrêt ni redémarrage."
"Qu'est-ce qu'un cluster de serveurs ?","Un ensemble de serveurs (nœuds) coopératifs assurant un accès continu aux applications et aux données malgré la défaillance d'une machine, d'un OS ou d'une application."
"Cite les trois types de cluster mentionnés.","Cluster de failover (bascule de services), cluster à haute disponibilité, cluster à tolérance de panne."
"Dans un cluster de failover classique à 2 nœuds, comment sont-ils organisés ?","Un nœud est actif et héberge les applications, l'autre est inactif (nœud de backup) et en attente d'une bascule ; les données résident sur des baies partagées."
"Comment le logiciel cluster détecte-t-il la défaillance d'un nœud ?","Chaque nœud exécute un process cluster qui envoie en continu des paquets d'information (heartbeat) au logiciel cluster sur un réseau Ethernet privé."
"Qu'est-ce qu'un serveur lame (blade) ?","Un serveur plat enfichable dans un châssis qui mutualise les éléments partageables (alimentations, ventilateurs, commutateurs), généralement redondants et remplaçables à chaud."
"Quel est le but d'un réseau informatique ?","Faire communiquer ensemble des entités ; pour un réseau informatique, ces entités sont des ordinateurs."
"Qu'est-ce qu'un protocole réseau ?","Une description formelle des règles et conventions à suivre dans un échange d'informations, comparable à une langue commune."
"Quelle suite protocolaire est le standard « de fait » des réseaux ?","La suite TCP-IP."
"Que signifie ARPANET et qui l'a conçu ?","ARPA Network : réseau conçu par l'ARPA, l'agence de recherche du DoD (ministère américain de la Défense)."
"Pourquoi ARPANET a-t-il adopté la commutation par paquets ?","Pour interconnecter des réseaux hétérogènes et résister à une attaque ; le réseau téléphonique (commutation de circuits) était jugé trop vulnérable."
"Quand et entre qui le premier lien ARPANET a-t-il été établi ?","Le 21 novembre 1969, entre l'université de Californie à Los Angeles (UCLA) et le Stanford Research Institute."
"Qu'est-ce qu'une RFC (Request For Comments) ?","Un document de travail ouvert consignant les propositions et normes techniques du réseau ; la mémoire collective interne d'Internet."
"Qui a produit les premières RFC et les premiers protocoles (Telnet, FTP) d'ARPANET ?","Le NWG (Network Working Group), groupe de doctorants des quatre sites, dirigé par Steve Crocker."
"Qu'étaient les IMP (Interface Message Processor) ?","De petits ordinateurs spécialisés dans la commutation des messages (ancêtres des routeurs), construits par la firme BBN pour ARPANET."
"Quelles sont les deux « lectures » de l'origine des réseaux ?","La lecture militaire (réseau indestructible résistant à une attaque nucléaire) et la lecture communicationnelle (utopie du village mondial) ; toutes deux jugées trop mono-causales."
"Quels grands acteurs se sont tenus à l'écart de l'émergence d'ARPANET ?","IBM (refus de l'appel d'offres de 1968) et AT&T, l'acteur majeur de la téléphonie."
"Quel besoin l'incompatibilité des réseaux propriétaires des années 1970 a-t-elle fait naître ?","Un besoin croissant d'interopérabilité entre systèmes hétérogènes et cloisonnés."
"Qui normalise le modèle OSI et quand débutent ses travaux ?","L'ISO (International Standard Organization) ; premiers travaux en 1977, norme ISO 7498 proposée en 1978, adoption vers 1984."
"De quoi découle le modèle DoD ?","De l'implémentation des protocoles TCP et IP (créés vers 1974) dans un modèle en couches ; on l'appelle aussi modèle TCP/IP."
"Quel est l'intérêt d'un modèle en couches ?","Diviser un problème complexe de communication en sous-problèmes ; chaque couche rend un service aux couches supérieures en s'appuyant sur les couches inférieures, ce qui favorise l'interopérabilité."
"Comment nomme-t-on les unités de données selon les couches du modèle DoD ?","Données (utilisateur), message (application-transport), segment (transport-réseau), datagramme (réseau-accès réseau), trame ou paquet (accès réseau via le support physique)."
"Quelles sont les sept couches du modèle OSI, de bas en haut ?","Physique, Liaison de données, Réseau, Transport, Session, Présentation, Application."
"Rôle de la couche Physique (OSI 1) ?","Établir et maintenir la liaison physique : spécifications mécaniques (connecteurs) et électriques (niveaux de tension), codage/décodage des données (ex. code Manchester)."
"Rôle de la couche Liaison de données (OSI 2) ?","Maintenir la connexion logique, transférer les blocs de données (trames), détecter et corriger les erreurs, assurer l'accès au support (encapsulation en trames)."
"Rôle de la couche Réseau (OSI 3) ?","Assurer l'acheminement et le routage des blocs de données entre systèmes d'extrémité à travers des relais, et définir la taille des blocs."
"Rôle de la couche Transport (OSI 4) ?","Contrôler le transfert de bout en bout entre les deux systèmes d'extrémité ; découper les messages en paquets et les reconstituer, rendant le transport transparent aux couches supérieures."
"Rôle de la couche Session (OSI 5) ?","Assurer et synchroniser le dialogue entre deux applications distantes, avec détection et reprise en cas d'erreur (gestion par jeton pour Token Ring)."
"Rôle de la couche Présentation (OSI 6) ?","Mettre en forme les données, convertir les codes (ASCII, EBCDIC), éventuellement chiffrer et compresser ; première couche non impliquée dans le transfert."
"Rôle de la couche Application (OSI 7) ?","Assurer la communication entre les couches inférieures et les applications utilisateur (transfert de fichiers, courrier) ; elle ne contient pas les applications elles-mêmes."
"Quelles sont les quatre couches du modèle DoD ?","Application, Transport, Réseau, Accès réseau."
"À quelles couches OSI correspond la couche Application du modèle DoD ?","Aux couches Application, Présentation et Session d'OSI."
"Quels protocoles trouve-t-on dans la couche Application du modèle DoD ?","Telnet, FTP, TFTP, SMTP, HTTP."
"Différence entre TCP et UDP (couche Transport DoD) ?","TCP : fiable, orienté connexion, contrôle de flux, remise ordonnée. UDP : non fiable, sans connexion, sans contrôle de flux (ex. transmission de la voix)."
"Quels protocoles implémentent la couche Réseau du modèle DoD ?","IP (principal), ainsi que ARP, RARP et ICMP."
"Que regroupe la couche Accès réseau du modèle DoD ?","Les couches Physique et Liaison de données d'OSI ; elle gère les adresses physiques et les erreurs matérielles de transmission (souvent Ethernet en LAN)."
"Pourquoi dit-on que le modèle TCP/IP s'est imposé face à OSI ?","Par sa souplesse et son pragmatisme : le modèle pragmatique issu de DoD a progressivement pris le dessus sur le modèle OSI, plus normatif et théorique."
"Que sont SNA, DNA et DSA ?","Des architectures réseau propriétaires historiques (respectivement IBM en 1974, Digital en 1975, Bull), antérieures ou parallèles à la normalisation OSI."
"Qui a mis au point le premier système Unix et où ?","Ken Thompson, dans les laboratoires Bell d'AT&T (Murray Hill, New Jersey), dans la seconde moitié des années 1960."
"De quel projet Unix est-il dérivé ?","Du projet MULTICS (Multiplexed Information and Computing System), réécrit en version réduite sous le nom UNICS puis Unix."
"Quelle date est considérée comme la naissance d'Unix ?","Le 1er janvier 1970 : c'est l'origine des horloges système Unix (epoch)."
"Qui a créé le langage C et quel est le lien avec Unix ?","Dennis Ritchie (avec B. Kernighan) ; en 1973 tout Unix fut réécrit en C, d'où sa portabilité sur de nombreuses plates-formes."
"Pourquoi AT&T a-t-elle distribué les sources d'Unix aux universités en 1973 ?","Un décret de 1956 lui interdisait de commercialiser autre chose que du matériel téléphonique ou télégraphique ; les sources furent diffusées aux universités à des fins éducatives."
"Qu'est-ce que BSD et d'où vient-il ?","Berkeley Software Distribution : version d'Unix redéveloppée fin 1977 par l'université de Californie à Berkeley à partir des sources AT&T, pour les plates-formes VAX."
"Pourquoi les Unix sont-ils nativement compatibles TCP/IP ?","Le développement de BSD s'intégrait dans un projet financé par la DARPA visant à développer le réseau expérimental TCP/IP."
"Cite des Unix commerciaux nés de la mise à disposition payante des sources.","AIX (IBM), HP-UX (HP), SunOS puis Solaris (Sun) ; Microsoft avait même lancé Xenix."
"Qu'est-ce que le « schisme » Unix ?","La séparation, à partir de 1983, en deux écoles rivales : la souche System V (AT&T, commerciale) et la souche BSD (université de Berkeley)."
"Quelle communauté penchait pour BSD, laquelle pour System V ?","Le monde de la recherche et de l'université (ouvert aux réseaux) pour BSD ; le monde de l'entreprise, méfiant envers Internet, pour System V."
"Pourquoi Solaris est-il qualifié d'Unix « hybride » ?","Solaris 1 était basé sur 4.1BSD, puis Solaris 2 est passé à System V Release 4 : il hérite des deux familles."
"Cite trois Unix de type BSD.","FreeBSD, NetBSD, OpenBSD."
"Qu'est-ce que POSIX ?","Une série de standards (IEEE P1003) publiée en 1984 pour assurer la portabilité maximale entre systèmes Unix."
"Qu'est-ce que SVID ?","System V Interface Definition, publiée par AT&T en 1983 pour décrire System V ; différente de POSIX."
"Qui a fondé la Free Software Foundation et quand ?","Richard Stallman, en 1984, avec le projet GNU (« GNU's Not Unix ») : un système d'exploitation libre et gratuit de type Unix."
"Qu'est-ce que la licence GPL (copyleft) ?","On peut copier, modifier et distribuer un logiciel libre à condition que le produit final soit lui-même sous licence GPL, ce qui empêche son appropriation propriétaire."
"Quelle brique manquait au projet GNU et qui l'a fournie ?","Le noyau (kernel) : Linus Torvalds, étudiant finlandais, lance en 1991 le développement du noyau Linux pour la famille de processeurs x86."
"Quel outil GNU a été essentiel à la naissance de Linux ?","Le compilateur gcc de la Free Software Foundation."
"Quel apport de BSD retrouve-t-on dans Linux ?","De nombreux utilitaires et surtout les démons et commandes réseau les plus utilisés proviennent de portages de programmes BSD."
"À quel standard Linux a-t-il été reconnu conforme ?","Au standard POSIX (.1 et .2), grâce aux efforts de la société Lasermoon."
"Cite trois Unix commerciaux historiques et leur éditeur.","AIX (IBM, base System V, processeurs POWER), HP-UX (HP, PA-RISC puis Itanium), Solaris (Sun puis Oracle, SPARC et x86)."
"Qu'est-ce que l'ODM d'AIX ?","Object Data Manager : une base de données système orientée objet, fournie en standard, qui stocke les caractéristiques et la configuration des ressources de la machine."
"Comment s'appellent les interfaces d'administration pseudo-graphiques d'AIX et de HP-UX ?","smit pour AIX, SAM pour HP-UX."
"Quel format de paquets utilisent Red Hat, Fedora, CentOS, SuSE et Mandriva ?","Le format rpm (paquets binaires) et srpm (sources)."
"Quel format de paquets utilisent Debian et Ubuntu ?","Le format deb."
"Quelle distribution est la plus proche de l'esprit GNU et non commerciale ?","Debian, projet animé par des volontaires ; Ubuntu en est un dérivé, commandité par la société Canonical."
"Qu'apporte la série de noyaux Linux 2.4 ?","Support multiprocesseurs, davantage de RAM (jusqu'à 64 Go), génération 3 du support réseau (filtrage, QoS) et systèmes de fichiers journalisés (ext3, reiserfs, xfs, jfs)."
"Qu'introduit la série de noyaux Linux 2.6 ?","Noyau préemptible, nouvel ordonnanceur, meilleur multithreading, support des processeurs 64 bits, ext3 avec ACL et attributs étendus, NFSv4, ext4."
"Qu'apporte la série de noyaux Linux 4.x en matière de mise à jour ?","La mise à jour du noyau à la volée (livepatch), sans redémarrer l'ordinateur ni interrompre complètement les services."
"Quelle est la particularité de la distribution Gentoo ?","Elle permet un système sur mesure via un système de « ports » qui compile et installe les applications ; c'est la plus proche de l'esprit BSD."
"Sur quoi Unix a-t-il historiquement fondé sa force ?","Sur des modalités d'accès simples et robustes en ligne de commande, plutôt que sur le tout-graphique et le clic souris."
"Qu'est-ce qu'un terminal (ou émulateur de terminal) sous Unix ?","Une fenêtre dans laquelle s'exécute un shell qui affiche un prompt : c'est la base de ce type de système d'exploitation."
"Qu'est-ce qu'une console virtuelle ?","Un client léger qui simule un terminal passif physique (comme le VT100 de DEC) ; Unix peut en ouvrir plusieurs, permettant à plusieurs utilisateurs de se connecter."
"Quelle variable d'environnement indique le type de terminal utilisé ?","La variable TERM."
"Pourquoi Telnet est-il une faille de sécurité importante ?","Le couple login/mot de passe et toutes les informations circulent en clair sur le réseau."
"Que faut-il préférer à Telnet et pourquoi ?","SSH : il chiffre les données dans un tunnel pour la connexion et la prise en main à distance."
"Quelles sont les deux catégories de personnes sur un système Unix/Linux ?","L'utilisateur (le système est un outil, droits limités) et l'administrateur système (installation, configuration, bon fonctionnement, tous les droits)."
"Comment s'appelle le super-utilisateur Unix et quels sont ses droits ?","root : il a tous les droits sur le système ; on limite volontairement le nombre d'administrateurs."
"Cite quatre missions principales dévolues à un système d'exploitation Unix.","Mise à disposition des ressources matérielles, partage équitable de ces ressources entre utilisateurs (multi-utilisateurs), gestion de la mémoire, gestion des fichiers."
"Comment un processus accède-t-il à une ressource matérielle sous Unix ?","Jamais directement : il passe par un fichier spécial (le fichier spécial du périphérique), vu comme un fichier classique."
"Que désigne « mémoire » dans le vocabulaire Unix/Linux ?","La mémoire volatile (RAM), par convention ; la mémoire statique correspond au disque dur."
"Différence entre multitâche préemptif et non préemptif ?","Préemptif : l'OS détermine quand un processus a eu assez de temps CPU. Non préemptif : le processus décide lui-même quand il a eu assez de temps CPU."
"Qu'est-ce que le noyau (kernel) ?","Un ensemble de programmes et sous-programmes, cœur de l'OS ; les processus y font appel (appels système) pour accéder aux ressources matérielles."
"Quelles sont les deux composantes principales du noyau ?","Le gestionnaire de processus (scheduler) et le système de gestion de fichiers (qui gère notamment les droits d'accès)."
"Qu'est-ce que le shell ?","L'interpréteur de commandes : il interprète les commandes de l'utilisateur avant de les transmettre au noyau ; c'est la porte d'entrée vers les ressources du système."
"Qu'est-ce que le Bourne Shell (sh) ?","Le premier shell historique (Steven Bourne, 1979), shell de base à possibilités limitées ; certaines commandes d'administration en dépendent ; toujours disponible pour la compatibilité."
"Qu'est-ce que bash (Bourne Again Shell) ?","Le shell standard GNU, sur-ensemble du Bourne Shell (compatible avec sh) ; shell par défaut de l'utilisateur courant sous Linux."
"Qu'est-ce que le C-Shell (csh) ?","Un shell dont la syntaxe ressemble au langage C, considéré comme le premier shell alternatif au Bourne Shell (variante tcsh)."
"Qu'est-ce que le Korn Shell (ksh) ?","Un shell de la fin des années 1980 réalisant une synthèse du Bourne Shell et du C shell, avec de nombreuses fonctions facilitant la prise en main."
"Que contient le fichier /etc/shells ?","La liste des shells connus du système (par exemple /bin/bash, /bin/sh, /bin/tcsh, /bin/csh)."
"Quel est le seul éditeur de texte standard sous Unix/Linux ?","vi (Visual interface) : il fonctionne sur tout terminal texte et sur tout Unix."
"Quels sont les deux modes de fonctionnement de vi ?","Le mode commande/édition (commandes à appliquer au texte) et le mode insertion (saisie du texte) ; on bascule avec la touche ESC."
"Qu'est-ce qu'emacs ?","Un éditeur très puissant (fin des années 70, GNU Emacs de R. Stallman), en réalité un environnement de travail complet (édition, programmation, mail, shell), avec un long apprentissage."
"Cite cinq missions principales de l'administrateur système.","Gérer les comptes utilisateurs, assister et éduquer les utilisateurs, gérer les logiciels, gérer le matériel, assurer la sécurité (sauvegardes, contrôle d'accès) ; aussi vérifier l'adéquation du matériel et la maintenance de premier niveau."
"Où sont le plus souvent situés les fichiers de configuration sous Unix ?","Dans le répertoire /etc (ex. /etc/hosts pour les noms de machines connus par le réseau, /etc/group pour les groupes d'utilisateurs)."
"Sur quels utilitaires puissants s'appuie souvent le scripting shell ?","grep, sed et awk, ainsi que find et les commandes de tri et de manipulation de fichiers, souvent enchaînés dans des tubes (pipes)."
"Que fait la commande man et comment est organisée sa documentation ?","Elle affiche le mode d'emploi d'une commande ; documentation en 3 volumes (utilisation, administration, programmeur) et 4 sections par page (nom, synopsis, description avec options, voir aussi)."
"Que permet la commande find ?","Chercher des fichiers selon des critères (name, type, user, group, size, atime, mtime, perm, links) et éventuellement exécuter une action dessus avec -exec."
"Quel démon gère les journaux système et applicatifs sous Unix ?","syslogd ; les journaux sont organisés selon /var/log/<application>/<type_de_journaux>."
"À quoi servent cron et la crontab ?","cron est le démon d'exécution périodique de programmes et de scripts ; la crontab est la table des tâches planifiées, utile pour analyser l'activité du système."
"Que désigne le terme « bootstrapping » ?","L'ensemble des processus de démarrage d'un système Unix/Linux : le noyau est monté en mémoire et commence à s'exécuter, suivi de nombreuses phases d'initialisation."
"Pourquoi la période de bootstrapping est-elle qualifiée de cruciale et vulnérable ?","Une erreur de configuration, un équipement manquant ou un système de fichiers endommagé peuvent empêcher le démarrage du système."
"Cite les grandes phases d'un bootstrapping classique (étape BIOS mise à part).","Lecture du boot loader depuis le MBR, chargement et initialisation du noyau, détection et configuration des périphériques, création des processus du noyau, intervention de l'administrateur si mode single-user, exécution des scripts de démarrage."
"Qu'est-ce que le moniteur (boot code) ?","Un programme stocké en mémoire non volatile (ROM, PROM, EEPROM, FLASH) qui sait quand et comment démarrer le noyau, vérifie le matériel et initie le processus de démarrage."
"Qu'est-ce que le MBR (Master Boot Record) ?","Les 512 premiers octets du périphérique de démarrage ; il contient un programme indiquant à partir de quelle partition lire le boot loader."
"Qu'est-ce qu'un boot loader et quel est l'exemple type sur PC ?","Le programme qui charge le noyau (souvent en deux étages) ; sur PC pour Unix/Linux, l'exemple type est GRUB (Grand Unified Boot Loader), développé par le projet GNU."
"Quelle différence entre GRUB Legacy (GRUB 1) et GRUB 2 ?","GRUB 2 est une réécriture totale, plus modulaire et portable, reconnaissant plus de systèmes de fichiers dès le démarrage ; sa syntaxe et sa configuration diffèrent (fichier à générer)."
"Où GRUB Legacy lit-il sa configuration ?","Dans /boot/grub/menu.lst ou /boot/grub/grub.conf (grub.conf pour Red Hat ; menu.lst pour Solaris, SUSE, Debian/Ubuntu)."
"Que signifient default et timeout dans une configuration GRUB ?","default : entrée démarrée par défaut ; timeout : délai en secondes laissé à l'utilisateur pour choisir avant le démarrage automatique."
"Que désigne (hd0,0) dans GRUB ?","La première partition (0) du premier disque (hd0) reconnu par le BIOS."
"Cite des options de noyau passées par GRUB.","acpi=off (désactive l'ACPI), init=/bin/bash (démarre seulement bash), root=/dev/... (partition racine), single (mode single-user)."
"Comment configure-t-on un multiboot avec GRUB et Windows ?","GRUB doit être placé avant le boot loader Windows (qui ne reconnaît pas Unix/Linux) ; on utilise chainloader +1 pour charger le boot loader Windows et rootnoverify pour ne pas monter la partition."
"Quels PID portent init et sched ?","init a toujours le PID 1 ; sur les Unix, sched a en principe le PID 0 (non visible sous Linux, qui affiche plutôt kthreadd)."
"Que sont les processus « spontanés » créés par le noyau ?","Des processus créés directement par le noyau sans passer par les techniques standard de fork ; ils ont des PID bas et apparaissent entre crochets dans la sortie de ps."
"Que font kjournald, kswapd, ksoftirqd et khubd ?","kjournald : mises à jour des journaux du système de fichiers ; kswapd : opérations de swap quand la mémoire manque ; ksoftirqd : interruptions système ; khubd : configuration des périphériques USB."
"Quelle commande affiche les messages du noyau (inventaire matériel) ?","dmesg."
"Qu'est-ce que le mode single-user (recovery / maintenance) ?","Un mode qui charge la console sans monter tous les périphériques ni activer le réseau ; il faut être présent en salle machine ; utile pour consulter les logs et modifier des fichiers de configuration."
"Comment repasser un système déjà démarré en mode single-user ?","Avec les commandes shutdown ou telinit (par exemple telinit S ou telinit 1)."
"Que faire si /etc est monté en lecture seule en mode single-user ?","Remonter le système de fichiers racine en lecture-écriture : mount -o rw,remount /"
"Que fait la commande fsck ?","Elle vérifie et répare un système de fichiers endommagé ; lancée automatiquement au boot normal, elle doit souvent être exécutée à la main en mode single-user."
"Quelles sont les quatre grandes étapes des scripts rc au démarrage ?","Réveiller le système (fsck, montage via /etc/fstab, activation du swap, nettoyage de /tmp), configurer le système (réseau, cron, syslog), lancer les services (FTP, mail, web), donner la main aux multi-utilisateurs (getty ou startX)."
"Combien de niveaux d'exécution init définit-il et que représentent-ils ?","Au moins 7 : niveau 0 = arrêt complet ; 1 ou S = single-user/maintenance ; 2 à 5 = niveaux avec services réseau ; 6 = redémarrage (reboot)."
"Quel niveau d'exécution correspond à l'affichage graphique sous Linux ?","Le niveau 5 (serveur X) ; le niveau par défaut d'un serveur est souvent 2 ou 3."
"Quel fichier décrit ce qu'effectue chaque niveau d'exécution ?","/etc/inittab ; la commande telinit permet de changer de niveau (telinit 3), l'option -q fait relire inittab."
"Comment sont organisés les scripts d'init classiques (System V) ?","Les scripts sont dans /etc/init.d et des liens symboliques dans /etc/rc0.d, /etc/rc1.d... nommés Snn<service> (Start) ou Knn<service> (Kill), exécutés dans l'ordre croissant des numéros au démarrage, décroissant à l'arrêt."
"Que fait la commande chkconfig (Red Hat, SUSE) ?","Elle ajoute ou retire un script de démarrage d'un ou de tous les niveaux d'exécution, et liste les services par niveau."
"Qu'est-ce que systemd et qu'apporte-t-il ?","Un gestionnaire de système et de services pour Linux (remplaçant de sysvinit) : gestion des dépendances, démarrage parallèle et à la demande des services, suivi des processus par cgroups, moins d'appels aux scripts shell ; commande systemctl."
"Qu'est-ce qu'Upstart ?","Le démon de démarrage introduit par Ubuntu en 2007, fonctionnant par événements (ajout de périphérique, câble réseau...) plutôt que par une séquence de scripts ; configuration dans /etc/init ; abandonné au profit de systemd."
"Comment AIX démarre-t-il ?","Le script /sbin/rc.boot (écrit en ksh) s'exécute en 3 phases : initialisation du matériel, montage des systèmes de fichiers, démarrage de /etc/init décrit par /etc/inittab ; commandes mkitab, chitab, lsitab, rmitab."
"Qu'est-ce que SMF (Service Management Facility) de Solaris ?","Le mécanisme moderne de démarrage de Solaris : chaque service est identifié par un FMRI et configuré par des manifests XML ; commandes svcs (statut) et svcadm (changer le statut) ; les milestones remplacent les niveaux d'exécution."
"Quel est le principe fondateur des systèmes Unix/Linux concernant les fichiers ?","« Tout est fichier » : fichiers texte, fichiers de configuration, processus, périphériques (disques, imprimantes...) sont tous manipulés comme des fichiers."
"Qu'est-ce qu'une inode (i-nœud) ?","Une structure de données sur le disque qui décrit et stocke tous les attributs d'un fichier (propriétaire, taille, type, droits, dates, adressage des blocs) sauf son nom."
"Qu'est-ce qu'un répertoire du point de vue du système ?","Un fichier (identifié par une inode) contenant une table de correspondance entre des noms de fichiers et des numéros d'inode."
"Une inode est-elle unique sur tout le système ?","Non : elle n'est unique qu'au sein d'une même partition ; le système manipule les objets via le couple (disque, inode)."
"Comment une inode adresse-t-elle les blocs de données d'un fichier ?","Elle contient les numéros des 10 premiers blocs (directs), puis un bloc d'indirection simple, un double et un triple pour les fichiers plus gros."
"Quelle est la longueur maximale d'un nom de fichier sous Unix ?","255 caractères ; la casse est significative et certains caractères sont interdits (/, espace, *, parenthèses)."
"Différence entre chemin absolu et chemin relatif ?","Absolu : part de la racine / et identifie complètement le fichier. Relatif : part du répertoire courant (. = courant, .. = parent)."
"Quels sont les trois types de fichiers classiques ?","Le fichier normal (ou régulier), le répertoire (catalogue) et les fichiers spéciaux."
"Qu'est-ce qu'un fichier spécial ?","Un fichier associé à un dispositif d'entrée-sortie (disque, terminal, imprimante, carte réseau...) ; son inode ne contient pas d'adresses de blocs mais l'identification du pilote et du périphérique."
"Différence entre fichier spécial en mode caractère et en mode bloc ?","Mode caractère : E/S caractère par caractère, sans tampon (clavier, écran, imprimante). Mode bloc : E/S bloc par bloc via un buffer (disques, bandes)."
"À quoi servent les numéros majeur et mineur d'un fichier périphérique ?","Le numéro majeur identifie le pilote (et le contrôleur) ; le numéro mineur identifie le périphérique précis ou une de ses particularités (partition, emplacement, numéro de carte)."
"Différence entre lien dur (physique) et lien symbolique ?","Le lien dur partage l'inode du fichier cible (pas d'inode propre, impossible entre partitions). Le lien symbolique a sa propre inode et pointe vers un chemin (devient « cassé » si la cible disparaît)."
"Qu'est-ce qu'un tube nommé (FIFO) ?","Un fichier spécial portant un nom dans l'arborescence, permettant une communication entre processus en flot continu d'octets, premier entré premier sorti ; la lecture y est destructive."
"Différence entre une socket et un tube ?","La socket (apparue sous BSD) permet une communication bidirectionnelle et entre processus sur des machines distantes ; le tube est unidirectionnel et local."
"Qu'est-ce qu'un pseudo-terminal ?","Une paire de périphériques caractère virtuels formant un canal bidirectionnel (extrémité maître et extrémité esclave, cette dernière se comportant comme un terminal) ; commande tty, ex. /dev/pts/1."
"Que contiennent /bin et /sbin ?","Les binaires système primordiaux utilisés pendant le boot, sur la même partition que / pour être disponibles avant le montage des autres partitions (/sbin : binaires d'administration)."
"Que contient /etc ?","Les fichiers de configuration des utilitaires primordiaux (passwd, group, hosts, fstab, inittab, resolv.conf, syslog.conf...)."
"Que contient /dev ?","Les fichiers spéciaux permettant d'accéder aux ressources physiques (disques, RAM...) ; organisation « en vrac » (Linux, FreeBSD) ou structurée en sous-répertoires (Solaris, HP-UX)."
"Différence entre /tmp et /var/tmp ?","/tmp est en principe vidé au démarrage de la machine ; /var/tmp ne l'est pas."
"Que contient /proc (apport Linux) ?","Une représentation sous forme de fichiers et répertoires virtuels d'informations sur les processus, le matériel et le noyau."
"Qu'est-ce que le système de fichiers de type System V (s5fs) ?","Le premier modèle Unix, avec de petits blocs (1 ou 2 ko) ; métadonnées : boot block, super block (élément critique), i-list, data blocks ; aujourd'hui dépassé."
"Qu'apporte le FFS (Fast File System) de Berkeley ?","Des blocs plus grands (jusqu'à 64 ko) avec des fragments, un super bloc répliqué et des inodes répartis dans des groupes de cylindres pour améliorer fiabilité et récupération ; devenu la norme UFS. Inconvénient : fsck très long."
"Qu'apporte la journalisation (VxFS, JFS, ext3) ?","Un journal de transactions enregistrant les changements des métadonnées, permettant une restauration rapide et cohérente après un crash au lieu d'un long fsck."
"Qu'est-ce que ZFS et quelle est sa particularité ?","Un système de fichiers apparu en 2005 sous Solaris, premier système 128 bits ; auto-réparation avec disques redondants, RAID 0/1/5/6 intégré, compression à la volée, snapshots."
"Qu'est-ce qu'un « extent » dans ext4 ?","Une plage de blocs consécutifs sur le disque réservée à un fichier, remplaçant l'adressage indirect de blocs d'ext3 : moins de fragmentation, meilleures performances sur gros fichiers, fsck plus rapide."
"Quelles sont les tailles maximales d'ext4 (fichier et système de fichiers) ?","Fichier jusqu'à 16 To ; système de fichiers jusqu'à 1 exaoctet (1024 pétaoctets), grâce à un nombre de blocs sur 48 bits."
"Quel est le principal risque d'ext4 par rapport à ext3 ?","La perte de données due à l'allocation différée (allocate-on-flush) : ext4 peut retarder l'écriture jusqu'à 60 secondes (5 s pour ext3), donc davantage de données perdues en cas de crash."
"Qu'est-ce que btrfs ?","Le « B-tree File System » (Oracle, GPL), système 64 bits reprenant des concepts de ZFS : sous-volumes, snapshots par copie sur écriture (copy-on-write), checksums sur données et métadonnées, redimensionnement à chaud, compression."
"Qu'est-ce que F2FS et à quoi est-il destiné ?","Flash-Friendly File System (Samsung), système de fichiers open source pour mémoire flash NAND (cartes SD, SSD, eMMC), intégré au noyau Linux 3.8 en 2012."
"Qu'est-ce qu'un point de montage ?","Le répertoire de l'arborescence auquel on raccorde (greffe) une partition ; monter sur un répertoire non vide fait perdre l'accès à son contenu ; la racine / ne peut jamais être démontée."
"Que produit le formatage de bas niveau d'un disque ?","La division de la surface des plateaux en pistes, secteurs et cylindres ; il précède le partitionnement, lui-même précédant le formatage logique."
"Pourquoi partitionner un disque en systèmes de fichiers ?","Pour cloisonner les utilisateurs (et les problèmes), faciliter les sauvegardes, limiter l'expansion de certains utilisateurs, faciliter l'usage de NFS."
"Où sont stockées les informations de partitionnement d'un disque ?","Dans une zone du disque appelée disk label : caractéristiques physiques du disque, paramètres de partitionnement, secteurs défectueux."
"Quelles sont les quatre grandes étapes d'ajout d'un disque à un système Unix ?","Préparation et connexion du disque ; formatage et partitionnement ; création et vérification du nouveau système de fichiers (mkfs, fsck) ; montage (mount) et mise à jour de /etc/fstab."
"Que signifie la convention de nommage /dev/rdsk/c0t4d0s0 (Solaris, HP-UX) ?","c = contrôleur, t = identifiant SCSI (target), d = disque, s = numéro de partition (slice)."
"À quoi servent les commandes mknod, mkfs et fsck ?","mknod crée un fichier spécial (mode c ou b, majeur, mineur) ; mkfs crée un système de fichiers sur une partition ; fsck vérifie la cohérence d'un système de fichiers."
"Qu'est-ce qu'un gestionnaire de volumes logiques (LVM / GVL) ?","Un mécanisme qui initialise les disques en volumes physiques, les regroupe en groupes de volumes, puis les découpe en volumes logiques sur lesquels on crée des systèmes de fichiers extensibles, s'affranchissant de la limite « un SF par disque »."
"Qu'est-ce que l'entrelacement (striping) de disques ?","La combinaison de plusieurs disques physiques en un seul disque logique où les E/S sont réparties et effectuées en parallèle, pour augmenter les performances."
"Qu'est-ce que la technologie RAID ?","Redundant Array of Inexpensive Disks : un ensemble de disques gérés par un contrôleur spécialisé, capable d'encaisser la panne d'au moins un disque en reconstruisant les données à partir des autres."
"Principe et limite du RAID 0 (striping) ?","Les données sont réparties par bandes sur tous les disques : forte vitesse de transfert et E/S en parallèle, mais aucune redondance (la panne d'un disque perd toutes les données) ; minimum 2 disques."
"Principe du RAID 1 (mirroring) ?","Duplication de l'information sur plusieurs disques : sécurité élevée et lecture plus rapide, mais seulement 50 % de la capacité utilisable et coût élevé ; minimum 2 disques."
"Principe du RAID 5 ?","Données et parité réparties sur l'ensemble des disques : performances proches du RAID 0 avec tolérance de panne élevée ; espace utile = n-1 disques ; minimum 3 disques."
"Principe du RAID 6 ?","Deux fonctions de parité stockées sur deux disques dédiés : tolère la panne simultanée de deux disques ; minimum 4 disques."
"Pourquoi préfère-t-on le RAID 10 au RAID 01 ?","Performances identiques, mais le RAID 10 (miroirs agrégés) tolère la perte de bien plus de disques que le RAID 01 (agrégats mis en miroir)."
"Quels sont les trois critères de choix d'une solution RAID ?","La sécurité (méthode de reconstruction), les performances (RAID 1 meilleur en lecture, moins bon en écriture intensive) et le coût (RAID 5 : 80-90 % de volume utile ; RAID 1 : 50 %)."
"Comment savoir quel shell est actuellement utilisé ?","echo $SHELL donne le shell par défaut ; echo $0 ou ps -p $$ donnent le shell courant réel (utile si l'on a changé de shell)."
"Combien de consoles virtuelles trouve-t-on souvent sous Linux et comment y accéder ?","7 : 6 en mode texte et 1 graphique ; accès par Ctrl+Alt+F suivi du numéro de la console."
"Différence entre commande interne et commande externe ?","Interne (primitive du shell, ex. cd) : intégrée au shell. Externe (ex. less) : exécutable situé dans un répertoire du PATH. La commande type l'indique."
"Quelle est la syntaxe générale d'une commande Unix ?","commande -options argument1 argument2... ; les options sont précédées d'un tiret, -h ou --help affiche l'aide."
"Que fait « & » à la fin d'une commande ?","Il lance l'application en tâche de fond (background)."
"Que renvoie la commande id ?","L'UID, le GID et les groupes de l'utilisateur (avec leurs droits associés) ; whoami ne renvoie que le nom."
"Que fait la commande which ?","Elle affiche le chemin, dans l'arborescence, de l'exécutable d'une commande, trouvé via le PATH."
"Que contiennent $PATH, $PWD et $OLDPWD ?","$PATH : liste des répertoires où chercher les exécutables ; $PWD : répertoire courant ; $OLDPWD : dernier répertoire visité."
"Différence entre clear et reset ?","clear efface l'écran et revient en haut ; reset efface aussi le buffer de l'écran (l'historique de défilement)."
"Comment ré-exécuter la 310e commande de l'historique ?","!310 ; la commande history affiche l'historique, stocké dans ~/.bash_history."
"Que permet Ctrl+R dans bash ?","Rechercher dans l'historique des commandes par mot-clé ; la touche Tab complète les commandes et les chemins."
"En combien de sections est structuré le manuel man ?","9 (ou 10) : 1 commandes utilisateur, 2 appels système, 3 bibliothèque C, 4 fichiers spéciaux, 5 formats de fichiers, 6 jeux, 7 divers, 8 commandes d'administration, 9 routines du noyau."
"Que fait man -k (apropos) ?","Il recherche par mot-clé dans les descriptions de commandes ; man -f (whatis) donne une description succincte d'une commande."
"Comment obtenir une version PostScript imprimable d'une page de manuel ?","man -t commande | lpr."
"Que fait la commande find et cite plusieurs critères ?","Elle recherche des fichiers et peut exécuter une action ; critères : -name, -type, -user, -group, -size, -atime, -mtime, -perm, -links."
"Quelles actions find peut-il exécuter sur les fichiers trouvés ?","-print (affiche le chemin), -ls (liste détaillée), -exec cmd {} \\; (exécute une commande), -ok cmd (demande confirmation)."
"Que fait la commande locate et sur quoi s'appuie-t-elle ?","Elle recherche rapidement le chemin d'un fichier via une base de données (locatedb) mise à jour périodiquement par updatedb (tâche cron)."
"Comment suivre en temps réel les dernières lignes d'un journal ?","tail -f /var/log/syslog ; tail -200 pour les 200 dernières lignes."
"Quelle est la syntaxe d'une ligne de crontab ?","mm hh jj MMM JJJ commande [> log] — minutes (0-59), heure (0-23), jour du mois (1-31), mois (1-12), jour de la semaine (0 = dimanche)."
"Que signifient les notations *, 2-4, */5 et 2,8 dans une crontab ?","* : chaque unité de temps ; 2-4 : les unités 2 à 4 ; */5 : toutes les 5 unités ; 2,8 : les unités 2 et 8."
"Comment éditer et lister la table cron d'un utilisateur ?","crontab -e pour éditer, crontab -l pour lister."
"Que fait la commande dmesg ?","Elle affiche les messages du noyau au démarrage, notamment les informations sur le matériel détecté."
"Cite les principaux usages de la commande cd.","cd (retour au home), cd ~ (home, scriptable), cd / (racine), cd .. (niveau supérieur), cd chemin absolu (commence par /) ou relatif."
"Que révèle la première lettre de « ls -l » ?","Le type du fichier : - fichier ordinaire, d répertoire, l lien symbolique, s socket, b ou c fichier spécial bloc ou caractère."
"À quoi servent les options -t, -r et -i de ls ?","-t trie par date (plus récent d'abord), -r inverse le tri, -i affiche le numéro d'inode de chaque fichier."
"Que fait « df -i » ?","Elle affiche le nombre d'inodes utilisées et libres par système de fichiers (df sans -i affiche l'espace disque)."
"Différence entre > et >> en redirection de sortie ?","> crée le fichier ou écrase son contenu ; >> ajoute (append) les données à la fin du fichier."
"Différence entre ;, && et || pour enchaîner des commandes ?","; enchaîne sans condition ; && exécute la 2e seulement si la 1re a réussi ; || exécute la 2e seulement si la 1re a échoué. echo $? donne le code retour (0 = succès)."
"Que fait le pipe « | » ?","Il redirige la sortie standard d'une commande vers l'entrée standard de la suivante (ex. cat f1 f2 | sort | grep 3)."
"Que fait « mount -a » au démarrage ?","Elle monte automatiquement tous les volumes listés dans /etc/fstab (ou /etc/vfstab sous Solaris)."
"Cite les 6 champs du fichier /etc/vfstab (Solaris).","Fichier spécial, point de montage, type de système de fichiers, options de montage, champ utilisé par dump, numéro d'ordre pour fsck."
"Pourquoi umount échoue-t-il avec « Device busy » et quel outil aide ?","Une commande s'exécute dans la partition, des fichiers y sont ouverts ou le répertoire courant s'y trouve ; la commande fuser identifie les processus concernés."
"Quelles sont les 5 phases de vérification de fsck ?","Phase 1 blocs et tailles, phase 2 chemins d'accès, phase 3 connectivité, phase 4 compteurs de références, phase 5 groupes de cylindres ; options -y, -n, -p."
"Quelle règle importante pour fsck ?","Ne jamais lancer fsck sur une partition montée ou active (risque d'instabilité) ; le faire en mode single-user, et redémarrer sans sauvegarder le buffer cache après un fsck sur /."
"Comment agrandir un volume logique LVM et son système de fichiers ?","pvcreate le nouveau disque, vgextend le groupe de volumes, lvextend -L +taille le volume logique, puis resize2fs pour agrandir le système de fichiers ext."
"Que préfixe-t-on aux commandes LVM selon le niveau d'abstraction ?","pv (volumes physiques), vg (groupes de volumes), lv (volumes logiques), lvm (tout le système LVM)."
"Quand est sorti Windows Server 2008 et quelle est sa version R2 ?","Windows Server 2008 : février 2008. Windows Server 2008 R2 : octobre 2009 ; c'est le premier Windows disponible uniquement en 64 bits."
"Quelle est la première version de Windows pour serveur ?","Windows NT (la première version de Windows, en 1985, était pour poste de travail) ; puis Windows NT 3.1 en juin 1993."
"Cite les cinq éditions principales de Windows Server 2008.","Standard, Enterprise, Datacenter, Web et Itanium (Itanium uniquement en 64 bits ; les quatre autres en 32 et 64 bits)."
"Quelles sont les limites de l'édition Standard ?","4 processeurs physiques, 32 Go de RAM, 1 machine virtuelle plus l'hôte."
"Qu'apporte l'édition Enterprise par rapport à Standard ?","8 processeurs, 2 To de RAM, 4 machines virtuelles, ajout de mémoire à chaud, DFS-R, ADFS, AD Certificate Services, Failover Clustering."
"Quelles sont les capacités de l'édition Datacenter ?","64 processeurs physiques, 2 To de RAM, droits de virtualisation illimités, ajout/remplacement à chaud de mémoire et de processeurs, Failover Clustering."
"À quoi se limite l'édition Web de Windows Server 2008 ?","Aux rôles Web (IIS) et DNS uniquement ; 4 processeurs, 32 Go de RAM."
"Quelles sont les limites de l'édition Foundation ?","1 processeur physique 64 bits, 15 utilisateurs maximum, 8 Go de RAM ; vendue uniquement préinstallée."
"Qu'est-ce que l'installation Server Core ?","Une installation minimale : même noyau que l'installation complète, mais utilisable uniquement en ligne de commande (pas d'interface graphique, ni navigateur, ni panneau de configuration) ; environ 2 Go de disque, 512 Mo de RAM."
"Sur quels trois fondamentaux s'appuie l'architecture de Windows Server 2008 ?","La sécurité, la virtualisation et le Web ; son noyau résulte d'une fusion du noyau de Windows Vista avec le nouveau code."
"Quelles sont les deux couches principales de l'architecture de Windows Server 2008 ?","Le mode utilisateur (sous-systèmes, applications, priorité basse, pas d'accès direct aux ressources) et le mode noyau (accès direct aux données système et au matériel, zone mémoire protégée)."
"Que regroupe le mode exécutif (Executive) ?","Les composants qui s'exécutent en mode noyau, prioritaires sur le processeur : gestion de la mémoire, ordonnancement des processus, communication avec les périphériques."
"Différence entre sous-systèmes intégraux et environnementaux ?","Intégraux : fonctions essentielles de l'OS (sécurité, service poste de travail, service serveur). Environnementaux : émulent d'autres systèmes d'exploitation pour exécuter leurs applications via leurs API."
"Cite des composants de l'ensemble Executive (mode noyau).","Gestionnaire d'entrées/sorties, moniteur de sécurité, gestionnaire IPC, gestionnaire de mémoire virtuelle (VMM), gestionnaire de processus, gestionnaire Plug and Play, gestionnaire d'alimentation, GDI, gestionnaire d'objets."
"Qu'est-ce que la couche d'abstraction du matériel (HAL) ?","Une bibliothèque de liens dynamiques contenant le code matériel spécifique qui gère les interfaces d'E/S, les contrôleurs d'interruption et la communication multiprocesseur."
"Qu'est-ce que l'architecture WDM (Windows Driver Model) ?","Un modèle de pilotes en mode noyau, petits composants modulaires (routines standard + internes) qui réduisent le code nécessaire à l'écriture des pilotes spécifiques."
"Qu'est-ce qu'un rôle serveur sous Windows Server 2008 ?","Il définit la fonction qu'aura le serveur après installation ; plusieurs rôles peuvent être attribués à un serveur ; un rôle peut être prédéfini par Microsoft ou défini par l'administrateur (rôle applicatif)."
"Quelles sont les quatre informations demandées lors d'une installation manuelle de Windows Server 2008 ?","La langue et les paramètres régionaux, le numéro de licence, l'acceptation du contrat de licence, le disque ou la partition d'installation ; le reste est reporté à la configuration initiale."
"Quel format d'image Windows Server 2008 utilise-t-il pour l'installation ?","Le format WIM (Windows Imaging Format), qui remplace l'installation traditionnelle fichier par fichier et accélère le processus."
"Combien de temps a-t-on pour activer Windows Server 2008 et comment prolonger ce délai ?","60 jours de période de grâce ; la commande slmgr -rearm permet de prolonger 3 fois (soit 240 jours)."
"Pourquoi Microsoft recommande-t-il une nouvelle installation plutôt qu'une mise à jour vers Windows Server 2008 ?","La mise à jour impose de reconfigurer la plupart des services et le fonctionnement interne peut être totalement différent : risque élevé d'incompatibilité ; les mises à niveau 32↔64 bits et Core↔complète ne sont pas prises en charge."
"Quels systèmes de fichiers Windows Server 2008 prend-il en charge ?","NTFS (privilégié), FAT32 et FAT (FAT16, ancien, rare)."
"Cite quatre avantages de NTFS par rapport à FAT32.","Correction automatique de certaines erreurs de disque, prise en charge des grands disques, sécurité (autorisations et chiffrement EFS), compression et indexation ; liens mis à jour lors d'un déplacement de volume."
"Quelles sont les limites de taille de FAT32 sous Windows Server 2008 ?","Partition de 32 Go maximum (dans cette version de Windows) et fichier de 4 Go maximum ; aucun mécanisme de sécurité."
"Dans quels cas faut-il utiliser FAT plutôt que NTFS ?","Lorsque des fichiers doivent être accessibles localement par des OS non compatibles NTFS, ou en configuration multiboot où la partition active primaire doit être reconnue de tous les systèmes."
"Qu'est-ce qu'une CAL (licence d'accès client) ?","Une licence requise pour chaque utilisateur ou périphérique accédant à Windows Server 2008, en plus de la licence du logiciel serveur lui-même."
"Différence entre CAL de poste de travail et CAL d'utilisateur ?","La CAL de poste de travail couvre un poste quel que soit l'utilisateur (économique si plusieurs utilisateurs par poste) ; la CAL d'utilisateur couvre un utilisateur depuis n'importe quel poste (intéressante pour les nomades)."
"Différence entre le mode de licence « Par utilisateur/Par périphérique » et « Par serveur » ?","Par utilisateur/périphérique : une CAL par utilisateur ou périphérique accédant à l'ensemble des serveurs (choix irréversible). Par serveur : une CAL par connexion simultanée à un serveur donné (un passage unique vers le mode par utilisateur/périphérique est autorisé)."
"Quels modèles de microprogramme le démarrage de Windows Server 2008 prend-il en charge ?","BIOS et UEFI (Unified Extended Firmware Interface)."
"Qu'est-ce que le magasin BCD et que remplace-t-il ?","Boot Configuration Data : le magasin de données de configuration de démarrage, qui remplace le fichier texte Boot.ini ; mieux sécurisé, multiplateforme, géré par l'utilitaire bcdedit.exe."
"Décris la séquence de démarrage de Windows Server 2008.","Mise sous tension, le CMOS charge le BIOS qui exécute le POST, lecture du MBR, chargement de bootmgr.exe (racine de la partition active) qui lit le magasin BCD, puis chargement de winload.exe (ou winresume si hibernation) qui charge les pilotes de boot et transfère le contrôle au noyau ntoskrnl.exe, enfin le shell affiche l'écran de connexion."
"Que sont Ntldr.exe et bootmgr.exe ?","Ntldr.exe était le chargeur des Windows antérieurs (2000/2003) ; bootmgr.exe est le nouveau gestionnaire de démarrage de Windows Server 2008, situé à la racine de la partition active."
"À quoi sert la « Dernière configuration valide connue » ?","À revenir à l'état du dernier démarrage réussi (registre) lorsqu'une modification, par exemple un pilote critique, provoque un écran bleu au redémarrage ; elle est écrasée dès qu'un utilisateur se connecte."
"Comment accéder aux options de démarrage avancées et que propose le mode sans échec ?","Appuyer sur F8 après le BIOS ; le mode sans échec lance l'OS avec les services et pilotes minimaux (VGA standard), en trois variantes : invite de commandes, bureau local sans réseau, bureau local avec réseau."
"Que fait l'option « Inscrire les événements de démarrage dans le journal » ?","Windows crée le fichier ntbtlog.txt listant tous les pilotes chargés au démarrage, y compris le dernier avant un problème."
"Comment restaurer le système d'exploitation ou le serveur complet de Windows Server 2008 ?","Avec le DVD d'installation (option « Réparer votre ordinateur » puis « Restauration de l'ordinateur Windows ») et une sauvegarde créée via la Sauvegarde de Windows Server."
"Qu'est-ce que la mémoire virtuelle sous Windows ?","Un système activé à la demande qui donne aux applications l'illusion d'une mémoire physique plus grande que la réalité ; seules les parties actives des programmes et des données sont en mémoire principale."
"Sur quelle notion repose le concept de mémoire virtuelle ?","La page : les programmes et les données sont segmentés automatiquement en blocs de longueur fixe, unités de traitement dont la situation physique (mémoire principale ou auxiliaire) est déterminée par le système."
"Comment la taille d'une mémoire virtuelle est-elle limitée ?","Uniquement par les capacités d'adressage du système, et non par la capacité réelle de la mémoire physique de la machine."
"Qu'est-ce que le swapping (échange) de pages ?","Le transfert des pages entre la mémoire principale et les mémoires auxiliaires : les pages nécessaires sont chargées à la demande, les pages inactives sont recouvertes."
"Comment est définie l'architecture d'un processeur (32 ou 64 bits) ?","Par la taille de ses registres généraux (GPR, General Purpose Registers)."
"Qui a sorti le premier processeur 64 bits pour PC sous Windows et quand ?","AMD, avec l'Athlon 64 en 2003, en conservant la compatibilité avec le noyau x86 32 bits."
"Quelle est la particularité de l'architecture Itanium (IA-64) d'Intel ?","Elle est entièrement 64 bits et totalement incompatible avec les architectures précédentes : elle nécessite son propre système d'exploitation et ses propres applications 64 bits."
"Qu'est-ce que la plate-forme x64 ?","Des processeurs (Intel EMT64, AMD64) basés sur des registres 32 bits avec extensions 64 bits, permettant de déployer un OS 32 ou 64 bits sur le même serveur."
"Un processeur 64 bits adresse-t-il réellement la mémoire sur 64 bits ?","Non : en pratique, l'adressage physique se fait sur 36 à 40 bits selon les processeurs (AMD K8/K10 : 40 bits soit 1 To ; Intel Core 2 : 36 bits)."
"Combien de mémoire physique Windows Server 2008 64 bits gère-t-il (édition serveur courante) ?","128 Go ; un Windows 64 bits n'exécute pas les programmes 16 bits et exécute les programmes 32 bits dans une couche de compatibilité."
"Qu'est-ce que l'environnement WoW64 ?","La couche de compatibilité de Windows x64 qui exécute les applications 32 bits nativement avec les registres 32 bits, avec un impact négligeable sur les performances."
"Comment évolue l'espace d'adressage d'une application selon l'architecture ?","32 bits : 2 Go par application (le noyau partage l'espace 32 bits). x64 : l'application 32 bits passe à 4 Go, l'application 64 bits dispose de 8 To (8 To pour le noyau également, adressage virtuel sur 43 bits)."
"À quoi sert l'indicateur /LARGEADDRESSAWARE ?","Il doit être spécifié au compilateur pour qu'une application 32 bits tire parti de l'espace d'adressage de 4 Go (mode PAE, Physical Address Extension) ; le commutateur /3GB n'est pas pris en charge en 64 bits."
"Quels sont les deux rôles principaux du gestionnaire de mémoire ?","Allouer l'espace mémoire virtuelle d'un processus et le traduire en mémoire physique ; paginer le contenu de la mémoire vers le disque quand elle est surengagée."
"Quelle est la taille standard d'une page mémoire ?","4096 octets (4 ko) ; il existe deux tailles selon l'architecture, petite et grande (la grande accélère la traduction d'adresses pour les données d'une même page)."
"Qui seul peut accéder directement à la mémoire physique ?","Le noyau : il fait le lien entre les pages de mémoire virtuelle vues par un processus et les pages physiques réelles ; chaque processus ne voit que son propre espace virtuel."
"Différence entre la pile (stack) et le tas (heap) d'un processus ?","La pile stocke temporairement les paramètres, variables locales et adresses de retour des fonctions (agrandie automatiquement par le noyau). Le tas sert à l'allocation dynamique (agrandi par la bibliothèque C, pas automatiquement)."
"Quelles sont les trois catégories de données mappées dans la mémoire virtuelle ?","Celles relatives au processus, celles relatives à la session, celles relatives au système."
"Que contient l'espace mémoire réservé au système sous Windows ?","L'image de l'OS, la HAL et les pilotes de démarrage, l'hyperspace, la Working Set List, le cache système, les réserves paginée et non paginée, les PTE système, les informations de crash et la mémoire HAL."
"Combien de réserves paginées un système possède-t-il ?","Deux sur un système monoprocesseur, quatre sur un système multiprocesseur ; plusieurs réserves réduisent la fréquence des blocages sur les appels simultanés."
"Différence entre réserve paginée et réserve non paginée ?","La réserve paginée peut être déplacée entre mémoire et disque ; la réserve non paginée reste garantie en permanence en mémoire physique et est accessible sans générer d'E/S de pages."
"Qu'est-ce que le TLB (Translation Look-aside Buffer) ?","Une mémoire associative (tampon des pages récemment utilisées) contenant des couples numéro de page virtuelle / numéro de page physique, pour accélérer la traduction d'adresses."
"Qu'est-ce que la pagination à la demande avec regroupement ?","Une page n'est chargée qu'au moment d'un défaut de page ; le gestionnaire charge alors la page demandée plus quelques pages voisines, ce qui diminue le nombre de défauts de page."
"Différence entre stratégie de placement et stratégie de remplacement ?","Placement : quand la mémoire physique n'est pas pleine, on alloue une case libre. Remplacement : quand elle est pleine, on désigne (selon FIFO local) la page à extraire pour faire de la place."
"Qu'est-ce que le jeu de pages de travail (working set) d'un processus ?","L'ensemble des pages physiques mémorisées pour un processus ; une taille minimale lui est attribuée à sa création, garantissant le nombre de pages dont il dispose."
"Quels sont les six états possibles d'une page physique ?","Valide (Valid), À zéro (Zeroed), Libre (Free), En attente (Standby), Modifié (Modified), Mauvais (Bad) ; les pages non utilisées sont chaînées dans cinq listes selon leur état."
"Que fait le thread « modified page writer » (unité d'écriture de pages modifiées) ?","Réveillé quand le nombre de pages à zéro, libres ou en attente passe sous un seuil, il écrit le contenu des pages modifiées sur le disque et les place dans la liste des pages en attente."
"Qu'impose le niveau de sécurité C2 concernant les pages ?","Les threads en mode utilisateur ne reçoivent que des pages physiques initialisées à zéro, afin qu'ils ne puissent pas lire le contenu de la mémoire d'un thread précédent."
"Qu'est-ce qu'un processus sous Windows ?","Une instance d'une application active (en cours d'exécution ou en attente) ; elle possède un processus racine (père) à partir duquel des processus fils peuvent être créés ; représenté par un block d'attributs."
"Où se situe le PEB (Process Environment Block) ?","Dans l'espace mémoire du processus, contrairement au block du processus et aux structures de données associées qui sont dans l'espace d'adressage système."
"Quelles opérations le noyau effectue-t-il lors d'un changement de contexte ?","Suspendre P0, mettre à jour son PCB, restaurer le PCB de P1, reconfigurer l'espace mémoire, reconfigurer la MMU (Memory Management Unit), démarrer P1."
"Qu'est-ce qu'un thread (tâche) sous Windows ?","Une entité programme exécutée au sein d'un processus ; un processus a besoin d'au moins un thread (principal) pour exécuter du code ; un thread possède des registres, deux tas (kernel et user mode), une zone TLS et un identifiant."
"Pourquoi les threads sont-ils appelés « processus légers » ?","Ils n'ont pas d'espace mémoire propre : ils utilisent celui du processus auquel ils sont attachés et en partagent les ressources (une pile est allouée à chaque thread)."
"Combien de niveaux de priorité préemptive Windows WIN32 gère-t-il et comment fonctionne l'ordonnancement ?","32 niveaux (0 le plus faible à 31 le plus fort) ; un thread actif préempte immédiatement tout thread de priorité inférieure ; entre threads de même priorité, ordonnancement en temps partagé (round robin)."
"Sur quoi la priorité préemptive est-elle implémentée : les threads ou les processus ?","Sur les threads ; ordonnancer le thread d'un processus revient à ordonnancer le processus. Combinée à une classe de priorité du processus (7 classes, fixée à la création)."
"Différence entre disque MBR et disque GPT ?","MBR : jusqu'à 4 To par volume, 4 partitions principales (ou 3 + 1 étendue avec lecteurs logiques). GPT : jusqu'à 18-28 Eo, 128 partitions, tables de partition primaire et de sauvegarde redondantes ; conseillé au-delà de 2 To."
"Quel style de partition les ordinateurs Itanium exigent-ils ?","Un disque GPT contenant une partition EFI (Extensible Firmware Interface) et les fichiers nécessaires au démarrage."
"Différence entre disque de base et disque dynamique ?","Disque de base : partitions principales/étendues, lecteurs logiques (volumes de base). Disque dynamique : volumes pouvant s'étendre sur plusieurs disques (agrégés, fractionnés) et volumes à tolérance de pannes (miroir, RAID-5)."
"Cite les cinq types de volumes dynamiques.","Simple, fractionné, agrégé par bandes, en miroir et RAID-5 ; les volumes en miroir et RAID-5 sont à tolérance de pannes. Jusqu'à 2000 volumes dynamiques (32 recommandés au maximum)."
"Sur quels supports les disques dynamiques ne sont-ils pas pris en charge ?","Les ordinateurs portables, les disques amovibles ou extractibles en USB ou IEEE 1394 (FireWire), et les disques sur bus SCSI partagés."
"Qu'est-ce qu'un cluster (unité d'allocation) ?","La plus petite unité de disque que le système d'exploitation peut gérer, constituée d'un ou plusieurs secteurs ; un fichier occupe un ou plusieurs clusters. Plus le cluster est grand, plus le gaspillage possible est important, mais moins il y a d'entités à gérer."
"Quel est le rôle d'un système de fichiers ?","Organiser et optimiser l'implantation des données sur les disques et mémoires externes ; le disque est un des goulets d'étranglement du système (temps d'accès en ms contre ns en mémoire)."
"Quels systèmes de fichiers Windows Server 2008 prend-il en charge ?","FAT, FAT32 et NTFS (NTFS est le système natif)."
"Qu'est-ce que le MBR (secteur de démarrage) et pourquoi est-il critique ?","Le secteur situé au cylindre 0, tête 0, secteur 1 : il contient la table des partitions, le code d'amorçage et les informations du disque (fabricant, numéro de série, octets par secteur...) ; sans lui le disque est inutilisable, d'où une cible privilégiée des virus."
"Qu'est-ce que la FAT (File Allocation Table) ?","Le cœur du système de fichiers FAT : un tableau dont chaque case correspond à un cluster et indique s'il est utilisé et l'emplacement du cluster suivant du fichier (liste chaînée). Deux copies sont stockées pour la récupération."
"Que signifient les valeurs 0000, FFF7 et FFF8-FFFF dans une entrée FAT ?","0000 : cluster non utilisé ; FFF7 : cluster défectueux ; FFF8 à FFFF : le cluster contient la fin d'un fichier."
"Quelle est la taille maximale d'une partition FAT16 et pourquoi ?","2 Go : la FAT16 adresse les clusters sur 16 bits (65 535 clusters maximum) et un cluster de 32 ko donne 65 535 × 32 ko ≈ 2 Go."
"Qu'apporte la FAT32 par rapport à la FAT16 ?","Des entrées sur 32 bits, jusqu'à 268 millions de clusters par partition, des partitions beaucoup plus grandes (jusqu'à 2 To) et des clusters plus petits (4 ko au lieu de 32 ko) réduisant le gaspillage."
"Quels avantages NTFS offre-t-il par rapport à FAT ?","Noms de fichiers longs (255 caractères), fichiers et partitions de très grande taille, attributs étendus, sécurité (autorisations, chiffrement EFS), compression fichier par fichier, indexation, mise à jour des liens lors d'un déplacement."
"Quels systèmes d'exploitation peuvent lire une partition NTFS ?","Uniquement ceux basés sur Windows NT (NT, 2000, 2003, XP, 2008) ; aucun autre système ne peut lire une partition NTFS."
"Quelle taille maximale les fichiers et partitions NTFS peuvent-ils atteindre ?","Jusqu'à 16 exaoctets (les offsets de fichier NTFS sont sur 64 bits) ; en pratique la taille des noms de fichiers est limitée à 255 caractères."
"Qu'est-ce que la MFT (Master File Table) ?","La table de fichiers principale d'une partition NTFS : chaque fichier ou répertoire est un enregistrement (record) regroupant des attributs, avec des informations bien plus détaillées qu'une table de clusters FAT."
"Que sont les metafiles (metadata files) de NTFS ?","Les 16 premiers enregistrements de la MFT (index 0 à 15), créés automatiquement à la création du SF : $MFT, $MFTMirr (copie de secours), $LogFile (journal des transactions), $Volume, $AttrDef, $Bitmap, $Boot, $BadClus, $Quota, $UpCase..."
"Différence entre LCN et VCN dans NTFS ?","LCN (Logical Cluster Number) : numéro de cluster depuis le début du volume. VCN (Virtual Cluster Number) : offset en clusters à l'intérieur d'un fichier (de 0 à m)."
"Différence entre attributs résidents et non résidents dans la MFT ?","Résidents : stockés directement dans l'enregistrement MFT (petits fichiers de moins d'environ 1500 octets peuvent y tenir entièrement). Non résidents : stockés dans des clusters externes appelés extensions, pointés par l'enregistrement."
"Qu'est-ce que le contrôle d'accès sous Windows Server 2008 ?","Le processus qui autorise utilisateurs, groupes et ordinateurs à accéder aux objets, en mettant en correspondance des comptes et appartenances de groupes avec des droits, privilèges et autorisations."
"Qu'est-ce qu'un jeton d'accès (access token) ?","Une structure recréée à chaque connexion d'un sujet, contenant son identité ; le système compare son contenu aux entrées de contrôle d'accès de l'objet avant d'autoriser l'accès."
"Différence entre ACL et ACE ?","Une ACE (entrée de contrôle d'accès) autorise ou refuse un comportement pour un utilisateur ou groupe. L'ACL (liste de contrôle d'accès) regroupe toutes les ACE d'un objet."
"Que fait le sous-système de sécurité s'il atteint la fin d'une ACL sans autorisation ni refus explicite ?","Il refuse l'accès à l'objet (refus implicite par défaut)."
"Différence entre autorisations et droits d'utilisateur ?","Les autorisations sont liées aux objets (type d'accès accordé sur un objet). Les droits d'utilisateur sont liés au compte (ouverture de session, sauvegarde de fichiers...) et se gèrent via la Stratégie de sécurité locale."
"Qui est le propriétaire d'un objet et quel pouvoir a-t-il ?","Par défaut le créateur de l'objet ; quelles que soient les autorisations définies, le propriétaire peut toujours les modifier."
"Qu'est-ce que l'héritage des autorisations ?","Les objets d'un conteneur héritent automatiquement, à leur création, des autorisations héritables du conteneur ; seules les autorisations marquées pour l'héritage sont transmises."
"Quelle est la priorité entre autorisation explicite et autorisation héritée ?","Les autorisations explicites sont prioritaires sur les autorisations héritées, y compris sur une autorisation Refuser héritée : une autorisation Autoriser explicite l'emporte."
"En cas de conflit, Refuser l'emporte-t-il toujours sur Autoriser ?","En général oui, sauf si un objet hérite de paramètres contradictoires de parents différents : dans ce cas, le paramètre hérité du parent le plus proche l'emporte. Une autorisation explicite prime sur une héritée."
"Comment se combinent les autorisations de partage et les autorisations NTFS ?","Elles sont indépendantes ; l'accès effectif à un dossier partagé sur le réseau retient les autorisations les plus restrictives des deux ensembles."
"Quelle est la portée respective des autorisations de partage et des autorisations NTFS ?","Les autorisations NTFS s'appliquent en local et à distance, quel que soit le protocole. Les autorisations de partage ne s'appliquent qu'aux accès réseau (partages), pas à un utilisateur local ou Terminal Server."
"Cite les six autorisations NTFS standard sur un dossier.","Contrôle total, Modification, Lecture & exécution, Affichage du contenu du dossier, Lecture, Écriture ; chacune regroupe un ensemble d'autorisations spéciales."
"Différence entre « Afficher le contenu du dossier » et « Lecture & exécution » ?","Elles semblent identiques mais s'héritent différemment : « Afficher le contenu du dossier » est héritée par les dossiers seulement ; « Lecture & exécution » est héritée à la fois par les fichiers et les dossiers."
"Que sont la DACL et la SACL d'un descripteur de sécurité ?","DACL (Discretionary Access Control List) : groupes/utilisateurs autorisés et types d'accès accordés. SACL (System Access Control List) : informations d'audit (qui auditer, quelles opérations, réussite ou échec)."
"Qu'est-ce que le Gestionnaire d'autorisations (Authorization Manager) ?","Un composant MMC d'administration basée sur les rôles : on y définit des rôles (ensembles d'autorisations correspondant à une fonction), des tâches (ensembles d'opérations) et des opérations (petites actions de niveau système/API)."
"Qu'est-ce qu'un groupe d'application dans le Gestionnaire d'autorisations ?","Un groupe d'utilisateurs, d'ordinateurs ou de principaux de sécurité, spécifique à l'administration basée sur les rôles : groupe d'application de base, groupe de requêtes LDAP (calculé en temps réel) ou groupe de règle métier (défini par un script VBScript/JScript)."
"Dans un groupe d'application de base, que prime : appartenance ou non-appartenance ?","La non-appartenance prime sur l'appartenance : l'appartenance est calculée en retirant tous les non-membres du groupe."
"Qu'est-ce que le système de fichiers EFS (Encrypting File System) ?","Une technologie de chiffrement de Windows Server permettant de chiffrer fichiers et dossiers sur des volumes NTFS ; au premier chiffrement, EFS assigne au compte de l'utilisateur une paire de clés (privée et publique)."
"Quel utilitaire en ligne de commande gère le chiffrement EFS ?","CIPHER (le chiffrement se fait aussi via les attributs avancés des propriétés du fichier ou dossier dans l'Explorateur)."
"Peut-on à la fois chiffrer et compresser un fichier avec NTFS ?","Non : les fichiers et dossiers compressés avec la compression NTFS ne peuvent pas être chiffrés, et inversement ; sans la clé EFS, on ne peut pas accéder à un fichier chiffré même avec les autorisations."
"Différence entre compression NTFS et fonctionnalité « Dossiers compressés (zippés) » ?","Compression NTFS : uniquement sur lecteur NTFS, transparente mais avec baisse de performances, décompression/recompression automatique. Dossiers compressés zippés : sur FAT et NTFS, protection par mot de passe possible, pas de baisse de performances, compatibles avec d'autres logiciels."
"Que devient l'état de compression d'un fichier lors d'un déplacement ou d'une copie NTFS ?","Une copie ou un déplacement depuis un autre lecteur NTFS vers un dossier compressé compresse le fichier ; seul un déplacement au sein du même lecteur NTFS conserve l'état d'origine du fichier."
"Qu'est-ce que le Gestionnaire de ressources du serveur de fichiers (FSRM) permet pour les quotas ?","Créer des quotas limitant l'espace d'un volume ou dossier avec des notifications, générer des quotas automatiques s'appliquant à tous les sous-dossiers (présents et futurs), et définir des modèles de quotas réutilisables ; commande dirquota.exe."
"À quoi servent les seuils de notification d'un quota ?","Quand le stockage atteint un seuil défini (ex. 85 %), envoyer un courriel, journaliser un événement, exécuter une commande ou un script, ou générer un rapport ; par défaut aucune notification n'est générée."
"À quoi servent les clichés instantanés de dossiers partagés ?","À obtenir des copies ponctuelles de fichiers sur des ressources partagées, permettant de récupérer un fichier supprimé ou écrasé accidentellement et de comparer des versions antérieures."
"Qu'est-ce qu'un espace de noms DFS ?","Une représentation virtuelle des dossiers partagés d'une organisation, avec un chemin de type UNC ; composé d'un serveur d'espaces de noms, d'une racine, de dossiers et de cibles de dossiers (chemins UNC réels vers les données)."
"Comment un client est-il dirigé vers une cible de dossier DFS ?","En parcourant un dossier avec cibles, le client reçoit une référence qui le redirige de manière transparente vers l'une des cibles (par exemple selon son site géographique)."
"Sur quelles exigences fondamentales repose la sécurité d'un système d'exploitation ?","Le couple login/mot de passe, l'accès contrôlé aux objets via des listes de contrôle d'accès (ACL), les droits et privilèges, et le contrôle sur les actions des programmes."
"Quelle norme définit les exigences de sécurité que respecte Windows Server 2008 ?","La norme TCSEC (Trusted Computer System Evaluation Criteria)."
"Cite les critères de sécurité TCSEC satisfaits par Windows Server 2008.","Ouverture de session sécurisée, contrôle d'accès discrétionnaire, audit de la sécurité, protection contre la réutilisation des objets, chemin approuvé (trusted path), administration approuvée (comptes distincts par fonction)."
"Qu'est-ce que PatchGuard ?","Un mécanisme du noyau NT 6.0 qui protège le système d'exploitation en mettant fin aux rootkits et aux attaques cherchant à modifier le noyau système."
"Qu'est-ce que le KMCS (Kernel Mode Code Signing) ?","Une politique de sécurité qui vérifie que le code du noyau possède une signature fournie par une autorité de certification approuvée (contrôle d'intégrité et de source des exécutables)."
"Qu'est-ce que le SRM (Security Reference Monitor) ?","Un composant de l'exécutif Ntoskrnl.exe chargé de définir la structure du jeton d'accès, de faire les contrôles d'accès sur les objets, de manipuler les droits utilisateurs et de gérer les messages d'audit."
"Qu'est-ce que LSASS (Local Security Authority Subsystem) ?","Le processus en mode utilisateur (Lsass.exe) chargé de la stratégie de sécurité locale : identification des utilisateurs, stratégies de mot de passe, droits utilisateurs et groupes ; sa base est dans HKLM\\SECURITY."
"Qu'est-ce que le service SAM (Security Accounts Manager) ?","Un ensemble de sous-routines (Samsrv.dll, exécuté dans LSASS) gérant la base des utilisateurs et groupes locaux, leurs mots de passe et attributs, stockée dans le registre sous HKLM\\SAM."
"Quel est le rôle de Winlogon et de LogonUI ?","Winlogon.exe (mode utilisateur) gère les sessions et crée le shell à l'ouverture de session ; LogonUI, processus fils de Winlogon, présente l'interface d'authentification."
"Que sont les credential providers ?","Des objets s'exécutant dans le processus LogonUI qui obtiennent le nom et le mot de passe, le code PIN d'une carte à puce ou des informations biométriques (ex. authui.dll, SmartcardCredentialProvider.dll)."
"Quel est le rôle du service Netlogon ?","Créer le canal sécurisé vers un contrôleur de domaine, canal dans lequel transitent les requêtes de sécurité."
"Qu'est-ce que KSecDD (Kernel Security Device Driver) ?","Une bibliothèque de fonctions en mode noyau implémentant l'interface d'appel de procédure locale (LPC) ; EFS l'utilise pour communiquer avec LSASS en mode utilisateur."
"Comment les ressources sont-elles gérées sous Windows ?","De façon générique et centralisée sous forme d'objets (File, Process, Key...) ; chaque objet est protégé par un descripteur de sécurité définissant les types d'accès autorisés et pour quelles entités."
"Qu'est-ce qu'un jeton d'accès (access token) ?","Une structure attachée à un processus qui définit son contexte de sécurité : identité et attributs d'autorisation (SID du propriétaire, SID des groupes globaux et locaux), sécurité par défaut des nouveaux objets, SID de type et d'identifiant de session."
"Qu'est-ce qu'une session de connexion (logon session) ?","Le contexte de sécurité d'une entité authentifiée sur un système ; c'est au sein de cette session que des processus peuvent être lancés, chacun avec son propre jeton."
"Différence entre compte local et compte de domaine ?","Compte local : informations dans la base SAM de l'ordinateur, accès aux seules ressources de cet ordinateur. Compte de domaine : informations dans Active Directory, connexion possible sur tout ordinateur et accès à toutes les ressources du domaine."
"Qu'est-ce qu'un SID (Security Identifier) ?","Un identifiant unique d'un compte au sein d'une autorité, de forme S-R-I-XXX-XXX-XXX-RID ; par exemple l'Administrateur local a un SID se terminant par le RID 500 (S-1-5-21-...-500)."
"Quelle est la longueur maximale d'un login et d'un mot de passe sous Windows Server 2008 ?","Login : 256 caractères, non sensible à la casse. Mot de passe : 14 caractères maximum dans une base SAM, 127 caractères maximum pour un compte de domaine Active Directory."
"Quels sont les deux types de groupes sous Windows Server 2008 ?","Les groupes de sécurité (gestion des éléments de sécurité) et les groupes de distribution (utilisés comme listes de distribution). Ils sont identifiés par des SID."
"Qu'est-ce qu'une identité spéciale (entité de sécurité intégrée) ?","Un groupe dont les membres sont contextuels : le système place un utilisateur dans le groupe selon l'objet ou la ressource considérée."
"Qu'est-ce qu'une stratégie de groupe (GPO, Group Policy Object) ?","Un ensemble de paramètres formant une règle qui s'applique automatiquement aux utilisateurs ou groupes situés dans un objet conteneur (site Active Directory, domaine ou unité d'organisation)."
"Qu'est-ce qu'un domaine Windows ?","Un espace de confiance au sein duquel un contrôleur de domaine gère de façon centralisée les comptes et les requêtes d'authentification ; tout système du domaine utilise ce service d'authentification."
"Quels sont les trois services de sécurité fondamentaux du modèle Windows ?","L'authentification, le contrôle d'accès et l'audit."
"Qu'apporte l'ouverture de session unique (single sign-on) ?","L'utilisateur se connecte une seule fois au domaine (un mot de passe ou une carte à puce) et est authentifié par n'importe quel ordinateur du domaine ; moins de risque de confusion pour l'utilisateur, un seul compte à gérer pour l'administrateur."
"Différence entre ouverture de session interactive et authentification réseau ?","Interactive : confirme l'identité de l'utilisateur sur son ordinateur local. Réseau : vérifie l'identité auprès d'un service réseau auquel l'utilisateur accède (peut s'appuyer sur l'ouverture de session unique)."
"Cite les protocoles d'authentification pris en charge par Windows Server 2008.","Kerberos V5 (par défaut dans un domaine, authentification mutuelle), SSL/TLS (serveur web sécurisé), NTLM (compatibilité Windows NT 4.0, mode mixte par défaut), Digest (hachage MD5), Passport."
"Quelle est la particularité de l'authentification Kerberos V5 ?","Elle vérifie à la fois l'identité de l'utilisateur qui demande l'authentification et celle du serveur qui la fournit : c'est l'authentification mutuelle."
"Qui réalise l'authentification en local et sur un domaine ?","En local : l'autorité de sécurité locale (LSA) avec la base SAM. Sur un domaine : le système local délègue l'authentification à un contrôleur de domaine, qui peut lui-même la déléguer à un autre DC."
"À quel moment le contrôle d'accès a-t-il lieu et que se passe-t-il ensuite ?","À l'ouverture de l'objet (obtention d'un handle) ; ensuite il n'y a plus de contrôle, sauf pour vérifier que l'objet est utilisé dans les limites autorisées à l'ouverture (ex. un fichier ouvert en lecture seule ne pourra pas être écrit même si les droits changent)."
"Sur quel rapprochement de trois éléments repose le contrôle d'accès ?","Les permissions demandées à l'ouverture de l'objet, le descripteur de sécurité de l'objet et le jeton du processus (attributs d'autorisation)."
"Quelles sont les trois informations principales d'un descripteur de sécurité (SD) ?","Le SID du propriétaire de l'objet, sa DACL (liste de contrôle d'accès discrétionnaire) et sa SACL (liste de contrôle d'accès système, pour l'audit)."
"Pourquoi le contrôle d'accès est-il qualifié de discrétionnaire ?","Parce que le propriétaire d'un objet a toujours le droit de lire et de modifier la DACL des objets lui appartenant : le contrôle est à sa discrétion."
"Qu'est-ce qu'une ACE (Access Control Entry) et un masque de permissions ?","Une entrée de la DACL indiquant quels accès sont possibles pour quel SID ; elle peut être positive (accorde un accès) ou négative (refuse un accès), le type d'accès étant spécifié par un masque de permissions."
"Comment configure-t-on la politique d'audit du système local ?","Avec l'éditeur de politique de sécurité locale (Local Security Policy Editor) ; les événements sont consignés dans le journal sécurité, consultable via l'Observateur d'événements."
"Quel composant Windows gère l'ouverture et la fermeture de session interactive ?","Winlogon : il crée la fenêtre interactive (clavier, souris, écran), le descripteur de sécurité de la station de travail, deux bureaux (applications et Winlogon) et gère les opérations de time-out."
"Combien de bureaux Winlogon crée-t-il et à quoi servent-ils ?","Deux : le premier pour les applications (accessible par Winlogon et les utilisateurs), le second réservé à Winlogon (invisible tant qu'aucun utilisateur n'est connecté)."
"Y a-t-il un seul processus Winlogon par machine ?","Non : un processus Winlogon est créé pour chaque utilisateur connecté."
"Cite les processus système critiques de Windows qui ne peuvent pas être arrêtés.","winlogon.exe, lsass.exe (sécurité locale), smss.exe (gestionnaire de session), csrss.exe (Client/Server Runtime SubSystem) et wininit.exe."
"Qu'est-ce que la SAS (Secure Attention Sequence) ?","La combinaison de touches, par défaut Ctrl-Alt-Suppr, interceptée par Winlogon ; elle déclenche l'exécution de LogonUI qui vérifie le nom et le mot de passe via les credential providers."
"Que fait LSASS une fois la connexion authentifiée ?","Il vérifie dans la base des politiques locales les autorisations et privilèges de l'utilisateur, les ajoute au jeton, crée le jeton d'accès, le duplique pour le fournir à Winlogon, audite l'opération si nécessaire et renvoie un signal de succès."
"Que se passe-t-il si la connexion n'est pas authentifiée ?","LSASS termine la session de connexion créée, nettoie toutes les structures et renvoie un signal d'échec à Winlogon, qui affiche un message d'erreur à l'utilisateur."
"Sous quel shell l'utilisateur travaille-t-il après authentification ?","Un shell graphique, en général l'Explorateur Windows (explorer.exe)."
"Que fait Winlogon si l'écran de veille est marqué comme sécurisé ?","Il verrouille la session en cours et refait une demande d'authentification."
"Quel est l'objectif du système d'entrée-sortie (E/S) de Windows ?","Fournir aux applications une couche d'abstraction pour les périphériques, rendant leur utilisation simple et uniforme (E/S asynchrones et performantes, fonctionnement en couches, chargement dynamique des pilotes, PnP, gestion de l'alimentation, WMI)."
"Quel est le composant central du système d'E/S ?","Le gestionnaire d'E/S : il relie applications et composants système aux périphériques virtuels, logiques et physiques, définit l'infrastructure de gestion et transmet les requêtes aux pilotes."
"Qu'est-ce qu'un IRP (Input-Output Request Packet) ?","Le paquet représentant la plupart des requêtes d'E/S : le gestionnaire d'E/S le crée et passe un pointeur au pilote concerné, qui effectue l'opération et repasse l'IRP ; le gestionnaire le supprime une fois l'opération terminée."
"Que sont les fichiers virtuels dans le système d'E/S de Windows ?","Une abstraction : les threads font leurs E/S sur des fichiers virtuels même s'il s'agit de matériel ; le gestionnaire d'E/S redirige dynamiquement ces requêtes vers le pilote de périphérique concerné."
"Quel est le rôle du gestionnaire Plug and Play (PnP) ?","Reconnaître les modifications de configuration matérielle et s'y adapter : énumération des composants, détection de l'ajout/retrait à chaud, allocation des ressources (IRQ, ports d'E/S, canaux DMA), chargement des pilotes à partir de l'identification du périphérique."
"Que fait le gestionnaire PnP s'il ne dispose pas du pilote d'un périphérique détecté ?","Il fait appel aux services d'installation d'un gestionnaire en mode utilisateur."
"À quoi servent les fichiers INF et CAT ?","INF (.inf) : fichiers d'installation de pilote décrivant un périphérique. CAT (.cat) : signatures numériques que Windows utilise pour vérifier qu'un pilote a passé les tests de certification."
"Quel est le rôle de la HAL (Hardware Abstraction Layer) ?","Isoler les pilotes des spécificités du processeur et du contrôleur d'interruptions, offrir des API masquant les différences de plateformes ; c'est le pilote de bus de tous les périphériques non contrôlés par d'autres pilotes."
"Qu'est-ce que la HCL (Hardware Compatibility List) ?","La liste du matériel compatible ; si un matériel y figure, le Plug and Play gère l'essentiel de son installation, sinon l'administrateur doit vérifier les allocations de ressources et régler les conflits d'adresse et d'IRQ."
"Sur quelle norme repose la gestion de l'alimentation sous Windows Server 2008 ?","La norme ACPI (Advanced Configuration and Power Interface) ; le matériel et le BIOS doivent y être conformes."
"Combien d'états d'alimentation système ACPI définit-il et que représentent-ils ?","Six, de S0 à S5 : S0 = consommation maximale, aucune latence ; S1 à S4 = états de veille (l'ordinateur semble éteint) ; S5 = ordinateur entièrement éteint."
"Que se passe-t-il avant le passage à l'état S4 (hibernation) ?","Le gestionnaire d'alimentation enregistre le contenu compressé de la mémoire dans le fichier Hiberfil.sys (racine du volume système) ; au démarrage, le chargeur détecte cette image mémoire valide et reprend l'exécution au point d'arrêt."
"Combien d'états d'alimentation ACPI définit-il pour les périphériques ?","Quatre : D0 (entièrement allumé) à D3 (entièrement éteint) ; les états intermédiaires D1 et D2 sont définis par les pilotes."
"Entre le gestionnaire d'alimentation et les pilotes, qui est prioritaire pour la mise en veille ?","Le gestionnaire d'alimentation : c'est lui qui décide de l'état électrique et du moment de la mise en veille (un pilote peut néanmoins baisser unilatéralement la consommation d'un périphérique inactif)."
"Quelles sont les trois politiques de signature de pilote possibles ?","Ignorer (installe tout pilote, signé ou non), Avertir (message d'avertissement avant un pilote non signé), Interdire (empêche l'installation d'un pilote non signé)."
"Qu'est-ce que le WHQL (Windows Hardware Quality Labs) ?","Le laboratoire Microsoft qui teste les pilotes fournis avec Windows et par les fabricants ; un pilote qui réussit le test est signé par Microsoft."
"À quoi servent Verifier.exe et Sfc.exe ?","Verifier.exe : le vérificateur de pilotes, qui active des options de contrôle sur des composants système pour isoler les bugs des pilotes en mode noyau. Sfc.exe : l'utilitaire de protection des ressources Windows (WRP), qui protège les fichiers système critiques par des ACL."
"Comment ouvrir le Gestionnaire de périphériques ?","Console MMC accessible via le Panneau de configuration (Matériel et audio), la commande mmc devmgmt.msc, ou le composant Gestion de l'ordinateur."
"Que signifie la signalétique du Gestionnaire de périphériques ?","Branche développée : périphérique qui ne fonctionne pas correctement. Croix rouge : périphérique désactivé. Point d'exclamation : problème de ressource (configuration incorrecte ou pilotes manquants)."
"Quels pilotes les cartes réseau utilisent-elles sous Windows ?","Les pilotes NDIS (Network Driver Interface Specification), qui assurent la prise en charge des réseaux Windows."
"Différence entre périphérique d'impression, imprimante et serveur d'impression ?","Le périphérique d'impression est le matériel. L'imprimante est l'interface logicielle entre le périphérique et Windows. Le serveur d'impression gère des imprimantes et contient le pilote propre à chaque périphérique connecté."
"Comment fixe-t-on des priorités d'impression ?","En créant plusieurs imprimantes logiques pointant vers le même périphérique d'impression et en leur assignant des priorités individuelles, sur une échelle de 1 (la plus faible, par défaut) à 99 (la plus forte)."
"Qu'est-ce qu'un pool d'impression (Print Pooling) ?","Une imprimante logique reliée à plusieurs périphériques d'impression identiques (locaux ou en réseau) : un travail reçu est envoyé au premier périphérique disponible ; activé dans l'onglet Port."
"Que devient une imprimante partagée sous Windows Server 2008 ?","Elle est automatiquement publiée dans Active Directory ; si AD n'est pas implémenté, les utilisateurs doivent parcourir le réseau pour la trouver."
"Qu'est-ce que l'impression Internet IPP ?","L'utilisation du protocole http/https pour imprimer ; le serveur d'impression doit disposer d'Internet Information Server et les imprimantes partagées sont visibles sur http://nom_de_serveur/printers."
"Comment Windows Server 2008 voit-il l'ajout à chaud d'un processeur ou de mémoire ?","Comme des périphériques Plug and Play : l'amélioration du noyau, de la mémoire et du système de fichiers permet le branchement à chaud."
"Qu'est-ce qu'un signal en transmission de données ?","La transcription d'une information (suite ordonnée de bits) sous une forme physique compatible avec le support : variation de tension électrique, de fréquence, de lumière..."
"Différence entre signal analogique et signal numérique ?","Un signal analogique varie de manière continue dans le temps ; un signal numérique varie de façon discrète dans le temps."
"En quoi consiste l'échantillonnage d'un signal analogique ?","Prélever l'amplitude du signal à des instants précis espacés par la période d'échantillonnage T, pour le numériser."
"Qu'énonce le théorème de Shannon (Nyquist) ?","La fréquence d'échantillonnage doit être au minimum le double de la fréquence maximale du signal à échantillonner (fréquence de Nyquist) : F_échantillonnage ≥ 2 × F_signal_max."
"Que se passe-t-il en cas de sous-échantillonnage ?","La période d'échantillonnage est trop grande, les hautes fréquences ne sont pas prises en compte et le signal ne peut pas être reconstitué correctement."
"Que sont l'ETTD et l'ETCD dans un circuit de données ?","L'ETTD (Équipement Terminal de Traitement des Données, ex. un PC) génère et traite les données ; l'ETCD (Équipement de Terminaison du Circuit de Données, ex. un modem) module le signal côté émission et le démodule côté réception."
"Différence entre transmission synchrone et asynchrone ?","Synchrone : les symboles sont séparés par un intervalle de temps régulier, émetteur et récepteur synchronisés (horloge transmise via le codage). Asynchrone (arythmique, START/STOP) : intervalles de temps variables, ligne au repos entre les trames."
"Que signifient full-duplex, half-duplex et simplex ?","Full-duplex : transmission simultanée dans les deux sens. Half-duplex : les deux sens possibles mais pas en même temps. Simplex : un seul sens possible."
"Qu'est-ce que la rapidité de modulation et son unité ?","Le nombre d'intervalles élémentaires (temps entre deux tops d'horloge) contenus dans une seconde ; elle s'exprime en bauds (Bd)."
"Qu'est-ce que la valence d'un signal ?","Le nombre n de bits transportés dans un intervalle de temps élémentaire ; le nombre de valeurs distinctes transmises entre deux tops d'horloge est alors 2 puissance n."
"Quelle est la relation entre débit binaire, valence et rapidité de modulation ?","d = n × R : le débit binaire (bit/s) est égal à la valence n multipliée par la rapidité de modulation R (en bauds). Ex. 100 bauds avec valence 2 = 200 bit/s."
"Qu'est-ce que le bruit sur un canal de transmission ?","Un signal électrique aléatoire venant se superposer au signal d'information pendant sa transmission ; il peut rendre l'information incohérente pour le récepteur. Le rapport signal sur bruit caractérise le canal."
"Qu'est-ce que le bruit impulsif et le bruit blanc ?","Bruit impulsif : puissance moyenne faible mais concentrée dans de brefs intervalles où elle atteint des valeurs très élevées. Bruit blanc gaussien : densité spectrale de puissance constante en fréquence et dans le temps."
"D'où proviennent le bruit thermique et le bruit de quantification ?","Le bruit thermique résulte du mouvement des électrons dans les conducteurs (densité spectrale proportionnelle à la température). Le bruit de quantification résulte de la conversion analogique-numérique (précision limitée de la représentation, ex. voix sur 8 bits)."
"Qu'est-ce que la paradiaphonie ?","Une interférence spécifique aux câbles à paires torsadées, créée par le couplage électromagnétique d'une paire sur l'autre ; la torsade la diminue. Plus la paradiaphonie est faible, plus sa mesure (en dB) est élevée."
"Qu'est-ce que la compatibilité électromagnétique (CEM) ?","L'aptitude d'un équipement à fonctionner dans un environnement électromagnétique donné sans générer de champs perturbant l'environnement ; l'immunité est l'aptitude à fonctionner sans dégradation en présence d'une perturbation."
"Qu'est-ce que la transmission en bande de base ?","Une transmission où le signal numérique n'est pas transformé en signal analogique (il est simplement codé), la bande de fréquence allant d'une fréquence nulle à une fréquence F ; utilisée principalement dans les réseaux locaux, sur de courtes distances."
"Qu'est-ce que la transmission sur onde porteuse ?","Une transmission où la bande de fréquence est centrée autour d'une fréquence f0 : le signal est transposé (transposition spectrale) pour s'insérer dans la bande passante garantie du support ; on parle de modulation."
"Comment fonctionne le codage Manchester ?","Codage bivalent utilisé par les premières versions d'Ethernet : un bit à 0 correspond à un front descendant, un bit à 1 à un front montant ; le signal change d'état à chaque bit."
"Quels sont les avantages du codage Manchester ?","Synchronisation aisée des horloges (changement d'état à chaque bit), composante continue nulle, spectre étalé vers les hautes fréquences ; inconvénient : l'inversion des fils inverse le message."
"Cite les trois modulations élémentaires sur onde porteuse.","Modulation d'amplitude (ASK), modulation de fréquence (FSK, Frequency Shift Keying), modulation de phase (PSK, Phase Shift Keying) ; on fait varier respectivement l'amplitude, la fréquence ou la phase de la porteuse."
"Qu'est-ce que la modulation MAQ (modulation d'amplitude en quadrature) ?","Une combinaison d'une modulation d'amplitude et d'une modulation par saut de phase ; elle permet de coder jusqu'à 4 bits par état de phase en utilisant deux porteuses en quadrature."
"Qu'est-ce que le multiplexage ?","Un procédé consistant à mettre plusieurs signaux ensemble et à les transmettre sur un même support, chaque signal pouvant être récupéré à l'extrémité réceptrice."
"En quoi consiste le multiplexage fréquentiel (FDMA / AMRF) ?","Découper statiquement la bande passante du support en canaux, chacun réservé à l'usage exclusif d'un utilisateur, séparés par des bandes de garde ; le taux d'occupation des canaux n'est pas optimal."
"Qu'est-ce que la hiérarchie PDH (plésiochrone) ?","Une hiérarchie numérique normalisée par l'ITU comportant 4 niveaux en Europe (TN1 à TN4, de 2,048 à 139,264 Mbit/s) ; « plésiochrone » car chaque multiplexeur a sa propre horloge ; signalisation hors-bande."
"Qu'apporte la hiérarchie SDH/SONET par rapport à PDH ?","SDH (norme IUT-T) / SONET (Synchronous Optical NETwork) est synchrone (horloge à 10 puissance -9 s) et permet d'insérer ou d'extraire des voies sans multiplexage/démultiplexage complet ; SDH est un sur-ensemble de SONET."
"Différence entre communication point-à-point et multipoint ?","Point-à-point : deux entités communiquant, une à chaque extrémité du support. Multipoint : communication de groupe entre une ou plusieurs entités émettrices et plusieurs réceptrices (ex. bus, polling-selecting d'une station maître)."
"Que décrit la norme ISO 11801 pour les câbles à paires torsadées ?","La dénomination en deux parties séparées par « / » : à gauche le blindage global du câble, à droite le blindage des paires (ex. U/UTP non écranté, F/UTP écran général, S/FTP tresse générale + écran par paires)."
"Différence entre catégorie et classe d'un système de câblage ?","La catégorie (1 à 7) qualifie un composant pris isolément (câble, prise, cordon). La classe (A à F) qualifie l'ensemble du système installé ; ex. classe E exige des composants de catégorie 6 minimum."
"Associe les classes de câblage aux applications Ethernet.","Classe C / cat. 3 / 16 MHz : 10base-T. Classe D / cat. 5 / 100 MHz : 100base-TX. Classe E / cat. 6 / 250 MHz : 1000base-T. Classe EA / cat. 6A / 500 MHz : 10Gbase-T."
"Quelles sont les deux impédances du câble coaxial et leurs usages ?","50 ohms (bande de base) : environ 1 Gbit/s sur 1 km, utilisé dans la numérisation des réseaux téléphoniques. 75 ohms (large bande, CATV) : transmission d'image de la télévision câblée, multiplexage fréquentiel, sous-canaux de 6 MHz."
"Différence entre fibre multimode à saut d'indice et à gradient d'indice ?","Saut d'indice : jusqu'à 50 MHz sur 1 km. Gradient d'indice : jusqu'à 500 MHz sur 1 km. La fibre monomode (cœur ~5 microns, un seul rayon) atteint 100 GHz sur 1 km."
"Qu'est-ce que le multiplexage WDM (Wavelength Division Multiplexing) ?","Le multiplexage en longueur d'onde : des signaux de longueurs d'onde différentes sont émis simultanément sur la même fibre optique ; utilisé dans les cœurs de réseau des opérateurs."
"Quel est le rôle d'un répéteur et à quelle couche OSI opère-t-il ?","Couche 1 (physique) : il régénère le signal (amplification, remise en forme) pour relier deux segments ou plus et augmenter l'étendue d'un réseau local ; il peut isoler automatiquement un segment défectueux au-delà de 30 collisions consécutives."
"Quel est le rôle d'un pont et à quelle couche opère-t-il ?","Couches 1 et 2 (sous-couche MAC, norme IEEE 802.1d) : il filtre les trames (une trame n'est pas diffusée si l'émetteur et le destinataire sont sur le même segment), gère une table par autoapprentissage, écarte les trames erronées (FCS) et limite les collisions au segment concerné ; règle du 80/20."
"Qu'est-ce que le Spanning Tree Algorithm dans les ponts transparents ?","Un algorithme qui construit la table de chaque pont à partir d'un chemin optimisé et impose une topologie sans boucle, un pont asservissant les autres via le protocole Bridge Protocol Data Units (BPDU)."
"Quelle est la différence entre un concentrateur (hub) et un switch Ethernet ?","Le hub (couche 1) duplique chaque signal reçu sur tous les autres ports (étoile physique, bus logique, bande passante partagée). Le switch (couche 2) filtre sur adresse MAC, mémorise les adresses par port et partitionne le réseau en autant de segments que de ports, limitant le broadcast et le trafic."
"Quel est le rôle d'un routeur et à quelle couche opère-t-il ?","Couche 3 (réseau) : muni d'au moins 2 ports ayant chacun une adresse physique et logique, il transmet les datagrammes (ex. IP) vers leur destination à l'aide de tables (réseau distant, next hop) ; ARP/RARP font la correspondance IP-MAC, les adresses MAC ne traversent pas le routeur."
"Qu'est-ce qu'un B-routeur (brouter) ?","Un routeur pouvant basculer en mode pont quand le protocole réseau de la trame lui est étranger."
"Différence entre topologie physique et topologie logique d'un réseau ?","La topologie physique décrit la répartition spatiale des équipements et régit le câblage ; la topologie logique décrit le mode de circulation des données (méthode d'accès)."
"Cite les trois topologies physiques principales et leurs caractéristiques.","Bus : raccordement sur un même câble linéaire, tout signal présenté à tous, pas de chemin alternatif en cas de rupture. Anneau : équipements en boucle, accessibles par deux chemins. Étoile : chaque station reliée en point à point à un équipement central (commutation ou concentration)."
"Quelle topologie physique et logique utilisent les réseaux Ethernet 10baseT ?","Topologie physique en étoile (câblage et tolérance aux pannes) avec un hub, reconstituant une topologie logique de bus."
"Qui a inventé Ethernet et quand ?","Robert Metcalfe et David Boggs en 1973 pour Xerox au Palo Alto Research Center ; premier réseau Ethernet présenté en 1975 à 2,94 Mb/s sur câble coaxial, avec la méthode d'accès CSMA/CD."
"Qu'est-ce que le standard DIX (1980) ?","Le standard Ethernet publié par Digital, Intel et Xerox, correspondant à la version 10Base5 (Ethernet « épais ») ; l'IEEE publie la première norme Ethernet en 1982 (sous-comité 802.3)."
"Qu'apporte la norme IEEE 802.3x de 1997 ?","Le mode full-duplex (une paire réservée par sens de communication) ; associée à la généralisation des commutateurs, elle marque la fin de la méthode d'accès CSMA/CD."
"En quelles deux sous-couches la couche physique (802) est-elle scindée ?","PMD (Physical Medium Dependent, dépendante du support, transfert au niveau bit) et PMI (Physical Medium Independent, protocole physique : écoute, synchronisation, codage/décodage, émission/réception)."
"En quelles deux sous-couches la couche liaison est-elle scindée ?","MAC (Medium Access Control, contrôle de l'accès partagé au support, contrôle d'erreur, adressage MAC, dépendante de la technologie) et LLC (Logical Link Control, lien logique, indépendante du réseau physique)."
"Quels sont les trois types de service LLC (IEEE 802.2) ?","LLC-1 : sans connexion ni acquittement (le seul quasi utilisé en LAN). LLC-2 : sur connexion, avec acquittement, contrôle d'ordre, correction d'erreur, contrôle de flux (point à point). LLC-3 : datagramme sans connexion mais avec acquittement, sans retransmission."
"Que sont les DSAP et SSAP dans l'encapsulation LLC ?","@DSAP (Destination Service Access Point) et @SSAP (Source Service Access Point) : identificateurs des protocoles de niveau 3 destinataire et émetteur, permettant le démultiplexage des trames vers le bon protocole réseau (ex. 0x06 pour IP, 0xAA pour SNAP)."
"Pourquoi l'encapsulation SNAP a-t-elle été créée ?","L'encapsulation LLC n'identifie pas tous les protocoles de niveau 3 (ex. ARP) et son codage sur 3 octets ne respecte pas les mots machine de 32/64 bits ; SNAP (5 octets : champ OUI + champ PI) gère plus de 128 protocoles et est signalé par DSAP/SSAP = 0xAA et contrôle = 0x03."
"Comment est structurée une adresse MAC ?","48 bits (6 octets) : 1er bit = adresse individuelle (unicast) ou de groupe (multicast/broadcast) ; 2e bit = universelle ou gérée localement ; 22 bits suivants = identifiant du constructeur (attribué par l'IEEE) ; 24 derniers bits = numéro de série."
"Quelle est l'adresse MAC de broadcast et son traitement par un routeur ?","FF:FF:FF:FF:FF:FF : toutes les stations sont destinataires ; un routeur ne laisse pas passer les trames de broadcast."
"Pourquoi dit-on que l'adressage MAC est « à plat » (global) ?","Chaque machine a une adresse unique mais on ne peut pas en déduire sa position sur le réseau : on ne peut l'atteindre que par diffusion ; l'adressage hiérarchique (IP) permet lui le routage."
"Que contient le préambule d'une trame Ethernet V2 ?","8 octets : 7 octets à 10101010 (synchronisation d'horloge par les nombreuses transitions) et 1 octet à 10101011 (les deux derniers bits à 1 marquent la fin du préambule) ; ajouté par la sous-couche MAC."
"Qu'est-ce que le champ FCS d'une trame Ethernet ?","Frame Check Sequence : le CRC (reste de la division polynomiale du bloc de données par un polynôme générateur), calculé par l'expéditeur hors préambule et FCS ; le destinataire recalcule et compare, et détruit la trame en cas de différence."
"Quelle est la MTU d'Ethernet ?","1500 octets : c'est la taille maximale du champ de données ; au-delà, les datagrammes de la couche Réseau doivent être fragmentés avant transmission à Ethernet."
"Comment distinguer une trame Ethernet V2 d'une trame 802.3 ?","Dans 802.3, le champ Ethertype est remplacé par un champ « Longueur des données ». Comme toutes les valeurs d'Ethertype sont supérieures à 1500 : si le champ de 2 octets après l'adresse MAC source est inférieur à 1500, c'est une trame 802.3, sinon une trame V2."
"À quoi sert le padding (bourrage) dans une trame 802.3 ?","À compléter les données jusqu'à 46 octets pour atteindre la taille minimale de trame de 64 octets nécessaire au fonctionnement de CSMA/CD."
"Pourquoi Ethernet fournit-il un service « non fiable » et « sans connexion » ?","Non fiable : si une trame échoue au contrôle CRC, l'expéditeur n'est pas alerté (les données sont perdues, c'est aux couches supérieures de retransmettre). Sans connexion : aucune phase de mise au point du dialogue, les données sont envoyées directement."
"Sur quels deux circuits repose la méthode d'accès CSMA/CD ?","Le circuit « carrier sense » (la station écoute le support pour savoir s'il est libre) et le circuit « collision detection » (comparaison entre ce que la station émet et ce qu'elle reçoit)."
"Que fait une station après avoir détecté une collision en CSMA/CD ?","Elle cesse d'émettre, envoie une séquence de 32 bits à 1 (jamming, renforcement du brouillage) puis attend une durée aléatoire (Binary Exponential Backoff) avant de retransmettre ; la couche MAC assure la reprise, dans la limite de 16 tentatives."
"Qu'est-ce que la fenêtre de collision et pourquoi impose-t-elle une trame minimale de 64 octets ?","C'est le temps minimal pendant lequel une station doit émettre pour détecter une collision au point le plus éloigné (durée d'aller-retour maximale) ; à 10 Mb/s sur 2500 m, la réception de 64 octets prend 51,2 µs, d'où une longueur minimale de trame de 64 octets."
"Quel temps de repos une station doit-elle respecter entre deux trames en Ethernet 10 Mb/s ?","9,6 µs : cela dissipe les réflexions de signaux (évitant des collisions fantômes) et sépare les trames à la réception."
"Pourquoi CSMA/CD est-il qualifié de protocole « probabiliste » ?","Il est impossible de prévoir précisément le délai entre le moment où une trame est prête et le moment où elle est émise (temps d'attente aléatoire après collision), qui dépend du nombre de stations, de la charge et de l'étendue du réseau ; à l'inverse des protocoles déterministes (jeton)."
"Décris la norme 10Base5 (IEEE 802.3).","10 Mb/s sur câble coaxial épais 50 ohms (Thick Ethernet), jusqu'à 5 segments de 500 m, 100 stations maximum ; connexion au bus via un transceiver MAU fixé par une prise vampire."
"Décris la norme 10Base2 (IEEE 802.3a).","10 Mb/s sur câble coaxial fin (Thin Ethernet), moins cher, segments de 185 m maximum, 30 stations ; connexion par un T vissé BNC directement sur l'interface réseau."
"Quelles sont les trois variantes du Fast Ethernet 100BaseT (802.3u) ?","100BaseTX (2 paires torsadées cat. 5, codage 4B/5B), 100BaseT4 (cat. 3 ou 4, codage 8B/6T, 4 paires), 100BaseFX (fibre optique multimode, 400 m maximum) ; 100 m entre équipements en cuivre."
"Qu'apporte le mode commuté par rapport au mode partagé ?","Chaque station est reliée en point à point à un port du commutateur (support non partagé) : plus de collisions, donc plus de CSMA/CD et plus de limite de distance interne ; le commutateur ne retransmet une trame qu'à son seul destinataire."
"Qu'est-ce qu'une table de commutation et l'autoapprentissage ?","La table qui associe chaque adresse MAC au port du commutateur permettant de l'atteindre ; l'autoapprentissage ajoute une ligne quand une trame arrive d'une adresse source inconnue, mais il n'est pas standardisé (d'où le recours à MPLS sur les grands réseaux)."
"Décris la norme 1000BaseT (Gigabit Ethernet, IEEE 802.3ab).","1 Gb/s sur 4 paires torsadées de catégorie 5 sur 200 m ; encodage à 5 niveaux transmettant 250 Mb/s simultanément sur chacune des quatre paires ; en mode partagé, la trame minimale passe à 512 octets."
"Qu'est-ce que le PoE (Power over Ethernet, IEEE 802.3af) ?","L'alimentation électrique (48 V) des appareils sur le même câble RJ45 qui transporte les données (cat. 3 ou 5, 100 Mb/s), avec une puissance terminale ne dépassant pas 12 W ; utile pour téléphones IP, bornes Wi-Fi, points d'accès Bluetooth."
"Qu'est-ce que le Token Bus (IEEE 802.4) ?","Réseau industriel sur câble coaxial TV 75 ohms, 1,5 à 10 Mb/s ; topologie physique bus, topologie logique anneau ; accès déterministe par jeton circulant de l'adresse la plus faible à la plus forte."
"Qu'est-ce que le Token Ring (IEEE 802.5) ?","Technologie IBM (moitié du marché LAN dans les années 80) ; support coaxial, paire torsadée ou fibre, jusqu'à 4 Mb/s (16 Mb/s en version étendue) ; topologie logique toujours en anneau, physique en anneau ou en étoile via un répartiteur MAU ; accès déterministe par jeton."
"Quelle méthode d'accès utilise le Wi-Fi (IEEE 802.11) et pourquoi ?","CSMA/CA (Collision Avoidance) : deux stations hors de portée l'une de l'autre peuvent émettre vers une troisième sans se détecter (nœud caché), la détection de collision est donc impossible ; on utilise un échange RTS (Request To Send) / CTS (Clear To Send) pour réserver le canal."
"Quels sont les trois enjeux qu'un VLAN permet de traiter dans un LAN Ethernet ?","Le domaine de collision (niveau 2, CSMA/CD moins efficace avec le nombre de stations), le domaine de diffusion (niveau 3, toutes les stations partagent la bande passante et reçoivent le broadcast) et la sécurité des communications (la diffusion facilite le sniffing et les attaques MAC/ARP/STP/DHCP)."
"Qu'est-ce qu'un VLAN ?","Un réseau local virtuel regroupant un ensemble de stations de façon logique et non physique ; l'élément de base est un commutateur (niveau 2, multiport) qui aiguille les trames selon des règles (table de commutation ou étiquetage)."
"Cite les principaux types de VLAN selon le critère de regroupement.","VLAN par port (niveau 1, configuration statique), par adresse MAC (niveau 2, tables port/MAC saisies par l'administrateur), par adresse IP (niveau 3, commutation plus lente car il faut lire l'adresse de niveau 3) ; aussi par protocole, par application (port TCP) ou par mot de passe (VLAN dynamique au login)."
"Qu'est-ce que le tag IEEE 802.1Q et sa structure ?","Une balise de 4 octets insérée dans la trame Ethernet : champ VPID (0x8100, > 1500, identifie le format 802.1Q) et champ TCI de 2 octets : 3 bits de priorité (norme 802.1p, qualité de service), 1 bit CFI, 12 bits d'identifiant de VLAN (soit 4094 VLAN adressables) ; l'ajout ou le retrait du tag impose de recalculer le FCS."
"Différence entre l'étiquetage ISL de Cisco et IEEE 802.1Q ?","ISL (Inter-Switch Link) est propriétaire Cisco : il complète l'en-tête avec 30 octets (13 champs), beaucoup utilisé pour la VoIP Cisco, mais incompatible avec le standard IEEE 802.1Q, qui, lui, est implanté dans les équipements de marques différentes (tag de 4 octets)."
"Cite trois avantages d'un VLAN.","Souplesse d'administration (l'architecture se modifie par simple paramétrage des commutateurs), gain en sécurité (encapsulation supplémentaire, droits attribués au niveau du commutateur), réduction de la diffusion du trafic (segmentation virtuelle du domaine de broadcast)."
"Qu'est-ce que le CPL (Courant Porteur en Ligne) ?","Une technologie de transport d'informations sur le câblage électrique standard existant, sans travaux d'infrastructure ; utilisée principalement pour le pontage entre réseaux filaires."
"Quel usage historique du CPL EDF utilise-t-elle encore aujourd'hui ?","Le changement heures pleines / heures creuses : information unidirectionnelle de l'émetteur vers le récepteur sur une fréquence de 100 à 1000 Hz (usage depuis 1950)."
"Qu'est-ce que la HomePlug Alliance et quels standards a-t-elle produits ?","Une association d'industriels (dont EDF, Motorola, Sony, Netgear) créée en mars 2000 ; standards HomePlug 1.0/1.01 (14 Mbit/s), HomePlug 1.1 Turbo (85 Mbit/s), HomePlug AV (200 Mbit/s, HDTV/VoIP, incompatible avec les précédents)."
"Que définit la norme IEEE 1901 (fin 2010) ?","Les équipements des réseaux BPL (Broadband over Power Line) : débits supérieurs à 500 Mb/s pour les réseaux locaux, et accès Internet via le réseau électrique jusqu'à 1,5 km pour les réseaux d'accès d'opérateurs (last-mile)."
"Comment un boîtier CPL transmet-il des données sur le réseau électrique ?","Il ajoute au courant 50 Hz un signal de plus haute fréquence (1,6 à 30 MHz pour le haut débit) et de faible énergie (quelques volts), reçu et décodé par un autre boîtier qui élimine les basses fréquences."
"Quelle technique de modulation la couche physique du CPL haut débit utilise-t-elle ?","L'OFDM (Orthogonal Frequency Division Multiplexing) : division du signal en un grand nombre de porteuses orthogonales qui ne se chevauchent pas, avec répétition du signal pour pallier la perte de certaines fréquences."
"Quelle méthode d'accès la couche liaison du CPL utilise-t-elle ?","La CSMA/CA (Carrier Sense Multiple Access with Collision Avoidance), la même que le Wi-Fi : les données ne sont transmises que si le support est libre, avec échange DIFS / RTS / CTS / ACK."
"Comment HomePlug AV et UPA DS2 assurent-ils la qualité de service ?","Par le TDMA (Time Division Multiplex Access) : multiplexage temporel permettant à plusieurs stations d'accéder à la même fréquence, puis étiquettes 802.1p pour prioriser les flux (téléphonie, vidéo)."
"Différence entre couplage capacitif et couplage inductif en CPL ?","Le couplage capacitif (branchement direct sur une prise) est le plus utilisé ; le couplage inductif est plus efficace et réduit l'atténuation de 10 à 15 dB pour certaines fréquences."
"À quoi servent les injecteurs, répéteurs et filtres CPL ?","Injecteurs : brancher un équipement au niveau du tableau électrique. Répéteurs : régénérer le signal atténué (souvent inutiles, 200-300 m sur câble électrique, 800 m sur coaxial). Filtres : bloquer les fréquences perturbatrices ou empêcher le signal de sortir du réseau au compteur."
"Cite les trois modes de fonctionnement d'un réseau CPL.","Maître-esclaves (un maître gère les échanges, standards DS2 et SPiDCOM), Pair-à-Pair (tous les équipements au même niveau, HomePlug 1.x), Centralisé (un central gère mais les équipements peuvent aussi échanger directement, HomePlug AV)."
"Quel chiffrement les standards CPL utilisent-ils ?","Les premiers standards (HomePlug 1.x) : DES 56 bits (assez léger). Les versions récentes (UPA DS2, HomePlug AV) : AES 128 bits, beaucoup plus résistant ; l'appartenance à un réseau se paramètre par un couple nom de réseau / mot de passe."
"Quels sont les principaux inconvénients du CPL ?","Bruits fréquents et fortes atténuations (redondance nécessaire), qualité du réseau électrique déterminante, rayonnement jusqu'à ~100 m (le circuit électrique non blindé se comporte comme une antenne) perturbant les radio-amateurs et le matériel radio ; rayonnement supérieur au Wi-Fi."
"Classe les réseaux sans fil par zone de couverture croissante.","WPAN (Wireless Personal Area Network : Bluetooth, UWB), WLAN (Wireless LAN : Wi-Fi), WMAN (Wireless Metropolitan Area Network : boucle locale radio, WiMax), WWAN (réseaux étendus : Wi-Mobile, 3G, 4G)."
"Quel organisme régule le spectre radio en France et quelle bande est libre ?","L'ARCEP (ex-ART) ; toute bande de fréquences est soumise à autorisation et royalties, sauf la bande des 2,4 GHz en usage privé, totalement libérée."
"Quels réseaux Wi-Fi doivent faire une déclaration à l'ARCEP ?","Seuls les réseaux ouverts au public ; les réseaux internes à une propriété (hôtels, cybercafés) et les réseaux non ouverts au public (entreprises) n'ont pas à déclarer."
"Qu'est-ce que le WiMax et à quelle norme répond-il ?","Worldwide Interoperability for Microwave Access : un lien par ondes radio entre l'antenne de base de l'opérateur et l'abonné (norme IEEE 802.16) ; 70 Mbit/s théoriques (10 réels) sur ~50 km sans ligne de vue (20 km en pratique) ; alternative à l'ADSL pour les zones grises."
"Qu'est-ce que le mécanisme Grant/Request Access du WiMax ?","Un mécanisme d'allocation de bande passante à la demande qui alloue une bande passante à chaque utilisateur du relais pour éviter les collisions, avec des priorisations basées sur TCP/IP ; c'est une différence technique majeure avec le Wi-Fi."
"Qu'est-ce que Bluetooth et un piconet ?","Une technologie WPAN lancée par Ericsson en 1994 (norme IEEE 802.15.1), portée de 1 à 10-20 m sans vue directe, sur la bande 2,4 GHz ; un piconet est un petit réseau de 8 appareils au maximum autorisant des communications simultanées."
"Compare les principales versions de Bluetooth.","v1.x : 720 kbit/s (1 Mbit/s théorique). v2.0/2.1 EDR : 3 Mb/s théoriques. v3.0 HS : établissement de connexion par Bluetooth puis échange via une liaison Wi-Fi (jusqu'à 24 Mb/s). v4.x Low Energy : très faible consommation, IPv6/6LoWPAN en 4.2. v5 (décembre 2016)."
"Quels codages la couche physique du Wi-Fi (802.11) propose-t-elle ?","Deux techniques sur ondes radio (DSSS, Direct Sequence Spread Spectrum, qui permet les plus hauts débits, et FHSS, Frequency Hopping Spread Spectrum) et une technique infrarouge."
"Pourquoi la couche MAC du Wi-Fi fragmente-t-elle les données ?","Le support hertzien n'est pas fiable : le risque de corruption est plus grand sur de grosses trames, et leur retransmission serait pénalisante ; des paquets plus petits réduisent ce risque."
"Décris la norme 802.11a (WiFi 5).","54 Mbps théoriques (30 réels), 8 canaux radio dans la bande des 5 GHz, portée d'une trentaine de mètres, codage OFDM ; incompatible avec le 802.11b (sauf matériel dual band)."
"Décris la norme 802.11b.","Première norme Wi-Fi publiée (1999), 11 Mbps théoriques (6 réels), bande des 2,4 GHz, portée jusqu'à 300 m en environnement dégagé, moins sensible aux obstacles (béton, métal) que le 802.11a."
"Décris la norme 802.11g.","54 Mb/s théoriques (30 réels), bande des 2,4 GHz divisée en 13 canaux (Europe), portée théorique de 100 m ; compatibilité ascendante avec le 802.11b."
"Qu'apporte la norme 802.11n (2009) ?","300 Mb/s théoriques (100 réels) dans un rayon de 100 m, bandes 2,4 ou 5 GHz, grâce aux technologies MIMO (Multiple Input Multiple Output, jusqu'à 4 flux) et OFDM."
"Qu'apporte la norme 802.11ac (2013) ?","1300 Mbit/s théoriques dans la bande des 5 GHz, canaux de 20 à 160 MHz, jusqu'à 8 flux MIMO ; la fréquence augmentant, la portée tombe à environ 35 m en intérieur."
"Quels canaux non chevauchants utilise-t-on en 2,4 GHz en entreprise ?","Les canaux 1, 6 et 11 : sur la douzaine de canaux, il faut laisser 4 bandes libres entre cellules limitrophes, donc seuls 3 ou 4 canaux sont réellement exploitables."
"Qu'apporte la technologie MIMO (Multiple Input Multiple Output) ?","L'émission et la réception à partir de plusieurs antennes, ce qui double la portée maximale par rapport à une solution à une seule antenne."
"À quoi servent les normes 802.11e, 802.11i et 802.1x ?","802.11e : qualité de service sur la couche liaison (WMM, WiFi Multimedia). 802.11i : sécurité (WPA2, chiffrement, gestion des clés). 802.1x : authentification (un client non authentifié se voit interdire l'accès au réseau)."
"Quelle est la différence entre WEP, WPA et WPA2 ?","WEP (Wired Equivalent Privacy) : chiffrement d'origine, faible. WPA : sous-ensemble de 802.11i s'appuyant sur l'authentification 802.1x et le protocole TKIP (successeur de WEP). WPA2 : la norme 802.11i complète (AES), incompatible avec les matériels de première génération."
"Qu'est-ce que le NAV (Network Allocation Vector) en CSMA/CA ?","Un temporisateur calculé par chaque station à chaque trame émise, qui détermine l'instant où le support sera libéré (fin de la trame en cours et de son acquittement) et retarde les transmissions ultérieures."
"Qu'est-ce que le DIFS et la DCF en CSMA/CA ?","Le DIFS (Distributed Inter Frame Space) est le temps pendant lequel une station doit trouver le support libre avant d'émettre. La DCF (fonction de coordination distribuée) oblige la station à patienter durant le DIFS même si le support est libre, puis un délai aléatoire."
"Qu'est-ce que le VCS (Virtual Carrier Sense) et le problème de la station cachée ?","Un mécanisme optionnel de niveau MAC : la source émet un RTS (Request To Send), le destinataire répond par un CTS (Clear To Send), reçu par toutes les stations à portée qui calculent leur NAV et se taisent ; utile pour les grosses trames et le problème de la station cachée (deux stations qui entendent un intermédiaire mais pas l'une l'autre) : les collisions n'ont lieu que sur les petits RTS."
"Différence entre SSID et BSSID en Wi-Fi ?","Le SSID (Service Set Identifier, jusqu'à 32 caractères) identifie le réseau : deux stations qui veulent communiquer doivent avoir le même SSID. Le BSSID (Basic Service Set Identifier) est l'adresse MAC de l'équipement Wi-Fi et l'identifie de manière unique."
"Cite les trois topologies prévues par la norme 802.11.","IBSS (Independent Basic Service Set, ad-hoc : machines communiquant directement sans point d'accès, routage IP). BSS (Basic Service Set : stations rattachées à un même AP ; mode infrastructure s'il y a un port Ethernet). ESS (Extended Service Set : plusieurs BSS reliés par un Distribution System, même SSID)."
"Quels sont les trois types de trames Wi-Fi ?","Les trames de données, les trames de contrôle (RTS, CTS, ACK pour gérer l'accès au support) et les trames de gestion (association et désassociation d'une station avec un AP) ; toutes ont le format des trames Ethernet."
"Qu'est-ce que le roaming (itinérance) en Wi-Fi ?","La possibilité pour une station de changer de point d'accès sans perdre la connectivité ; généralement implémenté par des protocoles propriétaires, la norme 802.11f n'étant que des recommandations."
"Qu'est-ce que HiperLAN 2 ?","Le pendant européen de la norme IEEE 802.11a : même interface radio mais couche MAC différente (division temporelle TDMA/TDD au lieu de CSMA) ; intègre la séparation des flux et le scheduling, mieux conçu que 802.11a mais cher et peu répandu."
"Quel est le principe de base du protocole IP ?","Faire ce qui est possible pour transporter les datagrammes de leur source vers leur destination, que les stations soient sur un même réseau ou sur des réseaux différents, sans garantie de succès."
"Quel est le document de référence de la famille de protocoles TCP/IP ?","Le RFC 1122 ; TCP/IP est indépendant des couches basses (Ethernet, Token Ring, X25), recouvre les couches 3 à 7 du modèle OSI et lui est antérieur."
"Quelle est la longueur d'une adresse IPv4 et comment l'écrit-on ?","32 bits (4 octets), écrite octet par octet séparés par un point : la notation décimale pointée (ex. 192.33.160.20)."
"De quelles deux parties se compose une adresse IPv4 ?","L'identifiant du réseau (Net-ID) et l'identifiant de l'hôte sur ce réseau (Host-ID)."
"Décris la classe A des adresses IPv4.","Identifiant réseau sur 8 bits, premier bit à 0 ; premier octet entre 1 et 127 ; forme RRR.HHH.HHH.HHH ; 127 réseaux d'environ 16 millions d'hôtes chacun ; réservée aux très grandes entreprises."
"Décris la classe B des adresses IPv4.","Identifiant réseau sur 16 bits, deux premiers bits à 10 ; premier octet entre 128 et 191 ; forme RRR.RRR.HHH.HHH ; environ 16 000 réseaux de plus de 65 000 hôtes ; adaptée aux grandes entreprises."
"Décris la classe C des adresses IPv4.","Identifiant réseau sur 24 bits, trois premiers bits à 110 ; premier octet entre 192 et 223 ; forme RRR.RRR.RRR.HHH ; plus de 2 millions de réseaux de 254 hôtes ; adaptée aux entreprises de taille moyenne."
"À quoi servent les classes D et E des adresses IPv4 ?","La classe D est utilisée par le multicast (envoi à un groupe de machines) ; la classe E était initialement réservée pour d'autres usages d'IP. Elles ne distinguent pas Net-ID et Host-ID."
"Quel organisme attribue les adresses de réseau IP ?","Le NIC (Network Information Center) ; un réseau local non relié à Internet peut choisir librement ses adresses, mais un raccordement ultérieur imposerait de revoir tout le plan d'adressage."
"Quel type de service le protocole IP offre-t-il ?","Une simple remise de datagrammes en mode non connecté ; chaque paquet est indépendant des autres ; IP ne gère pas le contrôle de flux (assuré par TCP)."
"Quels trois services IP procure-t-il aux couches supérieures ?","L'acheminement de l'unité de données, la gestion des requêtes de service et le rapport des erreurs de transmission."
"Que fait IP selon que le destinataire est sur le même réseau ou non ?","Sur le même réseau : le paquet est envoyé directement à la station destinataire. Sur un autre réseau : IP envoie le paquet à un routeur, qui l'achemine vers la destination ou un sous-réseau intermédiaire."
"Qu'est-ce que la MTU (Maximum Transfer Unit) ?","La taille maximale du bloc de données contenu dans une trame d'un protocole de couche Liaison (1500 octets pour Ethernet) ; elle varie selon les réseaux traversés."
"Quand la fragmentation d'un datagramme IP devient-elle nécessaire ?","Dès qu'un datagramme de grande taille arrive sur une portion de réseau dont la MTU n'accepte que des datagrammes plus courts ; on ne peut pas savoir à l'avance si un paquet sera fragmenté."
"Que se passe-t-il pour un datagramme marqué « non fractionnable » qui ne peut pas être acheminé sans fragmentation ?","Il est rejeté."
"En blocs de combien d'octets les données sont-elles divisées lors de la fragmentation IP ?","En portions multiples de 8 octets (64 bits), sauf la dernière portion ; le champ Fragment Offset indique la position du fragment en blocs de 8 octets (0 pour le premier)."
"Où et comment un datagramme fragmenté est-il réassemblé ?","Uniquement par le destinataire final (jamais par les équipements intermédiaires) ; il recombine les fragments dont les champs identification, source, destination et protocole sont identiques, à la position indiquée par le Fragment Offset."
"Que se passe-t-il si un fragment manque à l'arrivée d'un datagramme IP ?","Le manque est détecté au réassemblage, tous les autres fragments sont supprimés, il n'y a pas de retransmission et rien n'est remonté à la couche Transport."
"Que contient le champ TOS (Type Of Service) de l'en-tête IPv4 ?","Une indication sur la qualité de service souhaitée : 3 bits de priorité, 1 bit Delay (faible retard), 1 bit Throughput (haut débit), 1 bit Reliability (faible taux d'erreur), 2 bits à 0 ; il est déconseillé d'activer plus de deux optimisations sur trois."
"Quelle est la longueur totale maximale codable dans l'en-tête IPv4 et la valeur recommandée ?","65 535 octets (champ Longueur totale sur 16 bits) ; il est recommandé de n'envoyer des datagrammes de plus de 576 octets que si la destination peut les accepter."
"À quoi sert le champ TTL (Time To Live) de l'en-tête IPv4 ?","À limiter la durée de vie d'un datagramme dans le réseau (éviter les boucles de routage et la congestion) : il est décrémenté d'une unité à chaque passage dans un routeur et le datagramme est détruit quand le TTL devient nul."
"Par qui le champ Protocole de l'en-tête IPv4 est-il utilisé ?","Uniquement par le destinataire final, pour déterminer à quel protocole de couche 4 remettre les données du datagramme."
"Sur quoi porte le checksum de l'en-tête IPv4 et quand est-il recalculé ?","Sur l'en-tête uniquement ; comme certains champs (ex. TTL) sont modifiés en transit, il doit être recalculé et vérifié à chaque routeur où l'en-tête est réinterprété."
"À quoi sert le protocole ARP (Address Resolution Protocol) ?","À trouver l'adresse physique (MAC, 48 bits) d'un hôte à partir de son adresse logique (IP, 32 bits) : la station émet une requête ARP en broadcast contenant l'IP cible, seul l'hôte concerné répond avec sa paire (IP, MAC)."
"Qu'est-ce que le cache ARP ?","Une table de mise en correspondance des adresses logiques et physiques récemment acquises que chaque hôte gère ; le protocole vérifie le cache avant de diffuser une requête en broadcast (mécanisme coûteux)."
"À quoi sert le protocole RARP (Reverse ARP) ?","À permettre à une station sans disque (qui ne connaît que son adresse physique) d'acquérir sa propre adresse logique auprès d'un serveur d'adresses RARP disposant d'une table physique-logique ; émis dès la mise sous tension, avant le chargement de l'OS."
"Que valent les codes d'opération 1, 2, 3 et 4 dans une trame ARP ?","1 : requête ARP ; 2 : réponse ARP ; 3 : requête RARP ; 4 : réponse RARP."
"Qu'est-ce que le protocole ICMP (Internet Control Message Protocol) ?","Un protocole d'échange de messages de tests et de contrôle entre hôtes, permettant de signaler des problèmes réseau ; ses datagrammes sont encapsulés dans des datagrammes IP ; il fait partie intégrante d'IP et doit être implémenté dans chaque module IP."
"ICMP rend-il le protocole IP fiable ?","Non : ICMP sert uniquement à signaler l'apparition d'erreurs dans l'environnement IP, pas à garantir l'acheminement ; les protocoles de niveau supérieur doivent implémenter leur propre contrôle d'erreur et retransmission."
"Cite les principaux problèmes qu'ICMP peut remonter.","Destination injoignable (un routeur ne peut acheminer un datagramme), Dépassement de temps (durée de vie expirée), Problème de paramètre (en-tête IP non reconnu), Saturation d'un élément du réseau (routeur à court de mémoire)."
"Pourquoi aucun message ICMP n'est-il émis en réponse à un message ICMP ?","Pour éviter un cercle vicieux de réémission de messages de contrôle en réponse à d'autres messages de contrôle ; de même, ICMP n'est émis que pour le fragment zéro d'un datagramme fragmenté."
"Comment fonctionne la commande ping et quel protocole utilise-t-elle ?","Elle utilise ICMP : la machine source envoie à intervalles réguliers un message « echo request » à la machine cible, qui répond par un « echo reply » ; cela teste la connectivité."
"Que définit la RFC 1918 ?","Trois plages d'adresses réservées à un usage privatif, non routées sur Internet et utilisables sans déclaration : 10.0.0.0/8 (classe A), 172.16.0.0 à 172.31.255.255 (classe B), 192.168.0.0/16 (classe C)."
"Quel mécanisme est nécessaire pour faire communiquer deux réseaux utilisant des adresses privées ?","La translation d'adresses NAT (Network Address Translation), puisqu'aucune garantie d'unicité des adresses ne peut être assurée entre les deux organisations."
"Quels sont les masques de réseau par défaut des classes A, B et C ?","Classe A : 255.0.0.0. Classe B : 255.255.0.0. Classe C : 255.255.255.0."
"Que signifie la notation /X pour un masque de sous-réseau ?","X est le nombre de bits à 1 identifiant le réseau (le Network-id) ; par exemple 100.10.5.1/8 a pour masque 255.0.0.0."
"Pourquoi une adresse IP communiquée sans son masque est-elle une information incomplète ?","Une adresse IP est indissociable du masque de sous-réseau qui lui est appliqué : le masque est indispensable pour comprendre et faire fonctionner le réseau IP."
"Comment obtient-on l'adresse du réseau à partir d'une adresse d'hôte et d'un masque ?","En effectuant un ET logique bit à bit entre l'adresse de l'hôte et le masque de sous-réseau (1 et 1 = 1, sinon 0)."
"À quoi sert le masque de sous-réseau ?","À déterminer si deux équipements appartiennent au même segment physique et donc au même sous-réseau."
"Qu'est-ce qu'une adresse de diffusion dirigée ?","Une adresse dont tous les bits de la partie host-id sont à 1 (X.255.255.255 en classe A, X.Y.255.255 en classe B, X.Y.Z.255 en classe C) : la diffusion est destinée à tous les équipements du réseau ; elle n'est jamais adresse source, toujours adresse de destination."
"Qu'est-ce que l'adresse de diffusion limitée 255.255.255.255 ?","Une adresse de destination qui réduit la diffusion au réseau local lui-même, sans franchir de routeur (niveau 3 du modèle OSI)."
"Quelle classe d'adresses et quel protocole la multidiffusion utilise-t-elle ?","Une adresse de classe D comme adresse de destination ; le protocole IGMP (Internet Group Management Protocol) gère les groupes ; à ne pas confondre avec ICMP (signalement d'erreurs)."
"Quelles sont les deux significations de l'adresse 0.0.0.0 ?","Avec DHCP : un hôte requiert une adresse à un serveur DHCP. Dans une table de routage : entrée du routeur (passerelle) par défaut. Elle ne peut être utilisée que comme adresse source."
"Quel est le principe du sous-adressage (subnetting, RFC 950) ?","Ajouter un 3e niveau hiérarchique aux deux niveaux existants en divisant le champ host-id en deux parties : le subnetwork-id (identifie le segment) et le host-id (adresse les équipements du segment)."
"Le subnetting est-il visible depuis l'extérieur du réseau privé ?","Non : la structure de sous-réseaux n'est pas visible de l'extérieur ; le routage sur Internet ne prend en compte que le masque traditionnel aligné sur l'octet (le Network-id parent) ; seul le routeur local différencie les sous-réseaux."
"Combien de bits faut-il pour coder 8 sous-réseaux ?","3 bits (2 puissance 3 = 8) à ajouter au masque de réseau par défaut ; ex. 192.168.1.0/24 devient /27 (255.255.255.224)."
"Comment calculer le nombre d'adresses par sous-réseau à partir de la valeur du dernier octet du masque ?","256 moins la valeur décimale du subnetwork-id ; ex. 256 - 224 = 32 adresses par sous-réseau (adresse de sous-réseau et adresse de diffusion comprises)."
"Comment déterminer le masque de sous-réseau à partir d'un nombre de sous-réseaux souhaité (méthode par division) ?","Diviser 256 par le nombre de sous-réseaux (256/8 = 32 adresses/sous-réseau), puis retrancher ce résultat de 256 (256 - 32 = 224) pour obtenir la valeur du dernier octet du masque (255.255.255.224)."
"Pour adresser 70 hôtes par sous-réseau, combien de bits faut-il pour le host-id et quel masque ?","La puissance de 2 immédiatement supérieure à 70 (plus 2 adresses de service) est 2 puissance 7 = 128, donc 7 bits pour le host-id (126 hôtes adressables) ; masque 255.255.255.128 ou /25."
"Comment se déduit l'adresse de diffusion d'un sous-réseau ?","Adresse du dernier hôte + 1 ; ou : adresse du sous-réseau suivant - 1. L'adresse de diffusion + 1 donne l'adresse du sous-réseau suivant."
"Pourquoi la RFC 950 recommandait-elle de ne pas utiliser le premier et le dernier sous-réseau ?","Pour éviter la confusion : le réseau 195.1.1.0/24 et le sous-réseau 195.1.1.0/27 s'écrivent de la même façon ; RIPv1 ne permet pas leur utilisation."
"Comment autoriser le sous-réseau numéro 0 sur un routeur Cisco ?","En ajoutant l'instruction ip subnet-zero dans la configuration du routeur ; RIPv2 et OSPF gèrent nativement les deux sous-réseaux car ils véhiculent les masques."
"Quel est l'inconvénient du subnetting classique par rapport au VLSM ?","Le subnetting ne supporte qu'un seul masque de sous-réseau : il fige l'organisation en un nombre fixe de sous-réseaux ayant chacun un nombre fixe d'adresses."
"Qu'est-ce que le VLSM (Variable Length Subnet Masking, RFC 1878) ?","Une technique consistant à appliquer récursivement le sous-adressage : le réseau est divisé en sous-réseaux, dont un ou plusieurs sont eux-mêmes divisés en sous-réseaux plus petits, et ainsi de suite ; masques de longueur variable."
"Quels protocoles de routage supportent le VLSM ?","RIPv2 et OSPF (ils transportent les informations de masque à chaque signalisation de route, avec authentification MD5) ; RIPv1 ne supporte pas le VLSM (masque unique par réseau)."
"Qu'est-ce que la route aggregation (groupement de routes) permise par le VLSM ?","Le regroupement de plusieurs routes de sous-réseaux proches en une seule route, ce qui réduit la taille des tables de routage, à condition d'implémenter la plus grande occurrence du masque sur tous les routeurs de la chaîne."
"Qu'est-ce que le CIDR (Classless Inter-Domain Routing) ?","Le sur-adressage (supernetting) : une technique de routage Internet sans classe créée par l'IETF en 1992 (RFC 1338, 1517-1520), utilisée par les fournisseurs d'accès pour attribuer de grands blocs d'adresses de classe C aux très grandes organisations."
"Quels problèmes le CIDR devait-il résoudre en 1992 ?","Le proche épuisement des classes B, la taille grandissante des tables de routage et l'éventuelle saturation de l'adressage sur 32 bits."
"Comment le CIDR détermine-t-il la séparation entre numéro de réseau et numéro d'hôte ?","Les routeurs utilisent la longueur du préfixe réseau CIDR (dont chaque routeur est averti), et non les 3 bits de début des classes A, B ou C : le concept de classe est éliminé."
"Combien d'adresses individuelles un préfixe CIDR /20 permet-il d'affecter ?","4096 adresses (32 - 20 = 12 bits, 2 puissance 12 = 4096), soit l'équivalent de 16 classes C."
"Quelle est la distinction fondamentale entre VLSM et CIDR ?","Le VLSM est utilisé pour des besoins internes à une organisation ; le CIDR est avant tout orienté vers les fournisseurs d'accès Internet."
"Quelle technique d'optimisation d'adressage IP est la plus utilisée en pratique ?","Le sous-adressage ou subnetting."
"Combien y a-t-il de réseaux de classe B et de classe C ?","16 384 réseaux de classe B (14 bits significatifs) et 2 097 152 réseaux de classe C (21 bits significatifs)."
"Quel avertissement le cours donne-t-il sur le « théoriquement supportable » d'un protocole de routage ?","Le fait qu'un protocole supporte une fonctionnalité ne signifie pas que sa mise en œuvre soit conseillée ou performante : le « théoriquement supportable » peut devenir « pratiquement inexploitable »."
"À quoi sert le fichier /etc/passwd et quand est-il consulté ?","C'est la liste des utilisateurs reconnus par le système ; consulté au moment du login pour déterminer l'UID de l'utilisateur, son répertoire et d'autres informations."
"Quels sont les 7 champs d'une ligne de /etc/passwd ?","Login, mot de passe crypté, UID, GID par défaut, informations GECOS (nom, bureau, téléphone), répertoire personnel, shell de connexion ; séparés par « : »."
"Que contient le champ mot de passe de /etc/passwd sur les systèmes modernes ?","Un x (Linux, Solaris, HP-UX) ou un « ! » ou « * » (AIX) : le mot de passe crypté est déplacé dans un fichier séparé non lisible."
"Où sont stockés les mots de passe cryptés selon le système ?","Dans /etc/shadow sur Linux, Solaris et HP-UX ; dans /etc/security/passwd sur AIX. Ces fichiers ne sont lisibles que par le superutilisateur."
"Quel fichier permet d'intégrer les données d'un service d'annuaire (NIS, LDAP) avec les fichiers locaux ?","/etc/nsswitch.conf (/etc/nscontrol.conf sur AIX) ; des entrées commençant par + ou - dans /etc/passwd indiquent aussi comment intégrer ces données."
"Quelles contraintes s'appliquent à un nom de login ?","Unique, sensible à la casse, ne peut jamais contenir de « : » ni de fin de ligne (séparateurs) ; historiquement limité à 8 caractères alphanumériques ; NIS/NIS+ limite à 8 caractères ; un utilisateur doit avoir le même login sur chaque machine."
"Cite des algorithmes de chiffrement de mot de passe et leur préfixe.","crypt/DES (13 caractères), MD5 (34 caractères, préfixe $1$), Blowfish (préfixe $2a$, défaut SUSE), SHA256 (préfixe $5$, défaut OpenSolaris), SHA512 ; MD5 permet des longueurs arbitraires mais a des faiblesses connues."
"Quel UID a l'utilisateur root et quelle est la nature des UID ?","root a toujours l'UID 0 ; les UID sont des entiers non signés 32 bits ; le logiciel et le système de fichiers utilisent l'UID en interne, le login servant à l'humain."
"Comment protège-t-on les comptes de pseudo-utilisateurs (bin, daemon) ?","On leur donne un UID faible et un shell fictif (par exemple /bin/false) pour empêcher toute connexion avec ces comptes ; on les place au début de /etc/passwd."
"Quand le pseudo-utilisateur « nobody » est-il utilisé ?","Quand l'utilisateur root tente d'accéder à des fichiers montés en NFS depuis une autre machine qui ne fait pas confiance à la première ; le système lui attribue une grande valeur d'UID."
"Pourquoi ne faut-il pas réutiliser un UID, même après suppression d'un utilisateur ?","Pour éviter la confusion si des fichiers sont restaurés depuis des sauvegardes où les utilisateurs sont identifiés par l'UID plutôt que par le login ; un UID = un login = une personne sur toutes les machines."
"Pourquoi ne faut-il pas avoir plusieurs comptes avec l'UID 0 ?","Cela crée des trous de sécurité ; pour d'autres accès root, on utilise un programme comme sudo."
"Quel GID est réservé et à quoi servent les groupes aujourd'hui ?","GID 0 est réservé au groupe root (ou system) ; les groupes servent aujourd'hui principalement à partager l'accès aux fichiers (autrefois à la comptabilité du temps CPU et du disque)."
"Comment un nouveau fichier peut-il hériter du groupe de son répertoire parent ?","En positionnant le bit setgid (02000) sur le répertoire, ou en montant le système de fichiers avec l'option grpid."
"Comment la commande finger interprète-t-elle le champ GECOS ?","Comme des valeurs séparées par des virgules : nom complet (souvent le seul rempli), numéro de bureau et bâtiment, poste téléphonique de bureau, numéro de téléphone personnel ; la commande chfn permet à l'utilisateur de les modifier."
"Que se passe-t-il si le répertoire personnel d'un utilisateur est manquant au login ?","Le système affiche un message « aucun répertoire » et place l'utilisateur dans / ; sous Linux, si DEFAULT_HOME est à « no » dans /etc/login.defs, le login est refusé."
"Quels sont les shells par défaut selon le système ?","bash (Bourne Again shell) pour Linux et Solaris, ksh (Korn shell) pour AIX, sh étant le shell traditionnel d'Unix ; sous Linux sh et csh sont des liens vers bash et tcsh."
"À quoi sert la commande chsh et quelle est sa contrainte ?","Elle permet de changer le shell d'un utilisateur ; Linux limite les changements aux shells listés dans /etc/shells (avec des chemins absolus) ; sur Solaris seul le superutilisateur peut le faire (passwd -e)."
"Combien de champs contient une ligne de /etc/shadow ?","Neuf champs séparés par « : » : login, mot de passe crypté, date du dernier changement, minimum de jours entre changements, maximum de jours, jours d'avertissement avant expiration, jours après expiration avant désactivation (Linux) ou inactivité (Solaris/HP-UX), date d'expiration du compte, champ réservé."
"En quelle unité les dates de /etc/shadow sont-elles exprimées ?","En jours (pas en secondes) depuis le 1er janvier 1970 ; conversion : expr `date +%s` / 86400."
"Quel utilitaire harmonise les contenus de /etc/passwd et /etc/shadow ?","pwconv (Solaris, HP-UX, Linux) ; sous Linux il complète les paramètres par défaut à partir de /etc/login.defs."
"Comment forcer un utilisateur à changer son mot de passe à la prochaine connexion ?","passwd -f username (Solaris) ; pwdadm (AIX) ; utile après un audit de mots de passe non sécurisés."
"Quels sont les 4 champs d'une ligne de /etc/group ?","Nom du groupe, mot de passe crypté ou espace réservé, numéro GID, liste des membres séparés par des virgules (sans espaces)."
"Que se passe-t-il en cas de conflit d'appartenance entre /etc/passwd et /etc/group ?","Le fichier /etc/passwd est prioritaire : si un utilisateur a un groupe par défaut dans /etc/passwd mais n'y figure pas dans /etc/group, c'est /etc/passwd qui l'emporte."
"À quoi servent newgrp, gpasswd et /etc/gshadow ?","Un mot de passe de groupe (rarement utilisé) permet à un utilisateur non membre d'entrer dans le groupe avec newgrp ; gpasswd le configure et la forme cryptée est stockée dans /etc/gshadow."
"Quelle est la limite du nombre de groupes auxquels un utilisateur peut appartenir ?","Historiquement 8 ; aujourd'hui 16 sur Solaris, 20 sur HP-UX, apparemment illimité sur AIX et Linux."
"Quelles commandes gèrent les groupes sous Linux, Solaris et HP-UX ?","groupadd (créer), groupmod (modifier), groupdel (supprimer) ; sous AIX on édite /etc/group et on vérifie la syntaxe avec grpck."
"Cite les grandes étapes de l'ajout d'un utilisateur.","Faire signer le contrat de politique d'utilisation, modifier passwd et shadow, ajouter l'utilisateur à /etc/group, définir un mot de passe initial, créer et chown/chmod le répertoire personnel, configurer rôles et permissions, copier les fichiers de démarrage (/etc/skel), configurer la messagerie, vérifier et enregistrer dans une base."
"Quelles commandes gèrent les comptes utilisateurs et quel privilège faut-il ?","useradd, userdel, usermod (mêmes noms sur tous les systèmes, programmes différents) ; il faut être root (ou avoir les privilèges UserAdmin sur AIX)."
"Que sont les fichiers de démarrage et où sont conservés leurs modèles ?","Des fichiers cachés commençant par un point et se terminant par « rc » (run command, hérité de CTSS) ; les modèles sont dans /etc/skel (Linux, Solaris, HP-UX), /etc pour tous, /etc/security sur AIX ; Linux utilise aussi /etc/profile.d."
"Quelle est la différence entre un programme et un processus ?","Un programme est un objet statique (une suite d'instructions dans un fichier) ; un processus est un objet dynamique (un programme en cours d'exécution et son contexte)."
"Qu'est-ce que le changement de contexte (context switching) ?","L'opération consistant à sauvegarder le contexte du processus courant puis à rétablir celui du processus suivant, pour qu'il reprenne son exécution là où il a été interrompu ; il est essentiellement assuré par les couches matérielles pour être très rapide."
"Quand un changement de contexte survient-il ?","Après chaque quantum de temps, chaque fois que le noyau prend la main, et chaque fois qu'un processus est dessaisi du processeur avant la fin de son quantum (attente d'une entrée-sortie par exemple)."
"Qu'est-ce que l'ordonnancement des processus ?","L'ordre dans lequel le système d'exploitation attribue le processeur aux processus pour un quantum de temps ; la politique reflète l'usage de la machine (calcul intensif = grands quantums, tâches interactives = petits quantums)."
"Cite les cinq critères historiques d'une politique d'ordonnancement.","Efficacité (ne jamais laisser le processeur inoccupé), rendement (maximum de programmes en un temps donné), temps d'exécution (chaque programme le plus vite possible), interactivité (faible temps de réponse), équité (autant de quantums pour chacun)."
"Comment un système monoprocesseur simule-t-il le parallélisme des processus ?","Par pseudo-parallélisme : l'ordonnanceur (scheduler) bascule très rapidement d'un processus à un autre ; à un instant donné, un seul processus a réellement accès au processeur."
"Qu'est-ce que la réentrance d'un programme ?","Le fait que plusieurs processus exécutent simultanément la même copie d'un même programme."
"Quelles sont les trois notions structurelles de la gestion des processus sous Unix/Linux ?","L'espace mémoire d'un processus, la table des processus et la liste des états d'un processus."
"Comment s'établit la hiérarchie des processus sous Unix/Linux ?","Tout processus est créé par un autre : le processus père crée le processus fils ; chaque fils n'a qu'un seul père, mais un père peut avoir plusieurs fils, d'où une arborescence dont init (PID 1) est l'ancêtre."
"Quels deux types de processus init crée-t-il ?","Des processus interactifs associés à un terminal particulier, et des processus non interactifs (daemons) rattachés à aucun terminal."
"Que fait l'appel système fork() ?","Il duplique (clone) le processus appelant : allocation d'une entrée dans la table des processus, duplication de la zone u, copy-on-write ; l'exécution continue dans les deux processus après l'appel."
"Que retourne fork() dans le père, dans le fils, et en cas d'échec ?","Dans le père : le PID du fils créé. Dans le fils : 0. En cas d'échec (manque de mémoire ou trop de processus) : -1, et aucun fils n'est créé."
"Que fait l'appel système exec() ?","Il recouvre le processus par un autre exécutable : on libère tout sauf l'entrée dans la table des processus et la zone u, puis on alloue les zones texte, données, pile et tas pour le programme chargé ; le PID est conservé."
"À quoi servent les appels wait() et exit() ?","wait() : attente de la terminaison d'un fils, récupération de son code de sortie et disparition définitive du fils. exit(n) : termine le processus appelant (qui passe en état zombie, seule l'entrée dans la table subsiste) et retourne un code de sortie n récupérable par le père."
"Pourquoi les threads sont-ils apparus par rapport à fork() ?","fork() duplique toutes les structures mémoire, ce qui est coûteux ; un thread (lightweight process) n'est constitué que d'un compteur ordinal, d'une pile et d'un jeu de registres, tout le reste étant partagé avec le processus (création ~60 % plus rapide)."
"Cite des avantages et des risques des threads.","Avantages : création rapide, applications concurrentes transparentes sur machines mono ou multiprocesseurs, applications non bloquantes (E/S), meilleur temps de réponse (ex. Apache 2.x). Risques : race conditions, non-réentrance (variables statiques ou globales à bannir), deadlocks ; le code doit être thread safe."
"Cite les trois catégories courantes de processus Unix/Linux.","Interactifs (associés à un terminal, avant-plan ou arrière-plan), en lots / batch (non associés à un terminal, file d'attente exécutée en séquence), daemons ou processus serveurs (tournent en permanence, démarrés par les scripts d'initialisation, ex. crond, syslogd)."
"Que sont les attributs PID et PPID d'un processus ?","PID : nombre identifiant le processus, attribué par fork et conservé par exec. PPID : identité du processus père (créateur)."
"Que représentent UID, EUID et SUID d'un processus ?","UID : identifiant réel du propriétaire (celui du processus père). EUID : identifiant effectif. SUID : identifiant sauvegardé."
"Différence entre exécution en mode synchrone et asynchrone d'un processus fils ?","Synchrone (avant-plan / foreground) : le père attend la fin du fils, exécution en séquence. Asynchrone (arrière-plan / background, avec &) : le père n'attend pas, exécution en parallèle. Par défaut le shell exécute en mode synchrone."
"À quoi correspondent les descripteurs de fichiers 0, 1 et 2 ?","0 : l'entrée standard (clavier par défaut). 1 : la sortie standard (écran par défaut). 2 : la sortie d'erreur (écran par défaut)."
"Que font les redirections >, >> et < ?","commande > fichier : redirige la sortie standard vers un fichier (écrase). commande >> fichier : ajoute à la fin du fichier. commande < fichier : spécifie un fichier comme entrée standard."
"Que fait la redirection 2>&1 et l'expression > /dev/null 2>&1 ?","2>&1 : redirige la sortie d'erreur vers la même destination que la sortie standard. > /dev/null 2>&1 : dirige toute la sortie (standard et erreur) vers /dev/null, en l'ignorant efficacement (fréquent dans la crontab)."
"Quelles options de ps utilise-t-on selon le système ?","ps -aux sur les systèmes de type BSD, ps -edf sur les systèmes de type AT&T (System V)."
"Quel rôle jouent les signaux au niveau des processus ?","Le même rôle que les exceptions et les interruptions au niveau du processeur : un signal avertit un processus d'un événement synchrone (propre au programme) ou asynchrone (extérieur) ; correspondances numéro/nom dans /usr/include/signal.h."
"Que font les signaux SIGHUP, SIGINT, SIGKILL, SIGTERM et SIGSEGV ?","SIGHUP : rupture de ligne, aujourd'hui demande aux démons de relire leur configuration. SIGINT : interruption (Ctrl-C). SIGKILL : tue le processus. SIGTERM : demande de terminaison propre. SIGSEGV : violation de segment (souvent un pointeur nul)."
"À quoi sert la commande kill ?","À envoyer n'importe quel signal à n'importe quel processus du même propriétaire (via l'appel système kill) ; kill -l affiche la liste des signaux du système."
"À quoi servent les commandes at et crontab ?","at lance une commande de façon différée à une date donnée (at -l liste les travaux en attente). crontab lance des commandes à intervalles réguliers ou à certaines dates (crontab -e pour éditer, -l pour lister) ; cron reconnaît $USER, $HOME et $SHELL et peut envoyer un courrier à l'administrateur."
"Pourquoi la sauvegarde est-elle indispensable sous Unix/Linux ?","Parce qu'aucun mécanisme ne permet de récupérer un fichier une fois qu'il a été supprimé : la sauvegarde joue le rôle d'une assurance contre la perte de données."
"Vers quels supports peut-on effectuer une sauvegarde sous Unix/Linux ?","Vers n'importe quel périphérique accessible en mode caractère, vers un simple fichier, vers un autre disque ou vers une autre machine."
"Quelle est la différence entre sauvegarde et archivage ?","La sauvegarde est une recopie des données de production ou système sur un média compatible avec les moyens de restauration, destinée à faire face à un incident. L'archivage est la conservation de données (et des équipements pour les exploiter) pour des raisons juridiques, fiscales, administratives ou sociales : on parle d'archivage « légal »."
"Quelles sont les cinq questions de base d'une politique de sauvegarde ?","Quoi ? (quels fichiers), Où ?, Qui ?, Comment ? et Quand ?"
"Quels fichiers faut-il sauvegarder ?","En principe tous, à l'exception des fichiers temporaires, avec des nuances (par exemple les systèmes d'exploitation déjà disponibles sur CD)."
"Quels éléments permettent d'évaluer le support nécessaire à une sauvegarde ?","La quantité de données à sauvegarder, le délai de restauration acceptable, les périphériques de stockage disponibles, le degré d'automatisation souhaité et le temps disponible pour réaliser la sauvegarde."
"En quoi consiste la planification d'une stratégie de sauvegarde ?","On établit d'abord un plan idéal théorique (données cibles, fréquence, découpage global/différentiel) hors contraintes, puis on l'adapte aux contraintes organisationnelles et techniques du site, enfin on l'affine par des tests répétés sur des jeux de volumétries estimées."
"Que faut-il copier pour pouvoir restaurer tout un système après effacement total ?","Tous les fichiers utilisateur, les fichiers système personnalisés (par exemple /etc/passwd), les fichiers système ajoutés depuis l'installation initiale et tous les produits additionnels intégrés depuis l'installation."
"Que désignent les fichiers inclus, exclus et les diagrammes (terminologie HP-UX) ?","Fichiers inclus : répertoires et fichiers faisant partie de la sauvegarde (un répertoire entraîne tous ses sous-répertoires). Fichiers exclus : exceptions situées dans un répertoire inclus mais non sauvegardées. Diagrammes : fichiers texte contenant la liste exhaustive des répertoires et fichiers à sauvegarder."
"Qu'est-ce qu'une sauvegarde locale ?","Une sauvegarde de travail qui ne quitte pas le site de production, disponible rapidement, utilisée pour restaurer quelques fichiers altérés ou supprimés ou remettre à disposition d'anciennes versions ; sa durée de conservation correspond à la durée de vie des données."
"Qu'est-ce qu'une sauvegarde externalisée ?","Une sauvegarde destinée à la reprise d'activité après un sinistre majeur, stockée sur un site éloigné du site de production (société spécialisée ou site de secours) et transportée dès sa réalisation, afin qu'un même sinistre ne puisse pas atteindre les deux."
"Qu'est-ce qu'une sauvegarde complète ?","Une sauvegarde où tous les fichiers sont enregistrés sans tenir compte d'une sauvegarde antérieure."
"Qu'est-ce qu'une sauvegarde différentielle et comment la restaure-t-on ?","Elle n'enregistre que ce qui a changé depuis la dernière sauvegarde complète ; pour tout restaurer il suffit de restaurer la sauvegarde complète puis la dernière différentielle."
"Qu'est-ce qu'une sauvegarde incrémentale et comment la restaure-t-on ?","Elle n'enregistre que ce qui a changé depuis la dernière sauvegarde quelle qu'elle soit (complète, différentielle ou incrémentale) ; pour tout restaurer il faut restaurer la dernière complète puis toutes les incrémentales suivantes, dans l'ordre."
"Comment fonctionnent les niveaux de sauvegarde de 0 à 9 ?","Le niveau 0 correspond à une sauvegarde intégrale ; le niveau 1 sauvegarde les fichiers modifiés depuis la dernière sauvegarde de niveau 0 ; le niveau 2 ceux modifiés depuis le dernier niveau 1, et ainsi de suite."
"Que signifie « sauvegarde intégrale » dans ce contexte ?","La sauvegarde de tous les fichiers de la liste des fichiers inclus, indépendamment de la dernière sauvegarde : ce n'est pas la sauvegarde de l'ensemble des fichiers du système."
"En quoi consiste la vérification des données sauvegardées ?","À faire vivre la politique de sauvegarde : rejeu de l'opération précédente (doublement de la sauvegarde), comparaison des résultats avec l'original, relecture de la bande de sauvegarde."
"À quoi faut-il veiller pour le stockage des médias de sauvegarde ?","Localiser efficacement les médias, les protéger en écriture et tenir compte de l'environnement (humidité, hygrométrie, chaleur)."
"Quelles sont les trois grandes familles de supports de stockage pour la sauvegarde ?","Les cartouches de bandes magnétiques, le stockage optique et le stockage sur disque."
"Qu'est-ce que la technologie LTO (Ultrium) ?","Un format de bande magnétique lancé au début des années 2000, rapidement devenu le leader du marché des bandes et lecteurs moyenne gamme, décliné en générations LTO-1 à LTO-8."
"Quelles sont les caractéristiques de la génération LTO-4 ?","Année 2007, capacité native 800 Go, débit 120 Mo/s, avec ajout du chiffrement matériel 256-bit AES-GCM."
"Quel apport la génération LTO-3 a-t-elle introduit ?","La fonctionnalité WORM (Write Once Read Many) pour l'archivage légal ; le LTO-3 peut aussi écrire plus vite que la plupart des disques durs de son époque."
"Quel ratio de compression retient-on pour les bandes LTO ?","Environ 2:1 pour les cinq premières générations et environ 2,5:1 à partir de la sixième génération, les capacités natives étant données pour des données non compressées."
"Quelle est la durée de vie estimée d'un média LTO ?","Environ 30 ans, avec en théorie 20 000 chargements/déchargements et un temps de positionnement moyen d'environ 75 secondes."
"Qu'est-ce qu'un robot (librairie) de sauvegarde ?","Un système composé d'un bras mécanique muni d'une pince qui saisit les cartouches et les insère dans les lecteurs ; on parle de librairie, bibliothèque, silo ou autoloader, avec une capacité de quelques centaines de Go à plusieurs dizaines de To, souvent accédé via un réseau SAN et des codes-barres sur les médias."
"Avantages et inconvénients de la sauvegarde sur bande magnétique ?","Avantage : faible coût du média. Inconvénient : temps d'écriture qui peut être important."
"Avantages et inconvénients de la sauvegarde sur disque ?","Avantages : simplicité d'utilisation, haute disponibilité (temps d'accès et d'écriture), durée de vie en réécriture qui en fait le média universel à moyen terme. Inconvénient : solution plus onéreuse que la bande."
"Quelle est la différence entre compresser et archiver un fichier ?","Compresser réduit l'espace disque occupé en évitant les redondances. Archiver rassemble plusieurs fichiers en un seul pour faciliter leur manipulation, sans réduire l'espace. On peut compresser des fichiers archivés et archiver des fichiers compressés."
"Quel est l'intérêt majeur de la commande tar ?","tar archive et désarchive en accédant normalement au système de fichiers, et elle est disponible sur la totalité des plateformes Linux-Unix."
"Comment la commande cpio se distingue-t-elle de tar ?","cpio lit le nom des fichiers à traiter sur son entrée standard (d'où l'emploi des opérateurs de redirection), travaille en mode caractères et sait gérer les fichiers multi-volumes."
"À quoi sert la commande dd ?","À transférer des données brutes, notamment entre systèmes différents, avec possibilité de conversion (exemple : dd if=/dev/rfd0 of=/u/bob conv=ascii pour convertir de l'EBCDIC en ASCII)."
"À quoi sert la commande mt ?","Ce n'est pas une commande de sauvegarde mais un outil de manipulation des bandes magnétiques : avancer, reculer, rembobiner la bande, écrire des marques de fin de fichier, consulter l'état du dérouleur."
"Que font les commandes dump et restore ?","dump sauvegarde un disque en consultant la structure interne du filesystem via le fichier spécial en mode caractère de la partition (syntaxe dump 0f archive partition), avec des niveaux incrémentaux ; restore relit la sauvegarde (restauration totale : cd partition-vide puis restore -r -f archive). Sur Solaris : ufsdump et ufsrestore."
"Quels sont les points forts de dump ?","Les sauvegardes incrémentales par niveau (0 = complète), la sauvegarde des fichiers spéciaux en tant que tels, et la sauvegarde des fichiers à trous à l'identique (seuls les blocs réellement utilisés)."
"Que sont fbackup et frecover sous HP-UX ?","Un jeu de commandes permettant de sauvegarder et restaurer des systèmes de fichiers dans leur intégralité (exemple fbackup -f /dev/rmt/0m -i -v) ; fbackup ne franchit pas les limites NFS sauf indication contraire."
"À quoi servent make_net_recovery et make_tape_recovery (Ignite-UX) ?","make_net_recovery crée sur un autre système du réseau une archive de restauration spécifique à la machine ; make_tape_recovery crée une bande de restauration amorçable pour un volume LVM ou un système de fichiers entier pendant qu'il est en cours d'utilisation. Ils permettent aussi de récupérer des systèmes non-amorçables."
"Qu'est-ce que la commande mksysb sous AIX ?","Une commande qui crée une bande de sauvegarde amorçable (bootable) du système, par exemple mksysb -i /dev/rmt0."
"Qu'est-ce qu'AMANDA ?","Une application de sauvegarde client/serveur de l'Université du Maryland : un seul serveur puissant sauvegarde de nombreux clients (qui n'ont besoin que du logiciel client), l'administration est centralisée, une rotation des supports est gérée, l'interfaçage avec des robots est possible et AMANDA s'appuie sur tar ou dump."
"Comment fonctionne rsync pour la sauvegarde ?","rsync transfère de la source vers la destination tous les fichiers lors de la première sauvegarde, puis seulement les fichiers modifiés grâce au protocole de mise à jour à distance ; il supprime sur la destination les fichiers absents de la source et conserve les permissions."
"Quel organisme a le plus de responsabilité dans la gouvernance d'Internet ?","L'ICANN (Internet Corporation for Assigned Names and Numbers), société sans but lucratif basée en Californie, qui contrôle l'attribution des adresses IP, des noms de domaine et des numéros de port."
"Que représentent l'ISOC et l'IGF ?","L'ISOC (Internet Society) est une organisation ouverte représentant les utilisateurs, organisation mère de l'IETF qui supervise les travaux techniques. L'IGF (Internet Governance Forum) a été créé par l'ONU en 2005 pour les discussions internationales de politique liées à Internet."
"Qu'est-ce qu'une RFC ?","Un document (Request for Comments) qui résume les activités techniques de la communauté Internet ; les normes de protocoles y aboutissent. Numérotées séquentiellement (environ 8000), leur contenu n'est jamais modifié une fois publié : une mise à jour est une nouvelle RFC. Répartiteur central : RFC-editor.org."
"Quels sont les principaux protocoles de la suite TCP/IP ?","IP (RFC791, achemine les paquets), ICMP (792, messages d'erreur et soutien bas niveau), ARP (RFC826, traduit IP en adresses matérielles), UDP (RFC768, datagrammes non vérifiés à sens unique), TCP (RFC793, envoi fiable, complet, full duplex, à débit contrôlé avec correction d'erreurs)."
"Quelle est la principale différence entre IPv4 et IPv6 ?","IPv4 utilise des adresses de 4 octets (32 bits), IPv6 des adresses de 16 octets (128 bits) ; IPv6 intègre la sécurité et l'authentification dans le protocole de base. La principale différence réside dans les adresses ; pour le reste les deux versions sont très proches."
"Qu'est-ce que l'encapsulation ?","Le fait que, quand un paquet descend la pile de protocoles avant d'être envoyé, chaque protocole ajoute sa propre en-tête ; sur la machine réceptrice l'opération est inversée."
"Comment s'appelle l'unité de données selon la couche de protocole ?","Trame à la couche liaison, paquet à la couche IP, segment à la couche TCP."
"Qu'est-ce que le MTU ?","L'unité de transfert maximum (Maximum Transfer Unit) : la taille maximale d'un paquet associée au protocole de la couche liaison ; la charge utile d'une trame Ethernet standard est traditionnellement de 1500 octets."
"Qu'est-ce que la fragmentation IP ?","Le découpage par la couche IP d'un paquet pour le conformer au MTU d'un lien ; en IPv4 un routeur fragmente les paquets vers un réseau à plus petit MTU, en IPv6 c'est l'hôte expéditeur qui doit faire ce travail."
"Comment est structurée une adresse MAC Ethernet ?","6 octets attribués à la fabrication, écrits en hexadécimal séparés par des deux-points ; les 3 premiers octets identifient le fabricant (OUI, identifiant unique organisationnel IEEE), les 3 derniers sont un numéro de série unique."
"Qu'est-ce qu'un port TCP/UDP ?","Un numéro sur 16 bits qui étend l'adresse IP pour désigner un canal de communication (un service) sur la machine ; les ports bien connus sont définis dans /etc/services."
"Quelle restriction les systèmes Unix imposent-ils sur les ports inférieurs à 1024 ?","Seuls les programmes exécutés en tant que root peuvent se mettre à l'écoute sur un port inférieur à 1024 ; la restriction ne concerne que le programme à l'écoute, pas les clients qui s'y connectent."
"Qu'est-ce que le subnetting ?","Le fait de réaffecter une partie de la portion hôte d'une adresse à la partie réseau en spécifiant explicitement un masque ; un réseau /26 laisse 6 bits d'hôte, soit 64 adresses dont 62 utilisables (adresse réseau et adresse de diffusion réservées)."
"En quoi le CIDR diffère-t-il du subnetting ?","Le CIDR (RFC1519) est un prolongement du subnetting reposant sur un masque explicite, mais il permet à la portion réseau d'être plus petite qu'une classe d'adresse : un masque court agrège plusieurs réseaux pour le routage (supernetting), réduisant les entrées de table de routage."
"Que sont les adresses privées (RFC1918) et le NAT ?","Les adresses privées (un réseau de classe A, 16 de classe B, 256 de classe C) sont utilisées en interne et jamais montrées à Internet. Le NAT (Network Address Translation), exécuté par le routeur de bordure, réécrit l'adresse source (et parfois le port) des paquets avec une adresse publique réelle et maintient une table de correspondances."
"Où se situe la frontière réseau/hôte d'une adresse IPv6 ?","Elle est fixée à /64 : autrement dit, le subnetting n'existe plus dans le monde IPv6 ; c'est le FAI qui attribue le préfixe d'adresse."
"Comment examine-t-on la table de routage sous Unix/Linux ?","Avec netstat -r, ou netstat -rn pour éviter les résolutions DNS et tout afficher numériquement ; le champ destination est généralement une adresse réseau, la passerelle 0.0.0.0 (Linux) invoque la passerelle par défaut."
"Quelle est la différence entre routage statique et routage dynamique ?","Le routage statique est entré explicitement avec la commande route et reste tant que le système fonctionne (souvent posé au démarrage) : efficace et fiable sur un réseau local stable. Le routage dynamique, nécessaire pour les topologies complexes, est assuré par un démon qui découvre la topologie et modifie les tables de routage."
"Qu'est-ce qu'une redirection ICMP (ICMP redirect) ?","Un paquet qu'un routeur envoie à l'expéditeur quand il constate que le paquet aurait pu être transmis en un seul saut : il signale que les tables de routage de l'expéditeur sont inexactes. La plupart des systèmes Unix/Linux les acceptent par défaut, ce qui peut poser un problème de sécurité."
"À quoi sert le protocole ARP ?","À découvrir l'adresse matérielle (MAC) associée à une adresse IP sur le réseau local (RFC826) ; chaque machine tient un cache ARP en mémoire avec les résultats des requêtes récentes. La commande arp examine et manipule ce cache (arp -a affiche son contenu)."
"Comment fonctionne une requête ARP ?","La machine diffuse « qui connaît l'adresse MAC pour l'adresse IP X ? » ; la machine concernée reconnaît son IP et répond avec son adresse Ethernet. La requête inclut les adresses IP et MAC du demandeur pour permettre une réponse sans nouvelle requête, et d'autres machines peuvent en profiter pour mettre à jour leur table."
"À quoi sert le protocole DHCP ?","À attribuer à un client une adresse IP en bail (lease) et à lui fournir tous les paramètres associés (masque, passerelles, serveurs DNS, hôtes syslog, serveurs NTP/WINS, serveur TFTP...) depuis un serveur central. Pratique pour les machines éteintes hors service et les clients de passage (portables)."
"Quelles sont les étapes d'une connexion DHCP ?","La machine démarre en état INIT, diffuse un DHCPDISCOVER ; un ou plusieurs serveurs répondent par DHCPOFFER (adresse IP + options) ; le client choisit un serveur et diffuse un DHCPREQUEST avec l'adresse retenue ; le serveur répond par DHCPACK et le client dispose de l'adresse pour la durée du bail."
"Que se passe-t-il quand une machine ayant un bail DHCP redémarre ?","Elle démarre en état INIT-REBOOT et envoie un DHCPREQUEST reprenant l'adresse précédente ; si l'adresse est disponible le serveur répond DHCPACK, sinon DHCPNACK et la machine reprend au DHCPDISCOVER."
"Quelles sont les faiblesses du protocole DHCP ?","Déni de service possible (DHCPDISCOVER puis DHCPNAK jusqu'à épuisement des adresses), single point of failure (pas de serveur de secours normalisé), pas d'authentification mutuelle client/serveur, inadéquation de l'adresse MAC comme identifiant de client."
"Quel démon et quel fichier de configuration utilise l'implémentation DHCP de l'ISC ?","Le démon serveur est dhcpd, son fichier de configuration est dhcpd.conf (dans /etc ou /etc/dhcp3) ; l'agent de relais est le démon dhcrelay, sans fichier de configuration. Le client stocke ses fichiers d'état dans /var/lib/dhcp ou /var/lib/dhclient."
"Qu'est-ce que le protocole PPP ?","Point-to-Point Protocol (RFC1331) : il représente un canal de communication sous-jacent comme une interface réseau virtuelle entre deux hôtes. Forme asynchrone : accès Internet par lignes téléphoniques et liaisons série. Forme synchrone : encapsulation haut débit avec routeurs, modems DSL/câble, avec authentification et contrôle d'accès du lien."
"Pourquoi désactiver l'IP forwarding sur un hôte ordinaire ?","Un système avec IP forwarding actif peut agir comme routeur (accepter des paquets tiers et les retransmettre) ; sauf s'il doit vraiment être un routeur, il faut le désactiver, car cette fonction peut aider les paquets d'un intrus à échapper aux scanners et au filtrage."
"Qu'est-ce que le routage source (source routing) et pourquoi est-il déconseillé ?","Un mécanisme permettant de spécifier une série explicite de passerelles pour un paquet, contournant l'algorithme de routage normal. Il pose des problèmes de sécurité car un attaquant peut faire croire qu'un paquet provient de votre réseau et franchir le pare-feu ; il est déconseillé de l'accepter."
"Qu'est-ce que l'IP spoofing ?","L'usurpation de l'adresse source d'un paquet IP : un logiciel utilisant une socket raw peut y mettre n'importe quelle adresse. Parade au routeur de bordure : bloquer les paquets sortants dont l'adresse source n'est pas dans votre espace d'adressage, et rejeter les paquets externes prétendant venir de votre réseau interne."
"Qu'est-ce qu'un VPN ?","Un réseau privé virtuel : l'utilisation d'Internet comme un réseau privé grâce à des tunnels chiffrés. Certains systèmes utilisent IPsec (normalisé par l'IETF en 1998 comme complément d'IP), d'autres s'appuient sur TLS/SSL au-dessus de TCP. OpenVPN ne fonctionne pas sur HP-UX ni AIX."
"Quelles sont les étapes de base pour ajouter une machine à un réseau local ?","Attribuer une adresse IP unique et un hostname, s'assurer que les interfaces sont configurées au démarrage, mettre en place une route par défaut et le routage, s'interfacer à un serveur DNS. Avec DHCP, la plupart de ces tâches sont exécutées par le serveur DHCP."
"À quoi servent les fichiers /etc/hosts et /etc/resolv.conf ?","/etc/hosts est le moyen le plus ancien de faire correspondre des noms à des adresses IP (à réserver aux mappages nécessaires au démarrage). /etc/resolv.conf configure le client DNS : il liste les domaines de recherche et jusqu'à trois adresses de serveurs de noms, contactés dans l'ordre."
"Que fait la commande ifconfig ?","Elle active ou désactive une interface réseau, fixe son adresse IP, son masque et diverses options ; exécutée au démarrage avec des paramètres issus des fichiers de configuration, ou à la main pour des modifications à la volée. ifconfig -a résume toutes les interfaces (netstat -i sur HP-UX)."
"Comment Debian et Ubuntu configurent-ils le réseau ?","Le nom de machine dans /etc/hostname (pleinement qualifié) ; l'adresse IP, le masque et la passerelle dans /etc/network/interfaces via des lignes iface (mots-clés inet pour la famille d'adresses, static pour la méthode). Les commandes ifup et ifdown lisent ce fichier."
"Qu'est-ce que NetworkManager ?","Un service exécuté en tâche de fond avec une configuration par interface, conçu pour être géré par les utilisateurs plutôt que par les administrateurs ; largement adopté, surtout utile sur les portables. Red Hat Enterprise Linux ne le lance pas par défaut, jugé inutile et compliquant l'administration sur les serveurs."
"À quoi sert la commande ethtool sous Linux ?","À interroger et fixer les paramètres des interfaces réseau (vitesse de liaison, mode duplex) ; elle remplace mii-tool. Les modifications sont transitoires : pour les rendre permanentes il faut lancer ethtool dans la configuration réseau du système (ETHTOOL_OPTS sur Red Hat, script post-up sur Debian/Ubuntu)."
"Où Linux expose-t-il les variables réglables du noyau réseau ?","Dans le système de fichiers virtuel /proc, sous /proc/sys/net/ipv4 ; on lit avec cat et on écrit avec echo redirigé. Pour rendre un changement permanent, on ajoute la ligne variable = valeur dans /etc/sysctl.conf, lu par sysctl au démarrage."
"Comment Linux met-il en œuvre le NAT et le filtrage de paquets ?","Via iptables, qui applique le NAT (en réalité du PAT, Port Address Translation, multiplexant les connexions sur une adresse unique via les ports) et le filtrage. Il faut activer ip_forward dans /proc/sys/net/ipv4 et charger les modules iptable_nat, ip_conntrack, etc."
"Comment se configure le réseau sous HP-UX et sous AIX ?","HP-UX : tous les paramètres dans /etc/rc.config.d/netconf (HOSTNAME, INTERFACE_NAME[0], IP_ADDRESS[0], SUBNET_MASK[0], routes...), lus au démarrage ; commande lanscan pour lister les interfaces. AIX : les informations sont stockées dans l'ODM (Object Data Manager) sous forme attribut/valeur ; commandes mktcpip, chdev/lsattr, no."
"Qu'est-ce que la résolution de noms et pourquoi le DNS a-t-il remplacé les fichiers hosts ?","La résolution de noms est la corrélation entre adresses IP et noms de domaine. Aux origines, chaque administrateur maintenait un fichier hosts ; devenu impossible à maintenir à jour, il a été remplacé par un annuaire réparti et hiérarchisé où chacun gère sa propre entrée : le DNS."
"Quelles sont les particularités de la base de données DNS ?","Répartie, de petite taille, à faible fréquence de changements, hiérarchisée, en accès consultation uniquement (pas de requête de modification). Chaque nom de domaine est un nœud de l'arbre avec une étiquette de 63 caractères maximum ; le nom absolu terminé par un point est le FQDN."
"Qu'est-ce qu'une zone DNS ?","Une partie contiguë de l'arbre DNS, reflet de l'aspect réparti et hiérarchisé : une zone parente délègue une zone fille à un ou plusieurs serveurs de noms. Le démon serveur est named (implémentations BIND), configuré dans /etc/named.conf, les fichiers de zone étant souvent dans /etc/namedb."
"Que contient le champ SOA d'un fichier de zone ?","Le serveur DNS de référence et l'adresse e-mail du responsable (premier point = @), puis le numéro de série (souvent AAAAMMJJxx), le temps de rafraîchissement (refresh), le temps entre deux essais (retry), le temps d'expiration (expire) et le TTL minimum."
"À quoi servent les enregistrements NS, MX et A d'une zone DNS ?","NS indique le serveur de noms à consulter pour la zone. MX indique le serveur de messagerie gérant les adresses du domaine, avec une valeur de priorité (plus petite = prioritaire). A associe un nom d'hôte à une adresse IPv4."
"Quelle est la différence entre nslookup et dig ?","Ce sont des utilitaires d'interrogation DNS ; dig est le remplaçant de nslookup, plus bas niveau (par exemple dig serveur version.bind chaos txt pour connaître la version de named)."
"Quels ports le protocole FTP utilise-t-il ?","Deux ports : ftp 21/tcp pour envoyer les commandes au serveur, et ftp-data 20/tcp pour la connexion de données. Le client envoie une commande PORT indiquant un port sur lequel le serveur ouvre la connexion de données depuis le port 20 ; cette connexion est fermée dès le transfert terminé."
"Comment interdit-on à un utilisateur d'utiliser FTP ?","En plaçant son login dans /etc/ftpusers (fichier des utilisateurs non autorisés, root y figure toujours) et en veillant à ce que son shell ne figure pas dans /etc/shells (qui liste les shells des utilisateurs autorisés)."
"Quel est le rôle d'un serveur NTP ?","Synchroniser l'horloge interne du système avec un horaire conforme au temps local, en considérant l'heure de plusieurs machines de référence (horloges atomiques) et en tenant compte des délais de transmission sur le réseau. En pratique : ntpdate serveur-ntp à intervalle régulier, sans mise à l'heure si l'écart est trop grand."
"Quelles sont les bornes du temps Unix ?","Le début du temps est le 1er janvier 1970 ; la fin est le mardi 19 janvier 2038 à 4h14m07s GMT (2147483647 secondes, 0x7fffffff en hexadécimal)."
"Quels sont les trois agents d'un système de messagerie ?","MUA (Mail User Agent) : composition et envoi des messages à l'agent de routage. MTA (Mail Transfer Agent) : détermine le meilleur moyen d'acheminer le courrier selon la destination (analogie du centre de tri) ; ex. Sendmail, Postfix. MDA (Mail Delivery Agent) : reçoit un message et une destination et se charge de l'acheminement final."
"Quelle est la différence entre POP et IMAP ?","Un client POP transfère les messages du serveur vers le poste de l'utilisateur, le serveur s'en débarrassant au fur et à mesure (perte totale si le poste client tombe en panne). Un serveur IMAP stocke les messages et ne les transfère jamais : on les retrouve depuis n'importe quel poste, sans perte, mais il faut une gestion stricte de l'espace disque (adapté aux nomades)."
"Quel est le principal problème de sécurité du protocole Telnet ?","Les mots de passe circulent en clair sur le réseau ; il faut se méfier des connexions root via le réseau et préférer la version sécurisée, SSH. Le service telnet doit être activé dans inetd.conf."
"Comment rlogin gère-t-il la demande de mot de passe ?","Pas de demande si la machine d'origine est dans /etc/hosts.equiv et que l'identité est la même au départ et à l'arrivée (sauf pour root) ; sinon pas de demande si l'identité et la machine figurent dans le fichier .rhosts de l'utilisateur d'arrivée ; sinon un mot de passe est demandé."
"Qu'est-ce que le protocole NFS ?","Le protocole standard pour mettre en œuvre un service de serveur de fichiers sous Unix, en deux volets : l'exportation côté serveur (offrir un espace disque) et le montage côté client (accéder à cet espace). Mis en œuvre via le démon nfs, les fichiers /etc/fstab et /etc/exports, les commandes mount et umount."
"Comment les périphériques sont-ils représentés sous Unix ?","Comme des fichiers : les fichiers spéciaux, qui sont des interfaces vers le pilote réel intégré au noyau ; les types les plus courants sont les périphériques de type bloc et de type caractère."
"Quelle est la différence entre le mode caractère et le mode bloc d'un fichier spécial ?","En mode caractère, les entrées-sorties se font caractère par caractère et les données sont transférées directement à chaque appel système (claviers, écrans, imprimantes, mémoire). En mode bloc, les E/S se font bloc par bloc (4 ko ou 8 ko) via des zones de tampon, avec assemblage préalable des données (disques, bandes magnétiques)."
"À quoi servent les numéros majeur et mineur d'un fichier de périphérique ?","Ils figurent à la place de la taille du fichier : le numéro majeur identifie le pilote et donc le contrôleur de périphérique ; le numéro mineur identifie généralement le périphérique lui-même, ou une particularité (partition d'un disque, numéro de carte contrôleur...)."
"À quoi sert /dev/null ?","C'est le trou noir (périphérique poubelle) : tout ce qui y est écrit disparaît. Il sert notamment à se débarrasser d'une partie de l'affichage par redirection (application > /dev/null) ; c'est un fichier spécial indispensable à l'administrateur."
"Que sont /dev/zero, /dev/tty et /dev/mem ?","/dev/zero est un générateur de caractères de code ASCII 0. /dev/tty est le device virtuel du terminal texte de l'utilisateur. /dev/mem est la mémoire de la machine (/dev/kmem étant la mémoire du noyau)."
"Comment sont nommés les disques IDE et SCSI sous Linux ?","IDE : hda (premier port, maître), hdb (esclave), hdc/hdd (second port) ; les partitions sont suffixées d'un numéro (hda1). SCSI : sda pour l'identificateur SCSI le plus bas, puis sdb, sdc... ; partitions sda1, sdd10... ; sr0, sr1 pour les cédéroms SCSI."
"Que désignent ttyS0 et ttyS1 sous Linux ?","Les ports série 0 et 1, correspondant à COM1 et COM2 sous DOS."
"Quels sont les deux mécanismes de description des capacités des terminaux sous Unix ?","Le fichier texte termcap (généralement dans /etc) décrivant les capacités de chaque terminal ; et la hiérarchie de répertoires terminfo (sous /usr/lib), où chaque définition est compilée et rangée dans le répertoire dont le nom est l'initiale du terminal (ex. vt100 dans /usr/lib/terminfo/v). terminfo est généralement le plus utilisé."
"Comment positionne-t-on le type de terminal sous Unix ?","Via la variable d'environnement TERM (ex. TERM=vt100 ; export TERM). Le terminal choisi doit être reconnu du système, c'est-à-dire présent dans l'un des répertoires de terminfo."
"Quels logiciels utilisent les définitions termcap/terminfo ?","Des logiciels standards comme l'éditeur vi y trouvent les informations nécessaires à la gestion de l'écran ; d'autres outils comme emacs ont leur propre définition de terminaux, indépendante de terminfo."
"Quels sont les principaux systèmes d'impression sous Linux/Unix ?","Le système Berkeley (démon lpd), LPRng (version améliorée du système Berkeley) et CUPS (démon cupsd), aujourd'hui le plus utilisé."
"Pourquoi faut-il des filtres d'impression sous Unix ?","Historiquement les imprimantes Unix supportaient un langage commun, le PostScript ; avec la prolifération des imprimantes bon marché, beaucoup de constructeurs l'ont abandonné pour leur propre langage. Les filtres (APS Filter, Magic Filter) transforment le PostScript en un langage compréhensible par l'imprimante."
"Que signifie SPOOL et qu'est-ce que le système lp ?","SPOOL signifie Simultaneous Peripheral Operation On-Line. Le système lp est un ensemble de programmes, scripts shell et répertoires, basé sur une technique de spoulage (file d'attente), destiné à contrôler les imprimantes et les flux de données qui leur sont adressés ; c'est le mécanisme historiquement le plus répandu sous Unix."
"Quel est le rôle du démon lpsched ?","C'est l'ordonnanceur d'imprimantes : il achemine les demandes d'impression vers les imprimantes physiques selon le modèle FIFO ou un système de priorités, évite le mélange des listages (intercalage de pages de demandes différentes), détermine les priorités, modifie l'état de l'imprimante et enregistre l'activité de l'utilitaire de spoulage LP."
"Quelle différence entre acceptation/rejet et activation/désactivation dans le système lp ?","Acceptation et rejet contrôlent le flux des demandes d'impression vers les répertoires des demandes (files d'attente) ; activation et désactivation contrôlent le flux des demandes vers les imprimantes elles-mêmes."
"À quoi servent les commandes lpmove et cancel ?","lpmove permet de rerouter une demande d'impression d'une imprimante bloquée vers une autre ; cancel permet d'éliminer les données superflues du système de spoulage."
"Qu'est-ce qu'une classe d'imprimantes dans le système lp ?","Une file d'attente associée à un groupe d'imprimantes : les requêtes sont alors envoyées indifféremment sur n'importe laquelle des imprimantes de la classe. Une file peut aussi être associée à une imprimante isolée (cas le plus fréquent)."
"Comment spécifie-t-on une destination d'impression, par ordre de priorité ?","1. avec l'option -d ; 2. avec la variable d'environnement LPDEST ; 3. en ne nommant aucune destination, auquel cas la destination par défaut est choisie."
"Avec quelles commandes l'administrateur ouvre-t-il ou ferme-t-il l'accès à une file d'impression ?","Avec les commandes accept et reject, qui agissent sur le robinet contrôlant l'accès à la file d'attente : la mémorisation d'une demande n'est autorisée que si ce robinet est ouvert."
"Quel est le schéma simplifié du système d'impression LP ?","lp -> spool -> lpsched -> script d'interface -> impression : les requêtes sont dirigées via le démon lp vers des destinations (files d'attente / réservoirs), l'ordonnanceur lpsched les achemine, et les scripts d'interface (scripts shell) jouent le rôle de pompes vers les imprimantes."
"Pourquoi un système d'impression Unix est-il une application client/serveur complexe ?","Parce qu'il doit gérer les demandes d'impression provenant des utilisateurs locaux comme des utilisateurs distants, éviter le mélange des impressions simultanées, gérer les caractéristiques de l'imprimante, les formats compris et les délais d'attente entre impressions."
"Où trouver de l'information sur les imprimantes supportées sous Linux ?","Sur le site web LinuxPrinting.org, qui recense les imprimantes prises en charge et les filtres disponibles."
"Quelles options de ps retenir selon le type de système ?","ps -aux sur les systèmes de type BSD, ps -edf sur les systèmes de type AT&T (System V) ; la difficulté d'usage de ps tient à ces options différentes."
"Que fait l'option ps -e et ps -l ?","ps -e affiche tous les processus de la machine ; ps -l donne un affichage sous forme longue (colonnes F, S, UID, PID, PPID, PRI, NI, SZ, WCHAN...)."
"Comment voir l'arborescence des processus avec ps sous Linux ?","Avec les options ps axf (ou -axf), qui affichent les processus sous forme d'arbre avec des branches \\_ , un peu comme pstree."
"Quel est l'inconvénient fondamental de ps ?","ps ne donne que la liste des processus à un instant t ; on ne peut jamais avoir la liste exacte des processus en cours, car certains peuvent disparaître entre la collecte et l'affichage. La commande top améliore cela (mais n'est pas standard partout)."
"À quoi sert la commande sar ?","Présente nativement sous Linux/Unix, elle collecte des données sur les activités système : sar -u pourcentage d'utilisation des CPU (option par défaut), sar -q nombre de processus en attente, sar -r utilisation de la mémoire centrale et du swap."
"Que permet la commande kill ?","Envoyer n'importe quel signal à n'importe quel processus appartenant au même propriétaire (via l'appel système kill) ; kill -l affiche la liste des signaux du système."
"Que font kill -9 et kill -1 ?","kill -9 (SIGKILL) provoque la destruction brutale du processus, à utiliser en connaissance de cause. kill -1 (SIGHUP, reload) force la relecture des éléments de configuration d'un processus."
"Que permet htop par rapport à top ?","htop permet de changer la priorité d'un processus (F7/F8), de tuer un processus en choisissant le signal (F9), de trier les processus (F6), d'afficher un arbre des processus (F5), de rechercher un processus (F3), et affiche l'utilisation mémoire et CPU par cœur, l'uptime et la charge."
"À quoi sert la commande at ?","À lancer un processus de façon différée : at parametre_temporel commande, Ctrl-D pour sortir de la zone de commande ; at -l liste les processus en attente d'exécution."
"Quels sont les six champs d'une ligne de crontab ?","Minute (0-59), heure (0-23), jour du mois (1-31), mois (1-12 ou nom), jour de la semaine (0-6, 0 = dimanche, ou nom), puis la commande telle qu'elle serait saisie sous shell. crontab -e pour éditer, crontab -l pour lister."
"Comment ignorer toute la sortie d'une tâche cron ?","En ajoutant > /dev/null 2>&1 à la fin de la ligne : toute la sortie (standard et erreur) est routée vers /dev/null et ignorée efficacement. Il est conseillé de placer les tâches de maintenance sur une plage nocturne."
"Comment crée-t-on une archive tar compressée avec gzip ?","Avec l'option z : tar czf /mnt/backup/home-backup.tar.gz /home/ ; sans z, tar cf crée une archive non compressée dont la taille est presque celle des données. Options : c (créer), v (verbeux), f (fichier), x (extraire), t (lister la table de contenu)."
"Quels sont les problèmes classiques de tar pour la sauvegarde système ?","tar ne sait pas sauvegarder correctement les numéros majeur et mineur des fichiers de /dev (préférer recréer les devices avec /dev/MAKEDEV), et par défaut il ne gère pas les fichiers à trous (les blocs non alloués sont sauvés comme des caractères ASCII zéro). Contrairement à dump, il permet de sauvegarder une partie seulement d'une partition."
"Comment réaliser une sauvegarde incrémentale avec tar ?","En créant un fichier repère avec touch (date antidatée : touch -t 11111111 .comparateur), puis find ~ -newer .comparateur | tar -c -T - -f incrementale.tar : find compare les dates et n'envoie à tar que ce qui a été modifié après le repère."
"Comment dupliquer une arborescence avec tar via un tube ?","( cd /usr/local ; tar cf - . ) | ( cd /mnt ; tar xf - ) : la première partie archive vers la sortie standard, la seconde extrait depuis l'entrée standard dans le répertoire cible."
"Comment utilise-t-on cpio pour sauvegarder un répertoire ?","En lui fournissant la liste des fichiers sur son entrée standard, généralement via find : find /home/ | cpio -o > /mnt/backup/home-backup.cpio ; cpio travaille en mode caractères, gère le multi-volumes et s'utilise avec les opérateurs de redirection (stdin, stdout, stderr)."
"À quoi sert la commande dd et un exemple courant ?","dd transfère des données brutes, utile entre systèmes différents et pour évaluer des problèmes de performances disque (I/O) ; exemple : dd if=/dev/rfd0 of=/u/bob conv=ascii pour convertir de l'EBCDIC en ASCII."
"Que fait la commande mt ?","Ce n'est pas une commande de sauvegarde : elle manipule les bandes magnétiques (avancer, reculer, rembobiner, écrire des marques de fin de fichier) ; mt -f /dev/rmt/0 affiche le statut, mt -f /dev/rmt/0n fsf 1 avance d'un fichier."
"Que signifient les options -rltgoDv de rsync ?","-r récursif, -l copie les liens symboliques comme tels, -t préserve les dates, -g préserve le groupe, -o préserve le propriétaire, -D préserve les périphériques, -v mode loquace ; --del supprime sur la destination les fichiers absents de la source."
"Comment créer un dossier miroir distant avec rsync via ssh ?","rsync -e ssh -avz --delete-after /home/source user@ip:/dossier/destination/ : -e ssh utilise ssh, -a mode archive, -v verbeux, -z compresse, --delete-after supprime en fin de transfert les fichiers de la destination absents de la source ; l'option -n liste ce qui serait fait sans l'exécuter."
"Quel paquet fournissait ifconfig, arp, route et netstat, et par quoi est-il remplacé ?","Ces commandes proviennent du paquet net-tools (ancien, 2001) ; le paquet plus récent iproute2 le remplace : ifconfig devient ip addr, arp devient ip neigh, route devient ip route, netstat devient ss (socket statistics). iproute2 a totalement remplacé net-tools sur CentOS 7 et Arch Linux."
"Que fait la commande arp -a ?","Elle affiche la liste dynamique des correspondances entre adresses MAC et adresses IP stockées dans la table ARP ; si un ou plusieurs routeurs séparent deux hôtes, c'est l'adresse MAC de l'interface du routeur par défaut (gateway) qui est stockée. Équivalent iproute2 : ip neigh."
"Comment visualise-t-on la table de routage avec net-tools ?","Avec route -n ou netstat -rn (le -n évite la résolution DNS) ; avec iproute2 on utilise ip route, qui ajoute aussi le NAT, la gestion du cache et des tunnels."
"Que fait la commande ping et sur quel protocole s'appuie-t-elle ?","ping envoie une requête ICMP echo-request et attend une réponse ICMP echo-reply ; sous Linux elle envoie 4 requêtes par défaut (configurable). Elle vérifie le loopback, un hôte distant, des équipements réseau. Son inconvénient : ICMP peut être bloqué par les pare-feux."
"Que signifient les statistiques finales de ping (rtt min/avg/max/mdev) ?","Le temps minimum, la moyenne, le temps maximum et l'écart type (mdev, maximum deviation) des allers-retours, calculés pour chaque série de ping. Le premier echo-request est toujours plus long (connexion setup)."
"À quoi servent les options -c, -i et -s de ping ?","-c fixe le nombre de requêtes (ping -c 3), -i l'intervalle en secondes entre les pings (défaut 1 s), -s la taille du paquet (ping -s 32, sachant qu'il y a 8 octets d'en-tête ICMP en plus)."
"Comment fonctionne traceroute ?","Il suit le chemin d'un paquet en émettant des messages ICMP (ou UDP) avec un champ TTL incrémenté (à partir de 1) ; chaque routeur décrémente le TTL et émet un message d'erreur ttl exceeded quand il atteint 0, révélant l'interface traversée et le délai de transit. Permet de cartographier le réseau."
"Pourquoi et comment utiliser tcptraceroute ?","Les pare-feux filtrent souvent traceroute via ICMP ou UDP mais autorisent les paquets TCP entrants ; tcptraceroute envoie des paquets TCP SYN (par défaut vers le port 80) au lieu de UDP ou ICMP ECHO, contournant ainsi les filtres les plus courants."
"Que signifient les messages d'erreur ICMP !H, !N et !X de traceroute ?","!H : hôte inaccessible (le routeur n'a pas de route pour la destination). !N : réseau inaccessible. !X : communication administrativement interdite (ICMP ou traceroute interdit). Également !P (protocole inaccessible), !S (échec de source route), !F (fragmentation nécessaire)."
"À quoi sert la commande netstat ?","À fournir des statistiques réseau sur les connexions TCP/UDP client/serveur et les sockets Unix (sous Linux depuis /proc/net/*). Sans option, elle informe sur les sockets du domaine Unix ; netstat -a affiche toutes les connexions et ports ; netstat -ntl évite le DNS (n), filtre TCP (t) et les listeners (l)."
"Que fait netstat -ntlp ?","Elle affiche les connexions serveurs TCP avec, en plus, le PID et le nom du programme associé à chaque port applicatif. netstat s'appuie sur /etc/services pour traduire les numéros de port en noms de protocole."
"Quels filtres d'état la commande ss accepte-t-elle ?","ss [OPTIONS] [STATE-FILTER] [ADDRESS-FILTER] ; les états incluent established, syn-sent, syn-recv, fin-wait-1, fin-wait-2, time-wait, closed, close-wait, last-ack, closing, all, connected. Options t/u/x pour TCP/UDP/Unix, -a pour toutes les connexions, -n pour éviter le DNS, -l pour les ports à l'écoute, -p pour le processus."
"Qu'est-ce que tcpdump et pourquoi se lance-t-il en root ?","Un outil d'analyse réseau qui affiche les en-têtes des paquets d'une interface (disponible sous Unix, Linux, Mac, Windows) ; il se lance en root car il passe l'interface en mode promiscuous, où elle accepte tous les paquets IP, même ceux qui ne lui sont pas destinés."
"Que font les options -w et -r de tcpdump ?","-w capture.dump enregistre les paquets capturés dans un fichier (non écrit en clair) ; -r capture.log relit un fichier de capture. tcpdump -D affiche les interfaces disponibles pour la capture."
"Qu'est-ce qu'iptraf ?","Un analyseur de trafic IP coloré et interactif (librairie ncurses), non installé par défaut : il permet de surveiller le débit des interfaces et de détecter du trafic malveillant. iptraf -i eth0 surveille le trafic IP, iptraf -s eth0 le trafic TCP/UDP, iptraf -l eth0 le débit ; propose aussi filtres et résolution DNS inverse."
"Qu'est-ce que Wireshark ?","Un analyseur de protocole et de réseau (TCP/IP), anciennement Ethereal (projet de 1998), gratuit, en ligne de commande ou interface graphique, disponible sur tous les OS ; il analyse plus d'une centaine de protocoles, capture en temps réel et relit les fichiers de tcpdump, Microsoft Network Monitor, Sniffer Pro. C'est le couteau suisse de l'expert réseau."
"Quelle est la différence entre filtre de capture et filtre d'affichage sous Wireshark ?","Le filtre de capture, défini au démarrage de la capture, limite les données enregistrées dans les journaux (premier large filtre pour éviter un journal trop volumineux). Le filtre d'affichage, modifiable pendant la capture, sert à rechercher précisément dans les données déjà capturées ; il est plus puissant et plus complexe."
"À quoi servent les trois panneaux de Wireshark ?","Le panneau liste des paquets (Packet list pane) affiche tous les paquets capturés (adresses IP/MAC, ports, contenu). Le panneau détails de paquet (Packet details pane) donne les informations en profondeur du paquet sélectionné, par couche OSI. Le panneau de dissection (Packet bytes pane) affiche la même information en hexadécimal."
"Qu'est-ce que tshark et à quoi servent ses options -f, -i et -w ?","tshark est Wireshark en ligne de commande : -f spécifie un filtre de capture (syntaxe tcpdump), -i l'interface d'écoute, -w le fichier de sortie ; -R applique un filtre d'affichage. Ex. tshark -f \tcp port 80\"" -i eth4 -w /root/http.cap."""
"À quoi servent editcap et mergecap ?","editcap divise ou retire des paquets d'un fichier de capture (editcap -v input output 200-210 exclut les paquets 200 à 210) ; mergecap regroupe plusieurs fichiers de capture en un seul (mergecap -v dump1 dump2 -w dump)."
"Que font les commandes head, tail et wc ?","head affiche les premières lignes d'un fichier texte (10 par défaut), tail les dernières (nombre réglable en argument, ex. tail -5), wc (word count) compte les mots par défaut, l'option -l comptant les lignes."
"Que font les commandes file, seq et grep ?","file détermine le type d'un fichier (ascii ou binaire). seq renvoie une série de nombres (seq 1000 ; seq 5 5 20 va de 5 à 20 par pas de 5). grep cherche une chaîne dans un fichier, l'option -r effectuant une recherche récursive ; grep accepte les expressions régulières."
"Par quel service l'accès à distance est-il disponible sous Windows Server ?","Par le service « Réseau et accès distant », qui permet aux clients distants de se connecter aux serveurs et ressources réseau (fichiers, imprimantes, services) comme s'ils étaient physiquement sur le réseau local."
"Quels sont les deux types d'accès à distance sous Windows ?","Le Dial-up (connexion via téléphone ou infrastructure de télécommunications, créant une connexion temporaire physique ou virtuelle) et le VPN (réseau privé virtuel : connexion virtuelle point à point via un réseau IP)."
"Qu'est-ce que le protocole SSTP et quel est son avantage ?","Secure Socket Transmission Protocol : un protocole de tunnel récent pour les connexions VPN, capable de traverser la plupart des pare-feux et routeurs qui bloquent PPTP ou L2TP/IPSec. Il encapsule les données PPP sur le canal SSL du protocole HTTPS (port 443), donc plus souvent disponible que les protocoles VPN traditionnels."
"Quelle est la différence entre accès à distance et contrôle à distance ?","L'accès à distance agit comme une connexion proxy vers un réseau Windows ; le logiciel de contrôle à distance, lui, exécute les applications sur un serveur et n'en présente que l'interface utilisateur au client."
"Qu'est-ce qu'Active Directory ?","La mise en œuvre sous Windows de services d'annuaire légers de type LDAP : une base de données stockant des objets qui représentent les ressources d'un réseau Windows ; les classes d'objets et leurs attributs sont définis par un schéma, et les objets sont hiérarchisés (les conteneurs peuvent stocker d'autres objets)."
"Quelles API permettent d'accéder aux objets d'Active Directory ?","L'API C de LDAP, ADSI (Active Directory Service Interfaces, interface COM au-dessus de LDAP, multi-langages), MAPI (compatibilité messagerie Exchange/Outlook), l'API SAM (Security Account Manager, ouverture de session pour Msv1_0 et Kerberos), la Net API (clients Windows NT 4) et l'API NTDS (recherche de SID/GUID, gestion et réplication)."
"Où et comment la base de données Active Directory est-elle stockée ?","Dans le fichier %SystemRoot%\\NTDS\\Ntds.dit, répliqué sur chaque contrôleur de domaine. Le service d'annuaire s'exécute dans le processus LSASS du sous-système de sécurité et s'appuie sur le moteur ESE (Extensible Storage Engine, alias JET Blue, aussi utilisé par Exchange Server 2007)."
"Qu'est-ce que la répartition de charge réseau (Network Load Balancing) sous Windows Server 2008 ?","Une fonctionnalité basée sur la technologie de filtrage NDIS permettant de créer un cluster de jusqu'à 32 ordinateurs (hôtes du cluster) ; le cluster expose une seule adresse IP virtuelle, la demande client arrive à tous les hôtes mais un seul y répond."
"Comment le cluster NLB réagit-il à la défaillance d'un hôte ?","Le reste de la grappe constate que l'hôte ne peut plus traiter de demandes et redistribue les demandes entrantes aux autres hôtes ; un nouvel hôte peut être ajouté en remplacement et commencer aussitôt à traiter les demandes."
"Quelles conditions un serveur d'applications doit-il remplir pour le NLB ?","Être basé sur des protocoles pris en charge par la pile Windows TCP/IP, et être capable de gérer les demandes clientes sur n'importe quel système du cluster (l'état partagé doit alors être géré par l'application elle-même, le NLB ne le distribue pas). Bien adaptés : serveur web de contenu statique, Windows Media, Terminal Server."
"Qu'est-ce que le système de fichiers distribué (DFS) ?","Un service qui relie des machines à des partages de fichiers via un espace de noms unique, offrant un accès client transparent quelle que soit la localisation ; la racine d'un espace de noms DFS doit être un partage défini sur un serveur Windows. DFS apporte aussi l'équilibrage de charge et la haute disponibilité via des jeux de réplicats."
"Comment DFS est-il mis en œuvre côté serveur et côté client ?","Côté serveur : un service Windows (Dfssvc.exe) qui exporte DFS et maintient la topologie (dans le registre ou dans Active Directory), et un pilote (Dfs.sys) qui recherche la topologie pour diriger le client. Côté client : un pilote (Dfsc.sys) qui utilise le redirecteur SMB, le fournisseur client étant Ntlanman.dll."
"Quel est l'objectif de la réplication DFS (DFSR) ?","Répliquer le contenu d'un partage DFS ainsi que le dossier SYSVOL du contrôleur de domaine (scripts de connexion et fichiers de stratégie de groupe). Elle permet la réplication multi-maître distribuée : n'importe quel serveur peut effectuer une réplication."
"Qu'est-ce qu'un jeu de réplicats DFSR ?","Deux systèmes ou plus qui reproduisent entre eux le contenu d'une arborescence selon un calendrier et une topologie de réplication définis par l'administrateur (anneau, étoile ou mesh) ; un ordinateur peut appartenir à plusieurs jeux de réplicats."
"Pourquoi DFSR n'accepte-t-il que les volumes NTFS ?","Parce qu'il s'appuie sur le journal NTFS pour détecter les modifications des fichiers dans les répertoires des jeux de réplicats. DFSR utilise la compression différentielle à distance (RDC) pour ne répliquer que les différences et réduire la bande passante, avec authentification RPC chiffrée."
"Quelles sont les principales façons d'administrer le réseau sous Windows Server 2008 ?","Les technologies de script et Windows PowerShell, les lignes de commandes, Netsh (Network Shell) et le Centre Réseau et partage."
"En quoi Windows PowerShell diffère-t-il des interpréteurs classiques ?","La plupart des interpréteurs ne reçoivent et ne retournent que du texte ; PowerShell accepte et retourne des objets .NET. Ses applets de commande (plus d'une centaine, extensibles) s'utilisent seules ou combinées, et donnent accès au Registre et aux certificats aussi facilement qu'au système de fichiers."
"Que font les commandes IPCONFIG et IPCONFIG /all ?","ipconfig sans paramètre affiche les adresses IPv4 et IPv6, le masque de sous-réseau et la passerelle par défaut de toutes les cartes ; elle permet aussi d'actualiser les paramètres DHCP et le nom de domaine. IPCONFIG /all affiche les informations détaillées, IPCONFIG /? l'aide."
"Qu'affiche la commande NETSTAT sous Windows Server 2008 ?","Les données rassemblées depuis toute interface TCP/IP : connexions TCP actives, ports d'écoute, statistiques Ethernet, table de routage IP, statistiques IPv4 (IP, ICMP, TCP, UDP) et statistiques IPv6 (IPv6, ICMPv6, TCP et UDP sur IPv6)."
"Que signifie PING et à quoi sert cette commande ?","Packet INternet Groper : elle envoie une requête ICMP echo d'une machine vers une autre et renvoie le temps de réponse et l'état de la connexion, ce qui permet de diagnostiquer la connectivité. Elle s'utilise avec une adresse IP ou un nom d'ordinateur."
"Comment fonctionne la commande TRACERT ?","Elle envoie des requêtes ICMP écho en contrôlant le champ TTL : première requête avec TTL 1 (le premier routeur répond « durée de vie dépassée lors du transit »), puis TTL 2, 3... jusqu'à la réponse du dernier hôte. Chaque requête est répétée trois fois ; par défaut TRACERT fait une requête inverse pour obtenir le nom de chaque adresse IP."
"En quoi PATHPING est-il plus rapide que TRACERT ?","TRACERT attend la réponse d'écho du dernier hôte avant de produire son listing. PATHPING envoie lui aussi des requêtes ICMP à TTL croissant mais affiche les résultats immédiatement, puis attend la réponse du dernier hôte pour calculer les statistiques."
"À quoi sert la commande NBTSTAT ?","À visualiser et manipuler le contenu du cache de noms NetBIOS (où le résultat d'une résolution NetBIOS est mis en cache 600 secondes par défaut). Attention : ses paramètres distinguent majuscules et minuscules."
"À quoi sert l'utilitaire NETDIAG ?","À effectuer une série de tests complets sur presque toutes les fonctions réseau (navigateur, DNS, IPCONFIG, Kerberos, LDAP, NETSTAT, Route, WAN, WINS, Winsock...) pour isoler les problèmes ; c'est l'outil de premier secours pour un problème réseau complexe. Options : /q (sortie silencieuse), /v (mode documenté)."
"Qu'est-ce que Netsh (Network Shell) ?","Un utilitaire en ligne de commande, aux commandes hiérarchisées, qui configure et affiche l'état des rôles serveurs et composants (local ou distant) après installation ; il offre souvent les mêmes fonctions que la MMC, mais aussi l'administration de réseaux purement IPv6, avec ponts ou RPC, et s'utilise dans des scripts et fichiers batch."
"Que regroupe le Centre Réseau et partage ?","Les composants de gestion du réseau de Windows : visualiser graphiquement l'intégrité du réseau, configurer le partage de dossiers, créer de nouvelles connexions distantes (accès à distance ou VPN), configurer et gérer les connexions sans fil. Accessible via le Panneau de configuration ou l'icône Réseau de la zone de notification."
"Quelles sont les trois méthodes de résolution de noms NetBIOS ?","Par diffusion (broadcasting, pour les petits réseaux non routés), avec le fichier local LMHOSTS (emprunté au monde Unix) et avec la base centralisée et le service WINS (propre à Microsoft)."
"Pourquoi la résolution NetBIOS par diffusion ne fonctionne-t-elle pas au-delà d'un segment ?","Parce que les diffusions NetBIOS ne passent pas les routeurs : un domaine de diffusion est limité au segment de réseau où les ordinateurs dialoguent sans routeur. NetBIOS lui-même (ports 137 et 139) peut en revanche être routé. Le demandeur peut envoyer jusqu'à trois requêtes de nom sur le sous-réseau local."
"Qu'est-ce que le fichier LMHOSTS ?","Un fichier texte statique (dans %systemroot%\\System32\\Drivers\\etc) associant des noms de machines à des adresses IP, insensible à la casse, utilisé quand il n'y a pas de serveur de résolution NetBIOS centralisé ; les paramètres (comme #PRE ou #DOM) s'écrivent en majuscules précédés de #. À n'utiliser qu'en dernier recours car les tables statiques non mises à jour sont des pièges."
"Qu'est-ce que le service WINS ?","Windows Internet Name Service : l'ancêtre d'Active Directory et du DNS (utilisé jusqu'à Windows 2000, conservé pour les postes Windows 95/98). Il maintient une base de données des mappages noms NetBIOS / adresses IP, que les clients utilisent pour inscrire leurs services et résoudre les noms malgré les routeurs. Ses deux fonctions : inscription de nom et résolution de nom."
"Comment se déroule l'inscription de nom avec WINS et quelle est sa durée de validité par défaut ?","Le client envoie une requête d'inscription à son serveur WINS ; si aucun enregistrement homonyme n'existe, le serveur répond positivement, ajoute l'enregistrement et fixe une échéance de réinscription. Par défaut l'inscription est valable six jours, avec renouvellement à mi-parcours ; à la fermeture normale, le client demande la libération du nom."
"Quels sont les deux modes de réplication entre serveurs WINS ?","Le mode émission (push) : le serveur contacte son partenaire de réplication et lui envoie ses mises à jour. Le mode collecte (pull) : les partenaires viennent chercher les mises à jour à intervalles réguliers. Chaque serveur est propriétaire des enregistrements soumis par ses clients."
"Dans quel ordre Windows résout-il les noms depuis Windows 2000 ?","Les noms sont enregistrés et résolus en priorité par le service DNS, puis par NetBIOS si la résolution DNS échoue ; LLMNR (Link-Local Multicast Name Resolution) est un mécanisme secondaire de secours. Grâce au DNS dynamique, WINS n'est plus nécessaire depuis Windows 2000."
"De quel protocole DHCP est-il dérivé ?","Du protocole Internet standard BOOTP (RFC 951 et 1084), qui permettait déjà l'attribution dynamique d'adresses IP et le démarrage à distance des stations sans disque ; DHCP fournit en plus toutes les données de configuration TCP/IP et des données supplémentaires."
"Quelles sont les quatre étapes d'obtention d'un bail en DHCPv4 ?","Le client demande une adresse par diffusion (découverte / DHCPDISCOVER), un serveur lui propose une adresse (offre / DHCPOFFER), le client accepte et demande l'adresse (requête / DHCPREQUEST), le serveur l'attribue officiellement (accusé de réception / DHCPACK). Tous les messages DHCP passent par UDP."
"Qu'est-ce qu'un bail DHCP et quand est-il renouvelé ?","La période pendant laquelle le serveur DHCP autorise un client à utiliser l'adresse IP attribuée (bail actif) ; à la moitié de sa durée, le client demande le renouvellement et le serveur accorde une prolongation. À l'expiration, l'adresse retourne dans le pool."
"Quels sont les trois composants du service DHCP ?","Les serveurs DHCP (base de données des attributions et options de configuration, adresse IP obligatoirement fixe), les clients DHCP et les agents de relais DHCP/BOOTP."
"À quoi sert un agent de relais DHCP/BOOTP ?","Comme les routeurs ne transfèrent pas les diffusions d'une interface à l'autre, l'agent de relais (routeur ou hôte configuré) écoute les diffusions DHCP/BOOTP et les dirige vers un ou plusieurs serveurs DHCP désignés, et renvoie leurs réponses ; il évite d'avoir un serveur DHCP sur chaque segment (RFC 1542)."
"Qu'est-ce qu'une étendue DHCP ?","Un groupement administratif identifiant les plages consécutives d'adresses IP possibles pour tous les clients DHCP d'un sous-réseau physique ; elle définit un sous-réseau logique et les paramètres de configuration attribués. Une étendue doit être définie avant qu'un client puisse utiliser le serveur DHCP."
"Qu'est-ce qu'une plage d'exclusion et un pool d'adresses DHCP ?","Une plage d'exclusion est une séquence d'adresses d'une étendue qui ne sera jamais proposée aux clients. Une fois l'étendue définie et les exclusions appliquées, les adresses restantes forment le pool d'adresses disponibles, attribuées dynamiquement."
"Qu'est-ce qu'une réservation DHCP ?","L'attribution par le serveur DHCP d'une adresse avec bail illimité, garantissant qu'un périphérique aura toujours la même adresse IP ; on utilise l'adresse MAC de la carte réseau du périphérique pour fixer l'adresse."
"Qu'est-ce qu'une option DHCP ?","Un paramètre de configuration supplémentaire qu'un serveur DHCP attribue avec les baux (adresse du routeur/passerelle par défaut, serveurs WINS ou DNS...) ; beaucoup sont prédéfinies par la RFC 2132, mais le serveur Microsoft permet d'en ajouter des personnalisées."
"Comment le serveur DHCP de Windows s'intègre-t-il au DNS ?","Configuré en relais mandataire (proxy), il inscrit pour le compte de ses clients leurs enregistrements A (recherche directe) et PTR (recherche inversée) via un message UPDATE au serveur DNS. Cela s'appuie sur l'option n°81 « Client FQDN » par laquelle le client informe le serveur DHCP de son nom complet."
"Quelles sont les options de mise à jour DNS par le serveur DHCP Windows ?","Mise à jour suivant les requêtes des clients (le serveur n'inscrit A et PTR qu'à la demande) ; Toujours mettre à jour (prioritaire sur le client, le serveur inscrit A et PTR quoi qu'il arrive) ; mise à jour pour les clients non dynamiques (Windows 95/98/NT 4). Le serveur supprime ses enregistrements à l'expiration du bail (activé par défaut, pour garder un DNS propre)."
"À quoi servent les classes utilisateur DHCP ?","À permettre à chaque client DHCP de spécifier son type (bureau, portable...) pour que le serveur lui attribue des options différentes selon ce type : durée de bail plus courte pour les portables, paramètres WINS/DNS spécifiques, etc. Sans classe, tous les clients reçoivent la même configuration."
"Qu'est-ce que le service MADCAP ?","Le service de serveur inclus dans Windows Server 2008 pour l'affectation dynamique et la configuration d'adresses IP multicast : les étendues de multidiffusion fournissent des plages d'adresses multicast, partagées par plusieurs ordinateurs d'un même groupe de multidiffusion."
"Comment Windows empêche-t-il les serveurs DHCP non autorisés ?","Un serveur DHCP doit être autorisé dans Active Directory (par l'administrateur du domaine) avant de pouvoir distribuer des adresses ; quand un serveur se manifeste, son état est vérifié dans l'annuaire, et s'il n'est pas autorisé aucune réponse n'est retournée aux requêtes DHCP."
"Pourquoi préférer le clustering au fractionnement d'étendues pour la tolérance de panne DHCP ?","Avec des étendues fractionnées sur deux serveurs, la panne d'un serveur fait perdre la moitié des adresses. Le clustering gère deux serveurs comme un seul système virtuel : si le serveur actif tombe, le second reprend de façon transparente avec la connaissance complète des attributions ; un seul serveur fonctionne à la fois."
"Que fait un client Windows sans serveur DHCP joignable (configuration automatique) ?","Depuis Windows 2000, il se configure lui-même avec une adresse IP et un masque qu'il sélectionne ; s'il avait un bail, il tente de le renouveler et fait un PING sur la passerelle par défaut : si le PING réussit il conserve le bail, sinon il conclut qu'il a été déplacé, s'auto-configure et refait une recherche de serveur DHCP toutes les cinq minutes."
"À quoi sert DHCPv6 puisqu'IPv6 configure ses adresses ?","DHCPv6 fournit une configuration d'adresse avec état ou d'autres paramètres de configuration pour les hôtes IPv6 ; l'hôte s'appuie sur les drapeaux M (drapeau de gestion de configuration d'adresse : à 1, utiliser le protocole pour obtenir des adresses) et O (à 1, utiliser le protocole pour d'autres paramètres)."
"Quelles sont les étapes d'un échange DHCPv6 avec état (drapeaux M et O à 1) ?","Le client envoie un message de sollicitation pour localiser les serveurs ; un serveur répond par un message d'information indiquant qu'il peut fournir adresses et paramètres ; le client envoie une demande à un serveur spécifique ; le serveur répond avec les adresses et les paramètres de configuration."
"Sur quoi reposait la résolution de noms avant DNS (1984) ?","Sur une table de correspondance (fichier texte HOSTS) maintenue par le Network Information Center (NIC) et transmise par FTP à tous les hôtes. Limites apparues : la retransmission fréquente saturait la bande passante du NIC, et les organismes manquaient d'autonomie pour gérer leurs propres noms."
"Sur quelles RFC repose l'implémentation DNS de Microsoft ?","Les RFC 1034 et 1035 (comme la plupart des implémentations) ; depuis Windows 2000 Server s'y ajoutent les RFC 1886, 1996, 1995, 2136, 2308 et 2052."
"Quelles sont les limites de l'arborescence DNS ?","Étiquette de nœud : 63 caractères maximum ; profondeur maximale de l'arborescence : 127 niveaux ; longueur maximale d'un nom FQDN : 255 caractères. Un FQDN est terminé par un point final et repère de façon unique une machine sur le réseau."
"De quels champs se compose un enregistrement de ressources (RR) DNS ?","Nom de domaine (FQDN, terminé par un point, sinon il est relatif), TTL (durée de vie en cache, en secondes), type (valeur sur 16 bits), classe (IN pour Internet ou CH pour le système chaotique) et RDATA (données propres au type)."
"Que représentent les enregistrements A, AAAA et CNAME ?","A : correspondance entre un nom d'hôte canonique et une adresse IPv4 (32 bits). AAAA : correspondance avec une adresse IPv6 (128 bits). CNAME (Canonical Name) : fait correspondre un alias au nom canonique (plusieurs noms désignant la même machine)."
"Que représentent les enregistrements MX, NS, PTR et SOA ?","MX (Mail eXchange) : serveur de gestion du courrier du domaine, avec une priorité de 0 à 65535 (plusieurs MX pour la redondance). NS : serveur de noms ayant autorité sur le domaine. PTR : pointeur vers une autre partie de l'espace de noms (résolution inverse). SOA (Start Of Authority) : décrit le serveur ayant autorité sur la zone et l'adresse e-mail du contact (@ remplacé par un point)."
"Que sont les enregistrements WINS et WINS-R propres à Windows ?","WINS : indique l'adresse IPv4 d'un serveur WINS auquel le serveur DNS fait appel pour résoudre une portion hôte. WINS-R : WINS « inversé », le serveur DNS utilise un message NetBIOS pour déterminer le nom d'hôte d'une zone identifiée par une adresse IPv4."
"Quels sont les trois types de serveurs de noms DNS ?","Serveur primaire (ou maître) : autorité sur la zone, tient à jour le fichier de zone (un par zone). Serveur secondaire : obtient les données par transfert de zone, fichier en lecture seule, répond aux requêtes et assure le secours (nombre illimité). Serveur cache : ne constitue sa base qu'à partir des réponses reçues, aucune autorité, cache limité par le TTL."
"Comment un serveur DNS secondaire sait-il que la zone a changé ?","Il interroge régulièrement le serveur primaire et compare le numéro de version (champ SERIAL du RR SOA, au format année-mois-jour-version du jour) avec le sien ; s'il a augmenté, il charge les nouvelles données par transfert de zone."
"Quels sont les types de transfert de zone DNS ?","Le transfert total (toute la zone est copiée du primaire vers les secondaires, trafic important) ; le transfert incrémental (IXFR : seuls les enregistrements modifiés sont transférés) ; la notification DNS (le primaire signale une modification, le secondaire lance alors un transfert total ou incrémental)."
"Qu'est-ce qu'un résolveur DNS ?","Un programme (généralement intégré au système d'exploitation) qui interface les applications aux serveurs DNS : il reçoit la requête d'une application sous forme d'appel de fonction, interroge des serveurs de noms distants ou son cache local, et renvoie l'information dans la représentation locale du système."
"Quelle est la différence entre le mode itératif et le mode récursif de résolution DNS ?","En mode itératif, le serveur répond sur la seule base de ses informations locales, soit la réponse, soit la référence d'un autre serveur « plus susceptible » de savoir (mode général sur Internet). En mode récursif, le premier serveur prend le rôle de résolveur et fait toutes les requêtes pour le client (mode utilisé sur les réseaux locaux, le plus sûr)."
"À quoi servent les bits RA et RD des messages DNS ?","RD (Récursion Désirée), marqué par le requérant, indique qu'il veut utiliser le service récursif pour cette requête. RA (Récursion Admissible), marqué par le serveur dans ses réponses, signale que le serveur accepte de fournir le service récursif (disponibilité, pas utilisation). Le client vérifie que RA et RD sont marqués dans la réponse."
"Comment fonctionne la résolution inverse DNS ?","Elle renvoie le nom d'hôte associé à une adresse IP connue (utile pour la sécurité). Le domaine spécial in-addr.arpa (IP6.ARPA pour IPv6) a été créé pour éviter une recherche exhaustive ; des enregistrements pointeurs (PTR) y associent les adresses IP aux noms d'hôte. Une requête PTR pose la question explicitement : « qui est l'adresse a.b.c.d ? »."
"Quel est l'avantage de l'intégration du DNS dans Active Directory ?","Les RR DNS deviennent des objets de l'annuaire ; le transfert de zones est assuré par la réplication multi-maître d'Active Directory (plus de serveur primaire, tous les serveurs DNS acceptent les mises à jour), la réplication est sécurisée (fichiers de zone plus en clair) et les objets DNS reçoivent des permissions de sécurité. Seuls les serveurs DNS sur contrôleurs de domaine peuvent charger ces zones."
"Comment une zone DNS est-elle représentée quand elle est intégrée à Active Directory ?","Chaque zone est un objet conteneur DnsZone, contenant un objet feuille DnsNode par nom unique de la zone ; l'objet DnsNode a un attribut multi-valué DnsRecord avec une valeur par enregistrement de ressources associé au nom."
"Qu'est-ce que la mise à jour dynamique DNS (DDNS) ?","Définie par la RFC 2136, elle permet aux clients de mettre à jour dynamiquement leurs enregistrements A/AAAA et PTR sans intervention manuelle de l'administrateur ; elle introduit un OPCODE « UPDATE » qui ajoute ou supprime des RR et teste des prérequis, de façon atomique (tout ou rien). Rendue nécessaire par l'adressage IP dynamique via DHCP."
"Quel service génère effectivement les mises à jour dynamiques DNS sur un poste Windows ?","Le service client DHCP, exécuté sur chaque poste qu'il soit client DHCP ou à adresse IP fixe. Par défaut, un client DHCP propose de mettre à jour son enregistrement A tandis que le serveur DHCP met à jour l'enregistrement PTR."
"Qu'est-ce qu'une mise à jour dynamique DNS sécurisée ?","Possible seulement si le DNS est intégré à Active Directory : après un refus de mise à jour non sécurisée, le client et le serveur négocient un contexte de sécurité via Kerberos et vérifient leur identité mutuelle ; le client envoie ensuite une demande signée, et le serveur n'accepte que si le client a les autorisations requises. Seuls les utilisateurs explicitement autorisés peuvent modifier la zone."
"À quoi sert l'enregistrement SRV (Emplacement du service) ?","Introduit par la RFC 2052, il identifie les hôtes exécutant des services spéciaux. Sous Windows Server il localise les services d'Active Directory : LDAP (TCP 389), Kerberos (TCP 88), Kerberos Change Password (464), Global Catalog (TCP 3268/3286). Les contrôleurs de domaine les inscrivent dynamiquement via le service NETLOGON."
"Quels champs comporte un enregistrement SRV ?","La priorité (plus le chiffre est bas, plus la priorité est haute ; 0 pour les SRV d'Active Directory), le poids (départage les hôtes de même priorité ; 100 pour Active Directory), le port TCP ou UDP du protocole, et le nom FQDN de l'hôte qui assure le service."
"Qu'est-ce que le chargement de zone en arrière-plan sous Windows Server 2008 ?","Au démarrage du service DNS, un ou plusieurs threads chargent les zones stockées dans Active Directory pendant que le serveur répond déjà aux requêtes ; si une zone n'est pas encore chargée, le serveur récupère les données spécifiques directement depuis Active Directory. Cela évite l'indisponibilité (jusqu'à une heure) constatée avec les grandes zones."
"Qu'est-ce qu'un RODC et quelle zone DNS lui est associée ?","Un contrôleur de domaine en lecture seule (Read Only Domain Controller), contenant des informations Active Directory en lecture seule, installable là où la sécurité physique n'est pas garantie. Windows Server 2008 lui associe un nouveau type de zone primaire accessible en lecture seule ; toute modification doit se faire sur un contrôleur de domaine non RODC."
"À quoi sert la zone GlobalNames (Noms Globaux) ?","À fournir une résolution de nom à étiquette unique via le DNS seul, pour un ensemble limité de noms (serveurs centraux et critiques d'une organisation), en remplacement des enregistrements WINS statiques ; elle contient généralement des CNAME mappant un nom unique vers un FQDN, doit être unique dans la forêt et intégrée à Active Directory. Elle ne stocke pas les postes de bureau et ne supporte pas les mises à jour dynamiques."
"Comment IPv6 gère-t-il la résolution inverse dans le DNS ?","Via le domaine IP6.ARPA : chaque chiffre hexadécimal de l'adresse IPv6 devient un niveau distinct de la hiérarchie inverse (dans l'ordre inversé), suivi de IP6.ARPA. Les adresses IPv6 sont résolues par les enregistrements AAAA."
"Comment activait-on IPv6 dans le DNS de Windows Server 2003 et 2008 ?","Sous Windows Server 2003, il fallait l'activer manuellement avec dnscmd /config /EnableIPv6 ; Windows Server 2008 implémente les opérations IPv6 par défaut, l'utilitaire dnscmd accepte les adresses IPv6, et le serveur peut envoyer des requêtes récursives à des serveurs uniquement IPv6."
"Pourquoi vaut-il mieux séparer les espaces de noms DNS interne et externe ?","Pour simplifier la résolution de noms et éviter les ambiguïtés : on exclut le nom de domaine enregistré public (ex. finances.gouv.fr) pour l'usage interne, au profit d'un suffixe différent (bercy.fr) ou d'un sous-domaine (intranet.finances.gouv.fr), garantissant que chaque nom de domaine Active Directory est globalement unique."
"Quel utilitaire sert à diagnostiquer les problèmes DNS ?","NSLOOKUP, en ligne de commande : il permet de vérifier qu'un serveur DNS existe, de connaître les zones qu'il prend en charge, de vérifier la présence d'un enregistrement de ressource précis ou de parcourir tous ses enregistrements."
"Quelle différence majeure d'architecture entre IIS 6.0 et IIS 7.0 ?","IIS 6.0 formait un seul bloc obligeant l'installation complète du serveur Web (extension uniquement par filtres ISAPI). IIS 7.0 est découpé en modules qui s'intègrent dans une procédure de traitement : on n'installe que les modules nécessaires (plus de 40 fonctionnalités)."
"Quels avantages apporte l'architecture modulaire d'IIS 7.0 ?","Amélioration des performances (serveur allégé), installation en fonction des besoins, sécurité améliorée (surface d'attaque réduite), maintenance facilitée (seuls les modules installés ont besoin d'être mis à jour)."
"Qu'est-ce qu'un serveur Web ?","Une machine qui reçoit des requêtes (URL) de type HTTP ou HTTPS et renvoie en réponse les documents au format HTML correspondants."
"Quels sont les composants principaux d'IIS ?","Les services d'écoute de protocole (protocol listeners) comme HTTP.sys, les services comme la publication WWW (service WWW), et le service d'activation de processus Windows (Windows Process Activation Service ou WAS)."
"Qu'est-ce que HTTP.sys ?","Le service d'écoute HTTP d'IIS, implémenté comme un pilote de périphérique en mode noyau (pile de protocole HTTP) ; il écoute les requêtes HTTP et HTTPS/SSL, les envoie à IIS pour traitement puis retourne les réponses aux navigateurs. Introduit dans IIS 6.0, il y a remplacé l'API Windows Sockets (Winsock)."
"Quels avantages HTTP.sys offre-t-il ?","La mise en cache en mode noyau (les réponses en cache sont servies sans passer en mode utilisateur), la mise en file d'attente en mode noyau (le noyau transmet les demandes au processus de travail adéquat, ou les garde en file si aucun n'est disponible), et le pré-traitement et filtrage de sécurité des demandes."
"Comment fonctionnent les services et applications qui n'utilisent ni HTTP ni HTTPS sous IIS ?","Via Windows Communication Foundation (WCF), qui possède des adaptateurs d'écoute fournissant les fonctionnalités d'écoute d'un protocole spécifique (par exemple NetTcpActivator pour le protocole net.tcp)."
"Comment la fonctionnalité du service de publication Web est-elle répartie dans IIS 7.0 ?","Entre deux services fonctionnant dans le processus Svchost.exe : le service WWW à proprement parler, et le nouveau service d'activation de processus Windows (WAS)."
"Quel est le rôle du service WWW dans IIS 7.0 ?","Il est l'adaptateur d'écouteur pour HTTP.sys : il configure et met à jour HTTP.sys lors des changements de configuration, notifie WAS quand une demande entre dans la file d'attente, et collecte les compteurs de performance spécifiques à HTTP pour les sites Web. Il ne gère plus les processus."
"Quel est le rôle de WAS (Windows Process Activation Service) ?","À partir d'IIS 7.0, WAS gère la configuration des pools d'applications et les processus de travail à la place du service WWW, pour les protocoles HTTP comme non-HTTP ; il lit ApplicationHost.config au démarrage et transmet les informations aux adaptateurs d'écoute. Il peut s'exécuter sans le service WWW si aucune fonctionnalité HTTP n'est requise."
"Que sont les modules IIS ?","Les caractéristiques individuelles que le serveur utilise pour traiter les demandes : par exemple des modules d'authentification pour authentifier les clients, des modules de mémoire cache pour gérer le cache."
"Quels modules HTTP IIS 7.0 propose-t-il ?","Contenu statique (pages HTML, images), document par défaut (fichier retourné si l'URL n'en précise pas), exploration de répertoire, erreurs HTTP (messages personnalisés), redirection HTTP, et publication WebDAV (Web Distributed Authoring and Versioning)."
"Quelle est la différence entre une extension ISAPI et un filtre ISAPI ?","Une extension ISAPI s'exécute sur demande comme un fichier HTML ou ASP, mais étant du code compilé elle est traitée beaucoup plus vite que les fichiers ASP ou COM+. Un filtre ISAPI examine chaque demande faite au serveur jusqu'à en trouver une qu'il doit traiter, et peut étendre ou modifier les fonctionnalités d'IIS."
"Qu'est-ce qu'ASP.NET dans le contexte du développement d'applications IIS ?","Un environnement de programmation orientée objet côté serveur permettant de créer des sites et applications Web en code managé, s'appuyant sur le framework .NET ; ASP (Active Server Pages), lui, est un environnement de script côté serveur avec prise en charge native de VBScript et JScript."
"À quoi sert l'interface CGI (Common Gateway Interface) ?","À définir la façon dont un serveur Web transmet des informations à un programme externe, par exemple un formulaire."
"Qu'est-ce que le SSI (Server-Side Includes) ?","Un langage de script utilisé pour générer dynamiquement des pages HTML : le script s'exécute sur le serveur avant l'envoi de la page au client, généralement pour insérer un fichier dans un autre."
"Quels modules de journalisation et de diagnostic IIS propose-t-il ?","Journalisation HTTP (enregistrement de l'activité des sites dans des journaux du système de fichiers), outils de journalisation, observateur de demandes, suivi (tracing), journalisation personnalisée, et journal ODBC (journalisation dans une base conforme ODBC)."
"Quels modules de sécurité IIS propose-t-il pour l'authentification ?","Authentification de base, authentification Windows (faible coût pour sites internes, s'appuie sur l'infrastructure du domaine), authentification Digest (envoi d'un hash du mot de passe au contrôleur de domaine), et authentification par mappage de certificat client (un-à-un via Active Directory, ou un-à-un / plusieurs-à-un via IIS)."
"Que permettent les modules Autorisation d'URL, Filtrage et Restrictions IP et Domaine ?","Autorisation d'URL : créer des règles limitant l'accès au contenu Web. Filtrage : filtrer toutes les demandes entrantes selon des règles de l'administrateur. Restrictions IP et Domaine : autoriser ou refuser le contenu selon l'adresse IP d'origine ou le nom de domaine de la demande."
"Quel est le risque de la compression du contenu dynamique dans IIS ?","Elle permet d'utiliser la bande passante plus efficacement, mais si l'utilisation du processeur du serveur est déjà très élevée, la charge processeur imposée par la compression dynamique peut ralentir le site."
"Comment installe-t-on et administre-t-on IIS ?","IIS n'est pas installé par défaut sur Windows Server 2008 ; on l'installe via l'Assistant « Ajout de rôles » du Gestionnaire de serveur (minimum de composants par défaut). Il se gère par un composant enfichable MMC, le Gestionnaire des services IIS, lancé par la commande inetmgr."
"Quelles sont les deux méthodes d'administration à distance d'IIS ?","L'une basée sur le navigateur (Gestionnaire de services Internet HTMLA, gestion via Internet ou un serveur proxy) et l'autre via un composant enfichable MMC (nécessite Windows sur le client distant et un paramétrage adéquat du pare-feu). On peut aussi passer par Terminal Server."
"Que permet et ne permet pas la sauvegarde de configuration d'IIS via la MMC ?","Elle sauvegarde les paramètres de la métabase IIS pour restaurer une configuration antérieure, mais pas les fichiers de contenu ni les paramètres du registre ; elle ne fonctionne pas si on réinstalle IIS et ne peut pas restaurer une configuration sur un autre ordinateur. La restauration doit se faire avec le composant enfichable IIS (pas le gestionnaire navigateur)."
"Qu'est-ce que WebDAV ?","Web-based Distributed Authoring and Versioning : une extension de la norme HTTP 1.1 permettant d'afficher des supports de stockage (système de fichiers) via une connexion HTTP. Il permet aux créateurs distants de déplacer, rechercher, éditer ou supprimer des fichiers et répertoires sur le serveur, avec verrouillage (plusieurs lecteurs mais un seul rédacteur à la fois)."
"Qu'est-ce que le FTP Restart pris en charge par IIS ?","Une fonctionnalité qui permet, si un transfert de données depuis un site FTP est interrompu, de reprendre le téléchargement à partir de son point d'interruption sans devoir retélécharger le fichier entier."
"Quels protocoles de sécurité IIS 7.0 prend-il en charge ?","SSL 3.0 (authentification, intégrité des messages, confidentialité, chiffrement, reposant sur des certificats), l'authentification de base (spécification HTTP 1.0, mots de passe encodés en Base64 non chiffrés) et l'authentification Digest (depuis IIS 5.0)."
"Quel est l'inconvénient de l'authentification de base ?","Les navigateurs transmettent les mots de passe encodés en Base64 mais non chiffrés : une personne surveillant le réseau peut facilement les intercepter et les déchiffrer. Elle n'est donc conseillée que si la connexion client-serveur est sûre (câble direct, ligne spécialisée, ou chiffrement SSL/TLS)."
"En quoi l'authentification Digest est-elle plus sûre que l'authentification de base ?","Les autorisations d'authentification subissent un hachage unilatéral (le texte original ne peut pas être déchiffré du hash) ; le serveur ajoute des informations au mot de passe avant le hachage, de sorte que personne ne peut capturer et réutiliser le hash. Elle est conçue pour les serveurs proxy et pare-feu, fait partie de WebDAV, mais n'est disponible que pour les domaines avec contrôleur de domaine Windows et Internet Explorer 5 ou ultérieur."
"Quels sont les trois principaux mécanismes de sécurité utilisés dans IIS ?","L'authentification (vérifier l'identité des utilisateurs), les autorisations, et le cryptage (chiffrement, pour empêcher une falsification du contenu qui circule sur Internet)."
"Quelles familles de méthodes d'authentification IIS 7 prend-il en charge ?","Celles basées sur les stimulations (le client doit répondre correctement à une stimulation du serveur), celles basées sur les redirections de connexion (redirection vers une page de connexion, ex. authentification par formulaire), et celles basées sur un certificat client (nécessitant la configuration de SSL)."
"Comment fonctionne l'authentification anonyme d'IIS ?","Elle permet d'accéder aux domaines publics du site sans nom d'utilisateur ni mot de passe ; si elle est activée, IIS l'essaie toujours en premier. Le serveur affecte à l'utilisateur un compte Windows nommé IUSR_nom_ordinateur ; on peut créer plusieurs comptes anonymes pour donner des accès différents à différents domaines du site."
"Pourquoi l'authentification intégrée Windows est-elle sûre, et quelles sont ses limites ?","Le nom d'utilisateur et le mot de passe ne sont pas envoyés sur le réseau : le navigateur prouve qu'il connaît le mot de passe par un échange cryptographique (protocole par question/réponse NTLM ou Kerberos v5 si Active Directory et navigateur compatible). Limites : seul Internet Explorer 2.0 ou ultérieur la prend en charge, et elle ne fonctionne pas avec les connexions proxy HTTP (adaptée à l'intranet)."
"Qu'est-ce que l'emprunt d'identité ASP.NET ?","La possibilité d'exécuter une application ASP.NET sous un contexte de sécurité autre que celui par défaut : soit en tant qu'utilisateur authentifié par IIS 7 (par exemple le compte IUSR pour un utilisateur anonyme), soit sous un compte arbitraire. Par défaut, l'emprunt d'identité ASP.NET est désactivé."
"Comment fonctionne le mappage de certificats client dans IIS ?","On associe (mappe) des certificats client à des comptes utilisateurs Windows sur le serveur ; à chaque connexion avec un certificat client, le serveur associe automatiquement l'utilisateur au compte Windows correspondant, sans recourir à l'authentification de base, Digest ou intégrée Windows. Un ou plusieurs certificats peuvent être mappés à un même compte."
"Qu'est devenu le modèle d'autorisation AzMan dans IIS 7 ?","AzMan, introduit dans IIS 6.0 (autorisation basée sur les règles), a été retiré dans IIS 7 et remplacé par un modèle très semblable au modèle d'autorisation ASP.NET."
"Comment le modèle d'autorisation d'URL IIS 7 traite-t-il les règles, par rapport à ASP.NET ?","Dans le modèle IIS : les règles ne dépendent pas de l'ordre, les règles de refus sont listées en haut, et les règles sont traitées grand-parent puis parent puis enfant. ASP.NET, lui, traite les règles dans l'ordre inverse : enfant, parent, grand-parent."
"Comment fonctionne le chiffrement SSL dans IIS (clés) ?","Les certificats contiennent une paire de clés publique/privée que le serveur utilise pour établir une connexion sécurisée avec le navigateur. Lors de l'échange, une clé de session (clé de cryptage) est créée pour chiffrer et déchiffrer les informations ; sa puissance se mesure en bits (40 bits par défaut, jusqu'à 128 bits)."
"Qu'est-ce que SGC (Server Gated Cryptography) ?","Une extension de SSL permettant un chiffrement élevé avec des clés de 128 bits ; les fonctions SGC sont intégrées dans IIS mais nécessitent un certificat SGC spécial, fourni avec le High Encryption Pack pour Windows. On peut configurer le serveur pour exiger un chiffrement de 128 bits minimum pour toutes les sessions SSL."
"Quels atouts NTFS offre-t-il par rapport à FAT/FAT32 ?","Un grand niveau de sécurité et d'efficacité : blocage de l'accès à un fichier ou répertoire pour un seul utilisateur, compression de disque, quotas de disque, cryptage, attributs par fichier. FAT et FAT32 ne servent plus qu'à la compatibilité avec d'anciens systèmes (DOS, Windows 3.1, 95/98)."
"Que fait l'utilitaire convert.exe et cette conversion est-elle réversible ?","Il convertit les partitions FAT ou FAT32 vers NTFS. L'opération n'est pas réversible : une partition NTFS ne peut pas être reconvertie vers FAT/FAT32, il faut l'effacer et la recréer."
"Qu'est-ce que la MFT (Master File Table) ?","La table de fichiers maître : le fichier des descripteurs de fichiers de NTFS, qui contient les informations détaillées sur les fichiers et permet les noms longs. Sa position est indiquée dans le premier secteur de la partition (MBR) et elle est dupliquée sur la partition pour la sécurité."
"Comment NTFS localise-t-il les fichiers et quel est le gain de performance ?","NTFS utilise une arborescence de répertoire organisée en arbre binaire (B+), ce qui rend l'accès aux fichiers plus rapide que sur une partition FAT ; l'information sur les clusters est stockée avec chaque cluster et non dans une simple table comme la FAT."
"Quelles sont les limites de taille d'une partition NTFS ?","Limite théorique : 16 exaoctets (17 milliards de To). Limite physique : celle des disques (2 To). Une partition NTFS doit avoir une capacité d'au moins 400 Mo car NTFS utilise beaucoup d'espace pour ses structures système."
"Quelles fonctionnalités de sécurité et de nommage NTFS apporte-t-il ?","Contrôle par liste d'accès (ACL, l'administrateur contrôle qui accède à chaque fichier), compression de fichier intégrée, gestion des noms Unicode, noms longs jusqu'à 255 caractères et noms 8.3, sécurité des données sur supports amovibles comme fixes, gestion de très gros fichiers."
"Quels sont les principaux fichiers de la structure d'un volume NTFS ?","La MFT (descripteurs de fichiers, dupliquée), le fichier du volume (nom du volume), le fichier Bitmap (état d'allocation du volume), le répertoire racine du volume, et le fichier journal (fiabilité de la structure)."
"Comment évolue la MFT lors de la création et de la suppression de fichiers ?","À la création d'un fichier, une entrée est ajoutée à la MFT qui grandit. À la suppression, l'entrée est marquée comme libre et peut être réutilisée, mais la MFT ne se réduit jamais. NTFS cherche des espaces contigus pouvant contenir l'intégralité du fichier."
"Qu'est-ce qu'un attribut résident ou non résident dans NTFS ?","Un objet externe (fichier ou répertoire) est constitué d'attributs. Un attribut résident est rangé dans le descripteur de l'objet lui-même (dans la MFT) ; un attribut non résident est stocké à l'extérieur de la MFT dans un espace alloué en propre. Si l'objet est assez petit, tous ses attributs (dont les données) sont résidents."
"Quelle est la plage de taille d'un cluster NTFS et sur combien de bits sont-ils numérotés ?","La taille d'un cluster (unité d'allocation) va de 512 octets à 64 koctets ; c'est un compromis entre l'utilisation de l'espace disque et le nombre d'accès. Les clusters sont numérotés sur 64 bits, soit la gestion de 16 milliards de clusters par volume."
"Comment NTFS alloue-t-il l'espace des attributs non résidents ?","Par le principe de l'allocation par zone : la valeur de l'attribut dans le descripteur est remplacée par la suite des descriptions des zones allouées (nombre et taille de zones quelconques). Une compression est appliquée (déplacement relatif à la zone précédente, suppression des octets nuls de tête). La longueur d'un attribut non résident est sur 64 bits (fichiers jusqu'à 16 Go)."
"Comment est organisé le contenu d'un répertoire NTFS et que contiennent ses entrées ?","En arbre binaire. Chaque entrée contient : le nom de l'objet (la clé), son numéro dans la MFT, ses dates de création/modification/accès, sa taille et le numéro du répertoire parent dans la MFT. Seuls les deux premiers sont réellement nécessaires (les autres sont dupliqués depuis le descripteur), ce qui évite d'accéder au descripteur mais impose de mettre à jour plusieurs endroits."
"À quoi sert l'attribut Bitmap d'un répertoire NTFS ?","À indiquer quels nœuds de l'arbre binaire sont libres, pour permettre leur réutilisation après suppression ; s'il n'y a plus de nœud libre, une nouvelle zone est allouée et la Bitmap mise à jour."
"Selon quelle technique NTFS assure-t-il la récupération du système de fichiers ?","Par un traitement transactionnel via le fichier journal : toutes les sous-opérations sont enregistrées dans le journal (comment refaire et comment défaire) avant d'être reportées sur le disque, à la manière d'une base de données. Une transaction garantit que toutes ses opérations élémentaires sont faites, ou aucune."
"Qu'est-ce que l'écriture paresseuse (lazy write) et quel risque aggrave-t-elle ?","Les opérations sont d'abord effectuées dans des tampons en mémoire, et l'écriture sur disque est différée pour gagner en performance. Le risque est qu'une panne survienne avant l'écriture, laissant la structure incohérente, d'où le rôle du fichier journal."
"Dans quel ordre NTFS écrit-il les tampons du fichier journal ?","Le gestionnaire de tampons écrit les tampons du fichier journal sur disque avant les autres tampons ; périodiquement, l'état des transactions et la liste des tampons non encore écrits sont aussi enregistrés dans le journal."
"Que fait NTFS au redémarrage après une panne, grâce au fichier journal ?","Il analyse le journal : les transactions clôturées dont les actions n'ont pas été portées physiquement sur disque sont refaites, et les transactions non clôturées dont les actions ont été portées sur disque sont défaites. Il vaut mieux perdre de l'espace disque que d'allouer deux fois le même bloc."
"Qu'est-ce que la protection des ressources Windows (WRP) et qu'apporte-t-elle par rapport à WFP ?","WRP (Windows Resource Protection), introduite dans Windows Server 2008, remplace la protection des fichiers Windows (WFP). Elle protège désormais aussi les clés de registre en plus des fichiers ; Windows Installer ignore l'installation d'une ressource protégée, enregistre un avertissement dans le journal et poursuit sans erreur."
"Qui peut modifier une ressource protégée par WRP et comment ?","L'autorisation d'accès complet est limitée aux administrateurs ; les ressources ne peuvent être modifiées que par des mécanismes de remplacement de ressources utilisant le service d'installation de modules Windows. WRP protège notamment les fichiers .DLL, .EXE, .OCX et .SYS."
"Où sont stockées les copies des fichiers WRP nécessaires au redémarrage de Windows ?","Dans le répertoire %windir%\\WinSxS\\Backup ; les fichiers critiques non nécessaires au redémarrage n'y sont pas copiés, et ni la taille du cache ni la liste des fichiers copiés ne peuvent être modifiées."
"Quelle est la différence entre un disque basique et un disque dynamique sous Windows Server ?","Un disque basique est composé de partitions (primaires, étendues, lecteurs logiques) et est requis pour le dual-boot avec DOS, Windows 3.x, 9x/Me ou NT. Un disque dynamique (depuis Windows 2000/XP) est divisé en volumes pouvant couvrir un ou plusieurs disques, redimensionnables sans redémarrer ; ses informations de description sont réservées à la fin du disque."
"Quels sont les trois types de volumes dynamiques ?","Volume simple (espace d'un seul disque), volume multiple (espace de plusieurs disques jusqu'à 32, utilisés successivement, agrégat de partitions, perte totale si un disque tombe, performances dégradées car lecture séquentielle), agrégat par bande sans parité (espace libre de plusieurs disques jusqu'à 32 en un volume, performances accrues car lecture/écriture sur tous les disques, perte totale si un disque est perdu)."
"Quels sont les états possibles d'un volume dynamique ?","Erreur (ne redémarre pas automatiquement, à réparer), En état (accessible, sans problème connu), En état avec risque (accessible mais erreurs d'E/S détectées sur le disque), Initialisation (en cours, sera « en état » à la fin)."
"Citez des limitations des volumes dynamiques.","Non accessibles par DOS ou Windows antérieur à 2000 ; les volumes mis à jour depuis une partition basique ne peuvent pas être étendus (surtout s'ils contiennent les fichiers de démarrage) ; Windows ne s'installe pas sur un volume dynamique créé à partir de l'espace non alloué lors de l'installation ; non supportés par les portables et médias amovibles ; la conversion d'un disque de démarrage basique en dynamique est irréversible."
"Sur quels systèmes de fichiers les quotas de disque peuvent-ils être définis sous Windows Server ?","Uniquement sur les volumes NTFS, pas sur FAT ou FAT32 ; ils ne peuvent pas non plus être fixés sur des dossiers à l'intérieur d'une partition NTFS."
"Quels niveaux de RAID Windows Server met-il en œuvre, et sur quels disques ?","Les niveaux 1 (mirroring) et 5 (agrégat par bandes avec parité), sur les disques dynamiques uniquement. Le composant enfichable « Gestion de disque » (MMC) et son assistant servent à les configurer."
"Comment fonctionne le RAID 1 (mirroring) sous Windows et quelles sont ses caractéristiques ?","Toutes les données sont dupliquées à l'identique sur les disques ; si un disque lâche, les autres conservent toutes les données. Très bonnes performances en lecture, écriture équivalente à un seul disque ; l'espace disponible est celui du plus petit disque. Minimum deux disques, et Windows n'en autorise pas plus de deux. Inconvénient : rapport prix/espace très défavorable."
"Comment fonctionne le RAID 5 (agrégat par bandes avec parité) et quel est son avantage sur le miroir ?","Windows écrit les données sur 3 à 32 disques dynamiques avec des informations de parité permettant de régénérer les données d'un disque en panne (reconstruction). Plus rapide en lecture (plusieurs disques simultanément) mais plus lent en écriture (calculs de parité) que le RAID 1. Avantage : il n'occupe que 20 % de l'espace pour la redondance, contre 50 % pour un miroir."
"Quelle est la procédure de remplacement d'un disque défaillant en RAID 5 puis en RAID 1 sous Windows ?","RAID 5 : vérifier l'état dans le Gestionnaire de disques ; si le disque est marqué manquant, tenter de le réactiver avant de le remplacer. RAID 1 : si la réactivation échoue, il faut d'abord casser le miroir, remplacer le disque, puis reformer le miroir."
"Qu'est-ce que le registre de Windows ?","Une base de données unique où sont centralisées toutes les informations de configuration depuis Windows NT ; il remplace les fichiers de configuration .ini, .sys et .com. Il est dynamique et organisé de façon hiérarchique (sous-arbres, clés, sous-clés et valeurs)."
"Quand les données du registre doivent-elles être relues après une modification pour une application ?","Les données relatives aux applications ne sont lues qu'au démarrage de l'application ; en cas de changement de paramétrage, il faut redémarrer l'application (sauf si elle surveille elle-même le registre)."
"Quels sont les quatre principaux moments de lecture des données de configuration ?","Au démarrage initial (le chargeur de boot lit la liste des pilotes de démarrage), au lancement du noyau (paramètres des pilotes et configuration des sous-systèmes), à l'ouverture de session (Explorer et les personnalisations de l'utilisateur : lecteurs réseau, fond d'écran, menus...), et au démarrage des applications (composants installés, licences, paramètres et documents récents de l'utilisateur)."
"Combien de clés principales (HKEY) le registre comporte-t-il ?","Six clés racine (HKEY) ayant chacune un rôle précis ; chaque nom commence par HKEY_, descripteur utilisé dans les programmes pour identifier des ressources."
"Que contient HKEY_CURRENT_USER (HKCU) ?","Les préférences et la configuration logicielle de l'utilisateur connecté localement ; elle associe l'utilisateur à son profil, stocké dans \\Users\\<username>\\Ntuser.dat. À chaque chargement d'un profil, HKCU est créée pour correspondre à la clé de l'utilisateur sous HKEY_USERS."
"Que contient HKEY_USERS (HKU) ?","Une sous-clé pour chaque profil utilisateur, plus une sous-clé HKU\\.DEFAULT liée au profil pour le système (utilisé par Winlogon, ce qui permet d'appliquer certains réglages sur l'écran de connexion). Un nouveau compte local reçoit un profil basé sur %SystemDrive%\\Users\\Default."
"De quels trois types d'information HKEY_CLASSES_ROOT (HKCR) se compose-t-il ?","Les associations d'extensions de fichiers, les enregistrements de classe COM, et la racine du registre virtualisée pour le contrôle des comptes utilisateur (UAC). Une clé existe pour chaque extension de nom de fichier enregistrée."
"Que contient HKEY_LOCAL_MACHINE (HKLM) ?","Toutes les sous-clés de configuration de la totalité du système : BCD, COMPOSANTS, HARDWARE, SAM, SECURITY, SOFTWARE et SYSTEM."
"Qu'est-ce que la sous-clé HKLM\\BCD ?","La configuration de la base de données de démarrage (Boot Configuration Data) ; elle remplace le fichier Boot.ini des versions antérieures de Windows Server, avec plus de flexibilité et une isolation des données d'installation, de configuration et de démarrage."
"Que représente HKEY_CURRENT_CONFIG ?","Un simple lien vers le profil matériel utilisé, stocké sous HKLM\\SYSTEM\\CurrentControlSet\\Hardware profiles\\Current. Les profils matériels permettent de configurer différents paramètres système de base des pilotes ; les applications référencent toujours leur profil actif via cette clé."
"À quoi sert HKEY_PERFORMANCE_DATA ?","À accéder aux valeurs des compteurs de performance de Windows (composants de l'OS ou applications serveur). Avantage : le suivi à distance des performances fonctionne « gratuitement » car le registre est facilement accessible à distance via une API normée."
"De quoi se compose une rubrique valuée du registre ?","De trois parties : le nom, le type de données et la valeur. Chaque clé ou sous-clé peut contenir de telles rubriques."
"Qu'est-ce qu'une ruche (hive) du registre ?","Un fichier contenant un arbre de registre, avec une clé qui sert de racine ; les sous-clés et valeurs se situent sous cette racine. Les ruches ne sont pas accessibles en lecture au cours d'une session. Une partie du registre est au contraire dynamique et reconstruite à chaque démarrage."
"Où le gestionnaire de configuration note-t-il le chemin de chaque ruche ?","Dans des valeurs sous la clé HKLM\\SYSTEM\\CurrentControlSet\\Control\\Hivelist ; il supprime le chemin quand la ruche est déchargée et crée les clés racine qui relient les ruches pour construire la structure du registre. Les chemins de toutes les ruches sont codés dans le gestionnaire de configuration, sauf ceux des profils utilisateur."
"Qu'est-ce qu'une ruche volatile ?","Une ruche temporaire sans fichier associé, entièrement créée et gérée en mémoire, recréée à chaque démarrage du système. Exemple : HKLM\\HARDWARE, qui stocke les informations sur les périphériques physiques et les ressources, redétectées à chaque démarrage pour ne pas être stockées sur disque."
"Qu'est-ce que le registre transactionnel (TxR) ?","Introduit à partir de Windows Server 2008, il s'appuie sur le Kernel Transaction Manager pour permettre des opérations transactionnelles robustes sur le registre, avec reprise en cas d'erreur, et le lien avec des opérations hors registre (fichiers). Trois API : RegCreateKeyTransacted, RegOpenKeyTransacted, RegDeleteKeyTransacted."
"Comment fonctionne le filtrage du registre par le mécanisme de callback ?","Le gestionnaire de configuration (noyau Windows) exécute une fonction de rappel enregistrée par un pilote, avant et après l'exécution des services du registre, donnant au pilote une visibilité et un contrôle complets sur les accès (utilisé par Process Monitor et les antivirus)."
"À quoi sert la notion de profondeur dans le filtrage du registre ?","À ordonner de façon déterministe l'appel des routines de rappel des différents fournisseurs (par exemple pour qu'un produit de chiffrement déchiffre une clé avant qu'un antivirus ne l'analyse). Les éditeurs doivent s'inscrire auprès de Microsoft pour éviter les collisions."
"Que peut faire un pilote de filtrage du registre au-delà de surveiller ?","Traiter complètement l'opération (en contournant le gestionnaire de configuration), rediriger l'opération vers une autre, modifier les paramètres de sortie et la valeur de retour, ou marquer des informations par clé ou par opération."
"Comment le gestionnaire de configuration optimise-t-il le stockage des descripteurs de sécurité ?","Comme les mêmes paramètres de sécurité s'appliquent souvent à des sous-arbres entiers, il partage un descripteur de sécurité existant entre les clés d'une même ruche : il n'y a au plus qu'un exemplaire de chaque descripteur de sécurité unique par ruche."
"Comment le registre optimise-t-il le stockage des noms de clés ?","Bien qu'il soit entièrement compatible Unicode, si un nom ne contient que des caractères ASCII il est stocké en ASCII dans la ruche (converti en Unicode en mémoire à la lecture). Les blocs de contrôle de clés ne stockent que le nom de la clé, pas le chemin complet, et partagent un bloc de nom commun ; les blocs fréquents sont dans une table de cache (hachage), et une table différée permet de rouvrir vite une clé récemment fermée."
"Quels outils Windows permettent d'éditer le registre ?","En principe on ne modifie jamais le registre directement (les paramètres doivent avoir une interface). Windows fournit Regedit.exe (outil graphique principal), Reg.exe (import, export, sauvegarde, restauration, comparaison, modification, suppression de clés en ligne de commande) et Regini.exe (import de données depuis des fichiers texte ASCII ou Unicode)."
"À quoi sert la fonction RegNotifyChangeKey ?","À mettre un thread en veille jusqu'à ce qu'un changement se produise dans la région du registre qu'il surveille ; c'est la méthode que devraient utiliser les applications au lieu de scruter en boucle leurs paramètres."
"Quels sont les trois principaux outils d'administration graphiques de Windows Server 2008 ?","Le Gestionnaire de serveur, la console MMC (et ses composants logiciels enfichables), et l'accès distant."
"Quel est l'outil principal de l'administrateur d'un serveur Windows Server 2008 ?","Le Gestionnaire de serveur : outil local qui centralise toutes les tâches de gestion et de configuration (configuration du serveur, ajout/suppression de rôles et fonctionnalités, état des rôles et services, événements, pilotes et matériel, goulets d'étranglement, stockage, pare-feu, tâches planifiées, utilisateurs locaux, dépannage)."
"Quelle différence entre un rôle, un service de rôle et une fonctionnalité sous Windows Server 2008 ?","Un rôle est un ensemble de fonctions serveur ; un service de rôle est un sous-ensemble d'un rôle (un rôle fonctionne dès que plusieurs services de rôle sont activés) ; une fonctionnalité complète les possibilités (35 par défaut sous 2008, 41 sous R2), aucune n'étant installée à l'installation du système."
"Quelle est la différence entre une console MMC préconfigurée et personnalisée ?","Une console préconfigurée est installée par défaut ou lors de l'ajout d'un rôle et contient les composants enfichables des tâches courantes. Une console personnalisée est créée par l'administrateur pour combiner un ou plusieurs composants selon ses besoins, l'enregistrer, la distribuer et la fournir sur mesure lors de la délégation."
"Quelle est la différence entre un composant enfichable autonome et un composant enfichable d'extension ?","Un composant autonome effectue les tâches administratives du système par lui-même. Un composant d'extension fournit des fonctionnalités complémentaires mais ne fonctionne qu'avec un composant autonome ; Windows n'affiche que les extensions compatibles avec un composant autonome donné. L'extension des fichiers de console est .msc."
"Quels sont les deux modes d'une console MMC et à quoi sert le mode Utilisateur ?","Le mode Auteur (par défaut, sans restriction) et le mode Utilisateur (restreint les actions, utilisé pour la délégation ou le partage). Le mode Utilisateur a trois niveaux d'accès : accès total, accès limité avec fenêtres multiples, accès limité avec fenêtre unique."
"Qu'est-ce que RSAT (Remote Server Administration Tools) ?","Des composants logiciels enfichables pour la gestion à distance des rôles et fonctionnalités de Windows Server 2008 ; RSAT remplace l'adminpak des versions précédentes. Il n'est natif que sous Windows Server 2008 R2 (téléchargement pour les versions antérieures) et se configure via le Gestionnaire de serveur (Ajout de fonctionnalités)."
"Que permet l'administration à distance (version Terminal Server réservée à l'administration) sous Windows Server 2008 ?","La connexion simultanée de deux administrateurs sans licences supplémentaires ; l'administrateur connecté a accès à tout le serveur, laissé dans un emplacement sécurisé. Elle utilise une version améliorée du protocole RDP (Remote Desktop Protocol)."
"À quoi sert l'outil en ligne de commande ServerManagerCmd ?","À gérer les rôles, services de rôle et fonctionnalités (installation, suppression, liste des éléments disponibles et installés) ; paramètres : -q (liste), -p (fichier de réponses XML), -install, -remove, -v (version), -? (aide)."
"À quoi servent ocsetup et pkgmgr, et dans quel cas sont-ils indispensables ?","ocsetup (qui remplace Sysocmgr) installe ou supprime des packages MSI ou composants optionnels ; pkgmgr installe, supprime ou met à jour des packages. Plus difficiles à mettre en œuvre que le Gestionnaire de serveur, ils restent les seuls moyens d'installer des rôles et fonctionnalités sous un Server Core."
"Quelle est la différence entre WinRS et WinRM ?","WinRM (Windows Remote Management) est le service qui doit être activé sur l'ordinateur distant ; WinRS (Windows Remote Shell) permet d'exécuter des commandes sur cet ordinateur distant. Par défaut les messages sont chiffrés avec des clés Kerberos ou NTLM (paramètre -unencrypted pour ne pas chiffrer)."
"À quoi sert l'outil WMIC ?","Windows Management Instrumentation Command-line : interroger des objets WMI grâce à des alias, en ligne de commande (implémenté nativement sous Windows Server 2008)."
"Quelles fonctionnalités de sauvegarde et de récupération Windows Server 2008 propose-t-il ?","Les clichés instantanés de dossiers partagés, les outils de sauvegarde de Windows Server (console MMC, outil en ligne de commande Wbadmin, commandes PowerShell) et un environnement de récupération Windows (restauration complète du PC, diagnostic mémoire, invite de commandes). La fonction Ntbackup.exe a été supprimée."
"Sur quoi la sauvegarde de Windows Server 2008 peut-elle porter ?","Sur l'intégralité du serveur (tous les volumes), des volumes, l'état du système, ou des dossiers et fichiers ; localement ou à distance ; de manière manuelle ou planifiée (automatique)."
"Qu'est-ce que WinRE ?","L'environnement de récupération et de dépannage de Windows Server 2008, accessible via « Options de récupération du système » de l'assistant d'installation ; il permet la récupération du système d'exploitation, de l'état du système, des volumes, des applications et données, du catalogue de sauvegardes et des fichiers et dossiers locaux, à partir de sauvegardes préalables."
"Pourquoi ne faut-il jamais formater une partition de serveur en FAT ou FAT32 ?","Pour assurer la sécurité locale des données ; le système de fichiers à utiliser est NTFS, et il faut toujours formater en NTFS dès l'installation. Convertir a posteriori une partition FAT32 en NTFS (convert <unité> /fs:ntfs) n'applique pas automatiquement les ACL sur les fichiers, contrairement à un formatage NTFS d'origine."
"Que recommande l'ANSSI pour les mots de passe d'administrateur ?","Au moins 12 caractères (si possible 16), de types différents (majuscules, minuscules, chiffres, caractères spéciaux), sans lien avec soi (noms, dates de naissance), changés régulièrement, non mémorisés par les logiciels, non stockés près de l'ordinateur, avec si possible une limitation du nombre de tentatives."
"Qu'est-ce que l'option Core de Windows Server 2008 ?","Une installation minimaliste limitant les attaques : seuls les éléments et packages fondamentaux sont installés (ni framework ni bureau), donc l'administration locale se fait uniquement en ligne de commande. L'installation ne demande que quatre informations : langue et paramètres régionaux, clé de licence, acceptation du contrat, disque ou partition cible."
"Comment sécuriser le compte administrateur intégré de Windows Server 2008 ?","Renommer le compte administrateur par un nom non évocateur de son rôle, créer un compte nommé « administrateur » sans privilège avec un audit des tentatives d'ouverture de session, et désactiver le véritable compte administrateur, sur tous les comptes administrateur de domaine et locaux."
"Comment désactiver la création des partages administratifs pour une sécurité maximale ?","En positionnant la valeur de registre AutoShareServer (type REG_DWORD) à 0 sous HKEY_LOCAL_MACHINE\\System\\CurrentControlSet\\Services\\lanmanserver\\parameters. Par ailleurs, tout partage inutile doit être supprimé et les nouveaux partages, créés par défaut avec « Contrôle Total » pour « Tout le monde », doivent être restreints."
"Comment masquer un contrôleur de domaine du Voisinage réseau ?","En ajoutant la valeur Hidden (type REG_DWORD) à 1 sous HKEY_LOCAL_MACHINE\\SYSTEM\\CurrentControlSet\\Services\\LanmanServer\\Parameters ; cette solution n'est mise en œuvre que dans des environnements hautement sécurisés."
"Quand Microsoft publie-t-il ses mises à jour importantes et à quelle fréquence les vérifier ?","En général le deuxième ou le quatrième mardi du mois ; il est recommandé de vérifier les mises à jour une fois par semaine via Windows Update. Chaque service pack Windows inclut toutes les mises à jour de sécurité des service packs antérieurs."
"À quoi sert le composant enfichable « Configuration et analyse de la sécurité » et son équivalent en ligne de commande ?","À configurer et analyser la sécurité de Windows Server 2008 sur la base d'un modèle de sécurité (créé avec le composant « Modèle de Sécurité »). Il est accessible uniquement via une console MMC personnalisée. Son équivalent en ligne de commande est secedit.exe."
"Pourquoi paramétrer la suppression du fichier pagefile.sys à l'arrêt de l'ordinateur ?","Pour empêcher une personne malveillante d'extraire des informations depuis le fichier de pagination ; cette option n'est pas active par défaut et se paramètre avec l'Éditeur de Stratégie Locale (au prix d'un temps d'arrêt de la machine plus long)."
"Quels types d'audit peut-on activer via la Stratégie de sécurité locale ?","Auditer l'accès au service d'annuaire, l'accès aux objets, l'utilisation des privilèges, la gestion des comptes, le suivi des processus, les événements de connexion, les événements de connexion aux comptes, les événements système et les modifications de stratégies. Un redémarrage est nécessaire pour que la stratégie prenne effet."
"Qu'est-ce que BitLocker ?","Un mécanisme de chiffrement de disque qui crypte toutes les données stockées sur un volume du système d'exploitation Windows ; il utilise le module de plateforme sécurisée (TPM) et aide à assurer l'intégrité des composants de démarrage. Il doit être installé (fonctionnalité « Chiffrement de lecteur BitLocker »), nécessite un redémarrage, et un mot de passe de récupération à enregistrer (éventuellement sur plusieurs supports). Il peut impacter les performances du serveur."
"Qu'est-ce que le système de chiffrement de fichiers EFS ?","Encrypting File System, implémenté depuis Windows 2000, requiert des partitions NTFS v.5 ou ultérieur, transparent pour l'utilisateur. Il chiffre fichiers et dossiers en utilisant un algorithme asymétrique (clé privée / clé publique) pour encoder les clés symétriques qui chiffrent les fichiers. Un agent de récupération doit être configuré (départ d'un employé, perte de clé privée). Chiffrement 56 bits par défaut, jusqu'à 128 bits ; un fichier compressé n'est pas chiffré et inversement."
"Où EFS stocke-t-il les clés de chiffrement et quelles améliorations Windows Server 2008 apporte-t-il ?","EFS est dans le noyau de Windows et utilise un pool de mémoire non paginé pour les clés (impossible de les extraire du fichier de pagination). Windows Server 2008 ajoute le stockage des certificats sur cartes à puce, le chiffrement par utilisateur des fichiers du cache côté client, des options de stratégie de groupe supplémentaires et un Assistant de changement de clé. Le partage des fichiers d'un dossier crypté est impossible."
"Comment fonctionne l'agent de stratégie IPSec sous Windows Server 2008 ?","C'est un service qui tourne dans le processus lsass.exe (visible dans le composant MMC Services), chargé et démarré à la mise en route ; il récupère la stratégie IPSec dans Active Directory ou dans le registre local (clés sous ...\\Services\\PolicyAgent\\Policy\\Cache ou \\Local), puis l'applique à tout le trafic IP. Le Moniteur de sécurité IPSec (ipsecmon.exe) affiche son statut ; les logs sont dans ipsecpa.log."
"À quoi sert la commande « Exécuter en tant que » sous Windows ?","À tester des réglages avec un compte particulier alors qu'on est connecté avec un autre compte (similaire à la commande su sous Unix) ; via un clic droit sur l'icône de l'application, puis saisie d'un login et d'un mot de passe."
"Comment cache-t-on un partage aux ressources du réseau et quelle est la syntaxe d'accès à un dossier partagé ?","On ajoute le signe $ à la fin du nom de partage pour le masquer. L'accès à un dossier partagé se fait par la syntaxe \\\\NomDuServeur\\NomDuPartage."
"Quelles sont les autorisations de partage sous Windows Server 2008 ?","Contrôle Total, Modifier, et Lire (autorisation ou refus) ; elles sont attribuées au point de partage et fonctionnent de manière analogue aux permissions NTFS, celles-ci permettant d'affiner la sécurité pour chaque fichier ou répertoire."
"À quoi servent les clichés instantanés de dossiers partagés ?","À fournir des copies à un instant donné de fichiers de ressources partagées, pour récupérer rapidement sans aide un fichier supprimé ou écrasé par inadvertance, ou comparer différentes versions. L'activation n'est possible que pour un volume entier et ne remplace pas les sauvegardes régulières. Configuration via la boîte de dialogue « Clichés instantanés » ou la commande vssadmin."
"À quoi s'appliquent les quotas de disque sous Windows Server 2008 ?","Uniquement aux volumes NTFS (indépendamment des structures de dossiers). Le quota d'un volume s'applique collectivement à tous ses dossiers ; chaque volume d'un même disque physique a son quota indépendant ; un volume s'étendant sur plusieurs disques a un quota global. Windows peut empêcher toute nouvelle utilisation au dépassement de la limite, et/ou enregistrer un événement au dépassement du niveau d'avertissement."
"Quels journaux l'Observateur d'événements de Windows Server 2008 propose-t-il ?","Journal Applications (mis à jour par les applications), Journal Système (événements de l'OS), Journal Sécurité (audits succès et échecs), Journal des événements transmis (autres ordinateurs), Journal de configuration (installation d'applications), et le Journal des applications et des services (sous-journaux Administration, Opérationnel, Analyse, Débogage)."
"Quelle est la taille maximale par défaut d'un journal de l'Observateur d'événements et quelles options de dépassement existe-t-il ?","512 Ko par défaut. Options : remplacer les événements si la taille maximale est atteinte, remplacer uniquement les plus anciens selon un nombre de jours, ou ne pas remplacer (nettoyage manuel nécessaire). Les journaux s'enregistrent au format .evt (pour l'observateur) ou au format texte."
"Que permet le Moniteur de ressources et comment le lancer en ligne de commande ?","La visualisation et l'analyse en temps réel de quatre sous-ensembles : le processeur, les disques, le réseau et la mémoire ; il offre une vision centralisée pour optimiser le serveur. Lancement en ligne de commande : perfmon /res."
"À quoi sert l'Analyseur de performances et quels formats d'export propose-t-il ?","Un outil graphique pour surveiller et mesurer l'activité d'un ou plusieurs ordinateurs (objets associés à des compteurs, éventuellement plusieurs instances) afin d'évaluer leur efficacité, identifier les goulets d'étranglement et planifier les besoins matériels. Il fournit graphes, alertes et rapports ; l'export se fait au format HTML ou TSV."
"Que peut traduire une activité élevée du disque dur dans l'analyse des performances ?","Un problème de fragmentation, un temps de transfert trop long, mais aussi un manque de mémoire vive qui oblige le système à une pagination excessive."
"Quelles catégories de rapports le Moniteur de fiabilité établit-il ?","Installation/désinstallation de logiciels, défaillances d'applications, défaillances matérielles, échecs Windows, échecs divers."
"Quels sont les quatre types de collecteurs de données ?","Personnalisés (configurables par l'administrateur), système (prédéfinis, non modifiables), sessions de suivi d'événements (sous-ensembles de suivi d'événements), et sessions de traces d'événements Startup (suivi au démarrage)."
"Quels onglets le Gestionnaire des tâches de Windows Server 2008 propose-t-il ?","Les applications en cours et leur état, la liste des processus (modifier une propriété, tuer), l'état des services (activer/désactiver), les performances (mémoire, processeur, accès au moniteur de processus), la charge réseau par carte, et les utilisateurs avec une session ouverte (déconnexion). Lancement : Ctrl+Alt+Suppr ou Ctrl+Maj+Échap."
"Qu'est-ce que SNMP et quels en sont les composants ?","Simple Network Management Protocol, standard Internet pour la gestion de nœuds de réseaux hétérogènes TCP/IP : des agents SNMP sur les nœuds remontent des informations d'état dans des bases MIB (Management Information Base), collectées par une station de gestion NMS (Network Management Station). Sous Windows Server 2008, SNMP est une fonctionnalité non installée par défaut ; la communauté par défaut est « publique »."
"Qu'est-ce que WMI et sur quels standards repose-t-il ?","Windows Management Instrumentation : mise en œuvre pour Windows de l'initiative WBEM de la DMTF, étendant le modèle de données CIM (Common Information Model). Il offre une interface unique, cohérente, extensible et orientée objet pour gérer et interroger les ressources d'un ordinateur (localement ou à distance), traite ses données comme une base relationnelle (requêtes SQL) et gère la publication d'événements et les abonnements."
"Quels sont les principaux outils d'utilisation de WMI ?","WMI Control (wmimgmt.msc, console MMC pour configurer les propriétés de WMI), WMI Tester (wbemtest.exe, outil graphique d'interaction avec l'infrastructure WMI) et WMI Commandline (wmic.exe, interface en ligne de commande) ; un outil tiers plus ergonomique est WMIEXPLORER."
"Quels sont les services de rôle des services Terminal Server de Windows Server 2008 ?","Terminal Server (héberge programmes ou Bureau Windows), TS Web Access (accès aux programmes RemoteApp et au Bureau à distance via un site Web), Gestionnaire de licences des services Terminal Server, Passerelle des services Terminal Server, et TS Session Broker (équilibrage de charge des sessions et reconnexion à une session existante)."
"Comment la Passerelle des services Terminal Server sécurise-t-elle l'accès distant ?","Elle encapsule le protocole RDP dans HTTPS et transmet le trafic RDP vers le port 443 (via un tunnel TLS/SSL) au lieu du port 3389 habituellement bloqué, ce qui permet aux utilisateurs distants autorisés de joindre des ressources internes derrière pare-feu et NAT sans VPN, avec une connexion RDP point-à-point et des stratégies d'autorisation."
"Que fait TS Session Broker dans une batterie de serveurs Terminal Server ?","Il effectue le suivi des sessions utilisateur (ID de session, nom d'utilisateur, serveur hébergeant la session) ; quand un utilisateur ayant une session existante se reconnecte, il le redirige vers le serveur qui héberge sa session ; si l'équilibrage de charge est activé, il dirige les nouveaux utilisateurs vers le serveur ayant le moins de sessions."
"Combien de connexions simultanées le Bureau à distance prend-il en charge et quelles licences exige-t-il ?","Deux connexions à distance simultanées vers l'ordinateur, sans licence d'accès client des services Terminal Server. La Connexion Bureau à distance est installée par défaut sous Windows Server 2008 ; les membres du groupe Administrateurs local peuvent se connecter même sans figurer dans la liste des utilisateurs."
"Qu'est-ce qu'un programme RemoteApp (TS RemoteApp) ?","Un programme accessible à distance via les services Terminal Server mais qui se comporte comme s'il était exécuté localement : il est intégré au Bureau du client, dans sa propre fenêtre redimensionnable avec sa propre entrée dans la barre des tâches. Plusieurs programmes RemoteApp du même serveur partagent la même session Terminal Server. Accès via TS Web Access, un fichier .rdp, ou un package Windows Installer (.msi)."
"Qu'est-ce qu'Internet, au sens strict ?","Un réseau international d'ordinateurs communiquant grâce à des protocoles normalisés d'échange de données : plus précisément un réseau de réseaux (un inter-réseau, de l'anglais internetwork), permettant à des ordinateurs de types différents (Mac, PC, Unix, Linux) de communiquer de façon transparente pour l'utilisateur."
"Quel est l'ancêtre d'Internet et quelle était sa vocation ?","Le réseau ARPANET, qui reliait entre eux les sites informatiques militaires des États-Unis."
"Que désignent les termes « backbones » ou « cœurs de communication » ?","L'infrastructure matérielle de télécommunications d'Internet et son câblage (fils téléphoniques, x.DSL, fibres optiques, câbles intercontinentaux, satellite, ondes hertziennes), parfois appelée « autoroutes de l'information », à ne pas confondre avec le concept d'Internet lui-même."
"Quelle est la différence entre le courrier électronique et les forums de discussion en termes de mode d'échange ?","Le courrier électronique est un service asynchrone en mode « push » (l'information est poussée vers l'utilisateur). Les forums (news, usenet) sont un service d'échange de messages en mode « pop » (l'utilisateur va chercher l'information). Le chat (IRC) est lui synchrone."
"Quels protocoles assurent les principaux services d'Internet ?","TCP/IP pour la transmission des informations, HTML et HTTP pour le World Wide Web, SMTP / POP3 / IMAP pour le courrier, PGP / RSA / SSL pour la sécurisation des transmissions, RTP pour les flux temps réel."
"Sur quelle topologie Internet reposait-il au départ ?","Un réseau maillé où tous les routeurs sont interconnectés aux routeurs les plus proches et où il existe toujours une route possible pour atteindre sa destination."
"Qu'est-ce qu'un intranet ?","Un ensemble de services Internet (par exemple un serveur web) internes à un réseau local ou à un ensemble de réseaux bien définis, accessibles uniquement depuis ces postes et invisibles de l'extérieur ; il applique les standards client-serveur de l'Internet (TCP/IP, navigateurs et serveurs HTTP) au système d'information d'une organisation."
"Un intranet est-il un « Internet local » ou un réseau local ?","Non, ni l'un ni l'autre : un intranet consiste à appliquer les solutions d'Internet au système d'information d'une entreprise, en reprenant la philosophie du web sur les réseaux locaux (apparu dans la seconde moitié des années 1990)."
"Quels sont les principes fondateurs d'un intranet ?","Protocoles standards de réseaux (TCP/IP), protocole standard de description des écrans (HTML, avec pages dynamiques créées à chaque demande), interface universelle d'accès (HTTP via un navigateur pour toutes les fonctions), accès depuis un simple PC, et accès égal pour tous (« un même média pour tous »)."
"Quels apports un intranet représente-t-il pour l'entreprise ?","Il améliore la communication interne et réduit la rétention d'information ; le contenu n'est accessible qu'aux utilisateurs identifiés sur le réseau de l'entité. Dès qu'une ressource est ajoutée au serveur web, elle devient accessible à tous les collaborateurs sans intervention sur le logiciel client. Sa mise en place modifie l'organisation et la culture de l'entreprise (projet stratégique)."
"Quels sont les trois modèles organisationnels d'un intranet ?","Organisation hiérarchique (seuls des documents vérifiés par la direction circulent ; un administrateur-concepteur unique ; sûr mais réducteur), organisation cellulaire (serveurs autonomes multiples alimentés par contribution volontaire ; un « internet en réduction » sans administrateur unique), direction coopérative (plusieurs serveurs qui coopèrent)."
"Sur quelle architecture repose généralement un intranet ?","Une architecture à trois niveaux : des clients (navigateur interprétant HTML, JavaScript, images, CSS), un ou plusieurs serveurs d'application (middleware : serveur web interprétant des scripts PHP/ASP/CGI/Perl/Python ou du code semi-compilé Java/C#, traduits en requêtes SQL), et un serveur de bases de données. Les clients gèrent l'interface, les serveurs manipulent les données."
"Comment s'appelle l'intranet ministériel du MINEFI et que contient-il ?","« Alizé » : il donne accès au portail du ministère, à la presse en ligne, au Journal Officiel, à l'annuaire des agents, et à des sites intranets métiers ou directionnels (Chorus pour la dépense et la comptabilité de l'État, Ulysse à la DGFIP, Geci à la DGCCRF)."
"Qu'est-ce qu'un extranet ?","Un environnement de communication autorisant des échanges entre collaborateurs distants d'une même entreprise, ou entre une entreprise, ses clients et ses fournisseurs. Il correspond à l'ouverture sécurisée d'une partie de l'intranet vers des personnes autorisées et référencées qui ne font pas partie du personnel (catalogues, tarifs, état des stocks, commandes, livraisons)."
"De quel besoin l'extranet est-il né ?","Du besoin d'accéder à un réseau fermé de type intranet à partir d'un réseau ouvert de type Internet, afin d'atteindre un espace professionnel virtuel."
"Quelle est la différence entre le commerce électronique et les places de marché électronique ?","Le commerce électronique s'intéresse à la relation avec le consommateur (BtoC, Business to Consumer). Les places de marché électronique couvrent la relation entre professionnels (BtoB, Business to Business), reproduisant sur le net le principe des marchés, avec des enchères (inversées ou non)."
"Comment l'accès à un extranet est-il sécurisé ?","Par une authentification de type nom de connexion / mot de passe permettant un contrôle d'accès aux ressources ; en cas de recherche d'intégrité et de confidentialité, la communication peut être sécurisée par un tunnel VPN et un chiffrement symétrique ou asymétrique."
"À quoi sert le DNS et qui le gère ?","Le DNS est un annuaire assurant la translation entre l'adresse IP (identifiant unique d'une machine) et le nom logique utilisé dans une URL. Mis en place en 1984, il est géré par le Network Information Center (NIC), et en France par l'AFNIC (Association Française pour le Nommage Internet en Coopération)."
"Que permettait le fichier hosts avant le DNS et quel était son défaut ?","De 1970 à 1984, le fichier texte hosts (/etc/hosts sous Unix) contenait l'annuaire complet des machines voisines ; il posait des problèmes de cohérence des noms lors de sa diffusion. Il reste utilisé aujourd'hui pour les adresses locales (adresse loopback)."
"Quelles informations le DNS permet-il d'obtenir ?","L'adresse IP en fonction du nom logique (requête directe), le nom en fonction de l'adresse IP (résolution inverse), et l'adresse de relais de messagerie (champ MX). Le DNS est hiérarchique, redondant, distribué, chaque site étant maître de ses données, et dynamique (mise à jour automatique)."
"Qu'est-ce qu'un VPN (Réseau Privé Virtuel) ?","Un dispositif permettant de relier deux réseaux distants à travers Internet et de les faire communiquer comme s'ils étaient connectés directement. Il implémente par défaut des mécanismes de segmentation pour séparer les flux du réseau traversé (souvent public), souvent associés à un chiffrement pour la confidentialité."
"Quels sont les objectifs d'un VPN ?","Fournir un service d'interconnexion à grande distance de qualité similaire à un réseau local, avec pour objectifs la fiabilité, la disponibilité, la performance et la sécurité au sens large ; c'est un réseau privé virtuel s'appuyant sur des liaisons virtuelles portées par une infrastructure de communication."
"À quels niveaux un tunnel VPN peut-il être créé ?","Au niveau réseau (un logiciel placé au-dessus du support réseau chiffre les paquets), au niveau transport (les programmes fonctionnant de concert chiffrent la communication en interceptant et traitant les échanges à la volée), ou au niveau application (l'application elle-même protège ses communications)."
"Qu'est-ce qu'un proxy ?","Un service mandataire pour une application donnée : il sert d'intermédiaire dans une connexion entre le client et le serveur pour relayer la requête. Le client (navigateur) s'adresse au proxy, qui s'adresse ensuite au serveur ; le serveur répond au proxy, qui renvoie la réponse au client."
"Quels sont les objectifs d'un serveur proxy ?","Mettre en place une rupture de flux (le serveur ne joint jamais le client directement) ; mettre les données en cache (économie de bande passante, réponses rapides aux requêtes fréquentes) ; contrôler les sites distants accédés via des ACL ; éviter le routage sur Internet pour les postes desservis ; rendre les clients invisibles pour Internet (une seule adresse IP, celle du proxy), ce qui est un élément de sécurité."
"Quels protocoles un serveur proxy peut-il relayer ?","Des requêtes de divers protocoles, les plus utilisées étant HTTP, HTTPS, FTP et SSL."
"Quelle est la différence entre un firewall « stateless » et un firewall « stateful » ?","Le firewall sans état (stateless) contrôle chaque paquet indépendamment des autres, sur la base de règles prédéfinies (ACL), et intervient sur les couches réseau et transport. Le firewall à état (stateful) prend en compte la validité des paquets par rapport aux paquets précédemment reçus, en gardant en mémoire les attributs de chaque connexion du début à la fin (« stateful inspection »)."
"Qu'est-ce qu'un firewall applicatif (pare-feu proxy / passerelle applicative) ?","Un pare-feu qui fonctionne sur la couche 7 du modèle OSI : il connaît l'ensemble des protocoles utilisés par chaque application, chaque protocole disposant d'un module spécifique (par exemple le protocole HTTP est filtré par un processus proxy HTTP)."
"À quoi servent les firewalls authentifiants et les firewalls personnels ?","Les firewalls authentifiants permettent des règles de filtrage suivant les utilisateurs (via une association utilisateur / adresse IP) et de suivre l'activité réseau par utilisateur. Les firewalls personnels, installés sur les postes de travail, contrent virus et spywares et contrôlent les accès des applications au réseau, en empêchant l'ouverture de ports par des applications non autorisées."
"Dans une architecture d'entreprise avec commerce électronique, à quoi sert la DMZ ?","La zone démilitarisée (DMZ) isole les serveurs exposés à Internet (commerce électronique, messagerie ouverte) du réseau local sécurisé, avec une double protection matérielle et/ou logicielle réalisée sous forme de coupe-feux ; le routeur d'entrée peut de plus être filtrant (niveau 3)."
"Comment une entreprise sécurise-t-elle les échanges entre son siège et sa force de vente nomade ?","En utilisant Internet pour créer une communication sécurisée entre le site central et le point de connexion mobile, avec un tunnel VPN pour l'intégrité et un mécanisme de chiffrement pour la confidentialité ; les employés peuvent par ailleurs accéder en mode non protégé aux sites Internet."
"Pourquoi la normalisation est-elle primordiale dans les technologies de la communication ?","Parce que l'objectif est de rendre possible la communication entre tous les groupes d'utilisateurs qui le souhaitent : il faut se mettre d'accord sur les protocoles (règles communes) que tous les participants à un échange doivent respecter, à l'inverse des architectures de communication constructeurs (propriétaires)."
"Quelle est la différence entre une norme « de jure » et une norme « de facto » ?","Une norme de jure (formelle) est établie par un organisme légalement constitué et mandaté pour développer des normes (au niveau international, l'ISO, qui regroupe environ 100 organismes nationaux, un par pays : AFNOR en France, ANSI aux USA, BSI au Royaume-Uni, DIN en Allemagne). Une norme de facto (« de fait ») est élaborée par une autre entité (consortium de fabricants ou de vendeurs, grande entreprise, groupe d'utilisateurs...) et n'a pas de valeur internationale."
"À quel niveau du modèle OSI un routeur agit-il et comment achemine-t-il un datagramme ?","Au niveau 3 (réseau) : pour déterminer par quelle interface transmettre un datagramme reçu, il consulte sa table de routage en utilisant l'adresse de destination contenue dans l'en-tête du datagramme. Son avantage principal est la gestion des chemins multiples."
"Quelle est la différence entre routage direct et routage indirect ?","En routage direct, le routeur délivre le datagramme sur le réseau physique auquel il est connecté (le destinataire est sur ce réseau). En routage indirect, il achemine le datagramme vers un autre routeur, qu'il doit identifier."
"Quels sont les trois types de routes ?","Route statique (définie manuellement par l'administrateur comme seul chemin possible vers une destination), route par défaut (définie manuellement comme chemin à emprunter quand aucune autre route n'est connue), route dynamique (le routeur met à jour sa table à partir des informations reçues des autres routeurs)."
"Sur quoi le routage IP est-il uniquement basé ?","Sur l'adresse du destinataire. Chaque équipement sait atteindre un équipement du même réseau, et un équipement d'un autre réseau s'il existe au moins un équipement de routage."
"Que contient chaque entrée d'une table de routage IP ?","Une paire (adresse réseau, adresse routeur suivant) : le champ « adresse réseau » indique l'adresse IP du réseau de destination, le champ « adresse routeur suivant » indique l'adresse du routeur vers lequel envoyer les datagrammes destinés à ce réseau."
"Comment fonctionne l'algorithme de routage IP ?","Il compare la partie « adresse réseau » de l'adresse IP de destination au champ « adresse réseau » de chaque entrée de la table de routage jusqu'à obtenir une correspondance ; comme l'adresse du routeur suivant doit désigner une machine directement accessible, un seul balayage de la table est nécessaire."
"Qu'est-ce qu'un Système Autonome (SA) ?","Un ensemble de réseaux et de leurs routeurs sous le contrôle d'une même autorité administrative, qui décide notamment du protocole de routage utilisé ; un SA peut être sous le contrôle d'un FAI ou d'une grande organisation. Il n'y a pas de gestion centralisée d'Internet, mais des SA administrés en son sein."
"Qui attribue les adresses IP et les numéros de SA en Europe ?","Le RIPE-NCC (Réseaux IP Européens Network Coordination Centre), Regional Internet Registry (RIR) pour la zone Europe ; l'IANA alloue au niveau mondial des plages de numéros de SA aux différents RIR, qui les attribuent aux demandeurs. Chaque SA reçoit un identifiant unique, l'ASN (Autonomous System Number), aujourd'hui sur 32 bits (anciennement 16)."
"Quelle est la différence entre un protocole de routage interne (IGP) et externe (EGP) ?","Un IGP (Interior Gateway Protocol) est utilisé à l'intérieur d'un même Système Autonome pour atteindre des destinataires internes au SA (RIP, OSPF). Un EGP (Exterior Gateway Protocol) est utilisé d'un SA à un autre. BGPv4 est quasiment le seul protocole de routage externe utilisé, il supporte de gros volumes et utilise l'agrégation des routes."
"Sur quel principe repose l'algorithme Vector-Distance (RIP) ?","Déterminer le chemin le plus court en nombre de nœuds traversés (16 maximum). Chaque routeur diffuse à tous ses voisins la liste des réseaux qu'il sait atteindre, le nombre de sauts et l'adresse IP du routeur à utiliser ; chaque routeur met alors à jour sa table de routage."
"Quels sont les inconvénients de RIP (Vector-Distance) ?","Le temps de convergence peut être long dans un réseau de grande dimension (le calcul des routes est réparti entre tous les routeurs), la notion de distance ne rend pas compte de tout, et le volume des informations échangées est directement proportionnel au nombre de réseaux. RIP a été développé à l'université de Berkeley et diffusé comme produit du domaine public."
"Sur quelle technique l'algorithme Link-State repose-t-il et comment fonctionne-t-il ?","Sur la technique Shortest Path First (SPF). Chaque routeur surveille activement l'état de toutes ses liaisons, diffuse cet état à tous les autres routeurs, construit une carte topologique complète du réseau et calcule les routes de plus court chemin avec l'algorithme de Dijkstra."
"Quels sont les avantages de l'algorithme Link-State (OSPF) ?","Chaque routeur calcule la carte du réseau de façon locale et indépendante à partir des mêmes informations d'état (sans dépendre du calcul des machines intermédiaires), et le volume des informations échangées ne dépend pas du nombre de réseaux (les messages d'état ne portent que sur des liens directement accessibles). Son inconvénient est la complexité du calcul."
"Les protocoles comme RIP et OSPF réalisent-ils le routage des datagrammes ?","Non : ils ne font que mettre à jour les tables de routage. Le routage des datagrammes lui-même est réalisé par IP."
"Pourquoi utilise-t-on le mécanisme NAT ?","Pour connecter à Internet des machines qui n'ont pas d'adresses IP globales uniques, pour éviter de renuméroter le réseau, pour effectuer une distribution de charge sommaire, et pour améliorer la sécurité. Le NAT a été mis en œuvre historiquement sur les gardes-barrières."
"Que sont l'ALI et l'AGI dans le NAT ?","Le routeur maintient une table d'équivalence entre l'adresse privée d'une machine, son adresse IP locale interne (ALI), et cette adresse telle qu'elle apparaît à l'extérieur, son adresse IP globale interne (AGI)."
"Quelle est la différence entre traduction NAT statique et dynamique ?","En traduction statique, une AGI unique est associée en permanence à une ALI (utile pour les machines hébergeant des services accessibles de l'extérieur avec une adresse fixe). En traduction dynamique, l'ALI d'une machine qui se connecte est associée à une AGI prise dans un pool (parcouru dans l'ordre croissant) ; l'entrée (ALI, AGI) est associée à un timeout et détruite si la machine ne fait plus d'accès externe au-delà."
"Qu'est-ce que le PAT (Port Address Translation) ?","La traduction dynamique étendue : on traduit non seulement l'ALI mais aussi le port source. La table reflète alors des quadruplets (@IP locale interne, port 1, @IP globale interne, port 2), le port avant traduction n'étant pas forcément celui utilisé après. En excluant les ports réservés, un routeur peut associer environ 4000 ALI à une même AGI."
"Qu'est-ce que le fonctionnement en overlapping du NAT ?","Le cas où un site utilise pour son adressage interne une adresse déjà attribuée à un autre site sur Internet : une table de traduction supplémentaire liant les adresses locales externes (ALE) aux adresses globales externes (AGE) est nécessaire, car une machine du site NAT n'interpréterait pas comme externe une adresse identique à celles de son propre réseau."
"Le NAT est-il une solution durable ?","Non : c'est un outil de traduction d'adresses adapté aux petits réseaux aux besoins limités, à envisager uniquement comme une solution à court terme, en attendant IPv6 et ses adresses de 128 bits."
"Par quels moyens peut-on configurer un routeur ?","Par le port console (liaison RS232), par des terminaux virtuels une fois le routeur sur le réseau, en téléchargeant la configuration depuis un serveur TFTP, via une station de supervision exécutant un logiciel d'administration réseau, ou avec un logiciel de configuration livré avec le routeur (ex. ConfigMaker, Faststep chez Cisco)."
"Pourquoi le protocole TFTP est-il considéré comme non sûr ?","TFTP (Trivial File Transfer Protocol) est un protocole de transfert bâti sur UDP qui n'a aucune notion d'utilisateur ni de mot de passe ; il est donc par définition non sûr. Commandes : copy running-config tftp (sauvegarde de la configuration sur le PC), copy tftp running-config (transfert d'une configuration vers le routeur)."
"Que vise la sécurité des routeurs ?","À prévenir les attaques rendues possibles par le protocole IP : empêcher un adversaire d'espionner les données circulant sur le réseau ou de se faire passer pour autrui afin d'accéder à des ressources ou données protégées."
"Quels sont les principaux services de sécurité offerts sur les routeurs ?","La confidentialité des données (avec protection partielle contre l'analyse du trafic si l'on chiffre les en-têtes IP pour masquer les adresses réelles), l'authenticité des données (authentification de l'origine + intégrité) permettant un contrôle d'accès continu, et la protection contre le rejeu."
"En quoi consiste la protection contre le rejeu ?","À détecter une tentative d'attaque consistant à renvoyer sur le réseau un paquet valide qui avait été intercepté précédemment."
"Qu'est-ce qu'IPsec ?","Une norme développée depuis 1992 par un groupe de travail du même nom à l'IETF, définissant une extension de sécurité pour IP. Elle fournit confidentialité, authentification, intégrité des données, protection contre le rejeu et contrôle d'accès ; la sécurisation se faisant au niveau d'IP, elle peut être mise en œuvre sur tous les équipements du réseau."
"Quels sont des usages typiques d'IPsec ?","La création de réseaux privés virtuels (VPN), la sécurisation des accès distants à un intranet, et la protection d'un serveur sensible."
"Quelle est la différence entre les extensions AH et ESP d'IPsec ?","AH (Authentication Header) assure l'authenticité des datagrammes IP sans chiffrement des données (pas de confidentialité), en ajoutant un champ de vérification et un numéro de séquence contre le rejeu. ESP (Encapsulating Security Payload) assure d'abord la confidentialité (nouveau datagramme dont les données, et éventuellement l'en-tête original, sont chiffrées) et peut aussi assurer l'authenticité et la protection contre le rejeu. Elles s'utilisent séparément ou combinées."
"Comment les algorithmes cryptographiques sont-ils choisis avec IPsec ?","AH et ESP ne sont pas restreints à un algorithme particulier : chaque produit IPsec est livré avec un ensemble d'algorithmes parmi lesquels l'administrateur choisit ; le protocole IKE permet de négocier en ligne les algorithmes utilisés, et la norme rend certains algorithmes obligatoires pour garantir l'interopérabilité."
"Quelle est la différence entre le mode transport et le mode tunnel d'IPsec ?","Le mode transport protège uniquement le contenu du datagramme IP sans toucher à l'en-tête et n'est utilisable que sur les équipements terminaux (postes clients, serveurs). Le mode tunnel encapsule chaque datagramme IP dans un nouveau datagramme : la protection porte alors sur tous les champs, y compris les en-têtes (adresses source et destination)."
"À quel besoin MPLS répond-il et qui l'a normalisé ?","Au besoin, exprimé par les opérateurs au milieu des années 1990, de simplifier et d'améliorer (réduction des congestions) le modèle IP over ATM dans les grands réseaux. MPLS (MultiProtocol Label Switching) est normalisé par l'IETF."
"Où et sur combien de bits les labels MPLS sont-ils insérés ?","Les labels MPLS sont des labels de 32 bits insérés entre les en-têtes de couche 2 et de couche 3."
"Que combine MPLS ?","Les mécanismes de la commutation de niveau 2 (ATM), qui offre une plus grande rapidité de passage des nœuds, et les fonctionnalités du routage de niveau 3 (IP), qui offre une grande souplesse dans le choix d'un chemin."
"Que permet MPLS aux opérateurs ?","Supporter les VPN (Virtual Private Network), supporter la QoS (Quality of Service) et gérer efficacement la bande passante ; l'ajout de nouveaux services est transparent pour les mécanismes de commutation de label, donc déployable sans modifier le cœur du réseau."
"Où MPLS s'intercale-t-il et de quoi est-il indépendant ?","Il s'intercale entre un protocole de niveau 3 (IP) et un réseau commuté (Ethernet, ATM, SDH...). Il est indépendant du niveau supérieur (les labels ne contiennent aucune information sur le protocole de niveau 3 ; en théorie tout protocole, en pratique seul IP est pris en charge) et indépendant de la technologie de niveau 2."
"Comment un datagramme traverse-t-il un réseau MPLS ?","Le routeur d'entrée détermine le routeur de sortie et le chemin à suivre en utilisant le routage de niveau 3 (chemin le plus court ou tenant compte de la réservation de ressources) ; une connexion est établie entre routeurs d'entrée et de sortie, puis les données sont transmises en utilisant uniquement la commutation de références."
"Où la référence MPLS est-elle placée selon le réseau commuté sous-jacent ?","Si le réseau commuté gère les références (par exemple ATM, dans la partie VPI/VCI de son en-tête), la référence MPLS y est insérée. Sinon, MPLS insère son propre en-tête entre l'en-tête IP et l'en-tête du réseau commuté (par exemple Ethernet). Dans tous les cas, les nœuds MPLS ne remontent pas jusqu'à la couche 3 pour commuter."
"Qu'est-ce qu'un LER (Label Edge Router) ?","Le routeur de bordure au point d'entrée du réseau MPLS : il consulte sa table et associe une référence et une interface de sortie au datagramme, en fonction de la destination et de la qualité de service demandée, puis découpe le message au format du réseau commuté sous-jacent, ajoute la référence et envoie la cellule."
"Qu'est-ce qu'un LSR (Label Switched Router) et quelle table utilise-t-il ?","Un nœud interne du réseau MPLS : il consulte sa table de commutation appelée LIB (Label Information Base), détermine la nouvelle référence et l'interface de sortie, remplace l'ancienne référence par la nouvelle dans l'en-tête, et expédie la cellule sur l'interface de sortie."
"Qu'est-ce qu'un LSP (Label Switching Path) ?","Un chemin dans le réseau MPLS, déterminé par un enchaînement de LSR et une succession de références."
"Les références MPLS sont-elles communes à tous les LSR du réseau ?","Non : une référence n'a de signification que pour un LSR et les équipements auxquels il est directement connecté. On peut retrouver le même numéro de référence sur deux LSR distincts, ou sur deux interfaces d'un même LSR (chaque interface a sa propre liste de références d'entrée et de sortie)."
"Un chemin MPLS tient-il compte de l'expéditeur du datagramme, et est-il bidirectionnel ?","Non : le chemin s'établit vers une destination sans tenir compte de l'expéditeur ; plusieurs émetteurs vers la même destination entrant par le même LER utilisent le même chemin, sans possibilité de les séparer. Le chemin est unidirectionnel : le trafic de retour peut emprunter un chemin différent (raisons d'administration ou de disponibilité des ressources)."
"Comment l'agrégation des chemins fonctionne-t-elle dans un réseau MPLS ?","Un LSR peut regrouper sous une même référence des données expédiées par plusieurs LSR vers le même point de sortie. Plus on se rapproche du LER de sortie, moins il y a de chemins possibles et de références utilisées : l'ensemble forme un arbre dont les branches partent des LER d'entrée et dont la base est le LER de sortie. Cela diminue le nombre de références et la taille des tables de commutation."
"Qu'est-ce qu'une FEC (Forwarding Equivalency Class) ?","Une classe d'équivalence regroupant les flux qui ont les mêmes propriétés (même destinataire, même classe de service...), déterminée à partir de l'adresse IP du destinataire et de facteurs comme la bande passante et la QoS ; c'est la FEC qui est associée à un chemin. La granularité de la demande détermine le nombre de FEC dans le réseau."
"Le chemin MPLS est-il recalculé pendant la traversée du réseau ?","Non : le chemin est fixé au moment d'entrer sur le réseau MPLS et n'est pas recalculé pendant la traversée, ce qui procure un gain de temps important au passage de chaque nœud."
"Quelles sont les deux méthodes d'établissement des chemins MPLS ?","La première se base sur le routage IP : un message de signalisation est routé indépendamment par chaque LSR à l'aide de sa table de routage (OSPF ou BGP modifiés pour les références MPLS). La seconde envoie un message de signalisation vers le LER de sortie tenant compte de la QoS ; un message de réponse revient par le même chemin en fixant les références (attribution « par l'aval »), en utilisant RSVP modifié ou CR-LDP pour réserver des ressources."
"Comment MPLS facilite-t-il la mise en place d'un VPN de niveau 3 ?","Dans un VPN de niveau 3 (basé sur la couche IP), les adresses IP des équipements sont remplacées par des adresses IP du VPN, que le réseau MPLS considère comme des adresses IP standard et utilise pour l'établissement des chemins : la mise en place du VPN en est facilitée."
"Qu'est-ce que GMPLS (Generalized MPLS) ?","Une généralisation de MPLS où la notion de références est étendue à tout ce qui peut servir de référence : numéro d'une longueur d'onde sur une fibre optique, tranche de temps dans un multiplexage temporel, numéro de fibre optique à utiliser... Peu utilisé hors fibres optiques, avec des problèmes d'ouverture de connexion en l'absence de mémoire tampon dans les nœuds optiques."
"Que signifie ATM et par qui a-t-il été créé ?","Asynchronous Transfer Mode (méthode de transmission asynchrone), créé au début des années 1980 en France par le CNET (Centre National d'Études et de Télécommunications), à destination des réseaux étendus ; norme adoptée en 1989 par l'UIT-T pour les réseaux longue distance, supportant des débits de 155 à 622 Mbit/s."
"Quel mode de transmission ATM utilise-t-il ?","La commutation de cellules (une commutation par paquets un peu particulière), en mode connecté (contrairement à Ethernet) : la station émettrice gère la connexion sur un circuit virtuel point à point, les commutateurs ATM utilisent une commutation rapide matérielle basée sur le circuit virtuel, et les cellules sont dirigées vers le seul destinataire."
"Quelle est la taille d'une cellule ATM ?","53 octets fixes : 5 octets d'en-tête et 48 octets d'information."
"Comment s'appelle le modèle de protocole d'ATM et quels sont ses plans ?","Le PRM (Protocol Reference Model), modèle en trois dimensions. Vue de dessus : plan USAGER (fonctions du réseau de transfert), plan COMMANDE (établissement des connexions par la signalisation), plan de GESTION (en couches : gestion individuelle ; non découpé : gestion d'ensemble et coordination entre couches)."
"Que fait la couche ATM dans le PRM ?","C'est la couche commune pour le transport des cellules : elle assure le multiplexage / démultiplexage des cellules et la commutation à partir de la traduction de leur en-tête (5 octets), sans vérifier l'intégrité du champ d'information ; elle aiguille en mode connecté, sans modification de séquence, les cellules de 53 octets vers les commutateurs (switchs), conformément à la QdS négociée avant l'établissement."
"Sur quoi le routage s'appuie-t-il dans la couche ATM ?","Soit sur le conduit VP (Virtual Path) seul (réseau régi uniquement par le plan de gestion, sans signalisation), soit sur le couple (VP, VC / Virtual Channel), dont les identifiants sont codés dans l'en-tête de la cellule."
"Quelles sont les deux sous-couches de la couche AAL d'ATM ?","La sous-couche de convergence (CS), spécifique de l'application, qui restaure la qualité temporelle requise et corrige la gigue ; et la sous-couche de segmentation et réassemblage (SAR), qui découpe les messages (avec bourrage éventuel, la cellule étant de taille fixe) pour constituer un train de cellules, et reconstitue les messages en sens inverse."
"À quoi servent les quatre types d'AAL ATM ?","AAL 1 et 2 pour les applications temps réel (son, vidéo) : débit fixe pour AAL 1, variable pour AAL 2. AAL 3/4 et 5 sans exigence temps réel : AAL 3/4 pour les services orientés connexion (numérotage des cellules modulo 16, délimiteurs de messages), AAL 5 pour les services sans connexion reposant sur IP. En pratique, seules AAL 3/4 et AAL 5 sont réellement utilisées."
"À quoi servent les cellules OAM (Operation And Maintenance) en ATM ?","À renseigner sur la qualité de service de la couche ATM ; les fonctions OAM sont assurées indépendamment dans chaque couche, mais leur activation dans la couche ATM se fait à la demande pour un nombre restreint de connexions, avec différents types de bouclage (de bout en bout, de type segment)."
"Que représentent les paramètres CLR, CMR, CER et SECBR en ATM ?","CLR : taux de perte de cellules résultant d'erreurs non corrigées dans l'en-tête ou de débordement de files d'attente. CMR : taux d'insertion de cellules étrangères provenant d'erreurs non détectées dans l'en-tête. CER : taux de cellules erronées. SECBR : taux de blocs de cellules gravement erronées, encadrées par deux cellules OAM."
"Quelles sont les quatre classes de service AAL d'ATM ?","CBR (Constant Bit Rate) : débit garanti égal au PCR, variance du temps de transit nulle, émulation du mode circuit. VBR (Variable Bit Rate) : débit garanti au SCR (Sustained Cell Rate), images codées MPEG. ABR (Available Bit Rate) : débit garanti au MCR (Minimum Cell Rate), débit dicté par le réseau via des cellules RM. UBR (Unspecified Bit Rate) : aucune garantie, best effort (ftp, smtp)."
"Comment ATM gère-t-il le multiplexage et la gigue ?","Le multiplexage ATM découple, grâce à des files d'attente, le rythme des sources et le débit autorisé par le support ; des cellules régulièrement espacées perdent cet espacement selon le taux d'occupation de la file : c'est la gigue, corrigée dans les étages d'entrée des commutateurs par adaptation à leur horloge interne. Il faut donc connaître a priori (approche prédictive) le débit des affluents."
"Qu'est-ce que l'algorithme GCRA et quel couple l'usager déclare-t-il en ATM ?","L'usager déclare un couple [(T, intervalle inter-arrivées des cellules) ; (t, tolérance de gigue sur le débit)]. L'algorithme GCRA, normalisé par l'ITU-T sous la référence I.371, permet d'écarter les cellules non conformes à l'entrée. T est une caractéristique de bout en bout fournie sans modification à tous les opérateurs, tandis que la tolérance de gigue est un paramètre local."
"Que sont les interfaces UNI et ICI en ATM, et quel est le rôle des modules UPC/NPC ?","L'interface UNI (User Network Interface) relie l'utilisateur au réseau opérateur ; l'interface ICI se trouve entre deux réseaux opérateur. La politique de trafic (régulation permanente, cellule après cellule) est exercée par les modules d'entrée UPC ou NPC situés devant les étages de multiplexage du PoP des opérateurs."
"Comment l'intervalle inter-arrivées T se déduit-il du débit-crête PCR en ATM ?","Par la formule T = 424 / PCR (PCR = Peak Cell Rate, débit-crête). Les valeurs discrètes du débit-crête sont normalisées (16384 valeurs, de 424 bit/s à 1,8 Gbit/s), de même que la tolérance de gigue (1024 valeurs, de 0,1 µs à 504 s)."
"À quoi sert le bit CLP (Cell Loss Priority) de l'en-tête ATM ?","À indiquer la priorité de la cellule en cas de congestion : si l'usager positionne le bit CLP à 0, il force l'entrée de sa cellule dans une file d'attente saturée en opérant une destruction sélective d'une autre cellule ayant son bit CLP à 1."
"Qu'est-ce que le CLR dans le contrat de trafic ATM ?","Le taux de perte de cellules « conformes » maximal, dont la valeur par défaut est 10^-10 ; il est garanti par le réseau en cas de congestion, y compris pour les cellules marquées avec un bit CLP à 1. Les délais de traversée (CTD) et leur dispersion (CDV) font aussi partie du contrat de trafic."
"Comment fonctionne le contrôle de flux préventif de la classe ABR en ATM ?","Il utilise la signalisation dans la bande : une cellule spéciale RM (Resource Management) émise par le DTE effectue un rebouclage de bout en bout et spécifie le débit souhaité pour les k prochaines cellules ; le réseau retourne au DTE une valeur ER (Explicit Rate), éventuellement révisée à la baisse par un commutateur chargé, avec la contrainte MCR < ER < PCR."
"Quelle est la position de la couche Transport dans l'empilement protocolaire ?","C'est la couche intermédiaire entre les couches utilisatrices des services de transport (les couches supérieures) et les couches qui fournissent les services de transport (les couches inférieures)."
"De quoi est constitué un datagramme TCP/IP qui transite sur le réseau ?","Des données provenant de l'application, d'un en-tête TCP, d'un en-tête IP et des informations des couches physiques ; chaque couche encapsule les données et y ajoute les informations nécessaires à la couche correspondante de la machine réceptrice."
"Que représente le champ Ethertype et quelle valeur prend-il pour TCP/IP ?","Il informe du type de protocole qui va suivre dans la trame ; pour TCP/IP, il prend la valeur décimale 80 (0800 en hexadécimal). La correspondance entre valeur et protocole est décrite dans le document « Assigned Internet Protocol Numbers »."
"Quelles sont les caractéristiques du transport assuré par TCP ?","Un transport de données sûr, orienté connexion (mode connecté), ordonné et bidirectionnel entre deux hôtes ; il pallie les carences d'IP, qui n'offre qu'un service best-effort à la couche Transport."
"Qu'est-ce qu'un segment TCP ?","L'unité de données véhiculée par TCP : le protocole coupe le flot de données transmis par la couche supérieure en segments."
"Que signifie l'acheminement « de bout en bout » assuré par la couche transport ?","Acheminer des informations de processus à processus, et non seulement d'hôte à hôte comme le fait IP ; TCP et UDP introduisent pour cela un mécanisme de numéro de port codé sur 16 bits."
"De quoi TCP s'affranchit-il vis-à-vis des couches inférieures ?","TCP s'affranchit le plus possible de la fiabilité intrinsèque des couches inférieures : il suppose uniquement qu'elles lui procurent un service de transmission de paquets simples dont la qualité n'est pas garantie."
"Que contient le champ Numéro de séquence de l'en-tête TCP ?","Le numéro du premier octet de données par rapport au début de la transmission (sauf si le bit SYN est marqué) ; il est codé sur 32 bits."
"Que contient le champ Accusé de réception de l'en-tête TCP ?","Si le bit ACK est marqué, ce champ (32 bits) contient le numéro de séquence du prochain octet que le récepteur s'attend à recevoir ; une fois la connexion établie, il est toujours renseigné."
"À quoi sert le champ Data Offset de l'en-tête TCP ?","À indiquer la taille de l'en-tête TCP en nombre de mots de 32 bits, donc là où commencent les données ; l'en-tête TCP a toujours une taille correspondant à un nombre entier de mots de 32 bits (d'où le champ de bourrage)."
"Que signifient les six bits de contrôle de l'en-tête TCP ?","URG (pointeur de données urgentes), ACK (accusé de réception), PSH (fonction Push), RST (réinitialisation de la connexion), SYN (synchronisation des numéros de séquence ; SYN = 1 : demande d'ouverture de connexion), FIN (fin de transmission ; FIN = 1 : demande de fermeture de connexion)."
"Que contient le champ Fenêtre de l'en-tête TCP ?","Le nombre d'octets, à partir de la position marquée dans l'accusé de réception, que le récepteur est capable de recevoir ; c'est le principe du contrôle de flux de TCP."
"Sur quoi le checksum TCP est-il calculé ?","Sur l'en-tête TCP, les données, et un pré-en-tête (pseudo-en-tête) contenant l'adresse IP source, l'adresse IP destinataire, le code de protocole et la longueur du segment ; ce pré-en-tête n'existe pas dans le segment transmis sur le réseau, il ne sert qu'à ce calcul."
"À quoi sert l'option « taille maximale de segment » (MSS) de TCP ?","À communiquer à l'émetteur la taille maximale des segments qu'il peut envoyer ; elle doit être envoyée dans la requête de connexion initiale (avec SYN marqué). Si cette option est absente, le segment peut être de n'importe quelle taille."
"Qu'est-ce qu'un socket dans TCP ?","L'association d'un numéro de port (16 bits, choisi indépendamment par chaque extrémité) et de l'adresse IP de l'hôte concerné ; le socket est ainsi unique dans l'ensemble du réseau. Une connexion de base est définie par un couple de sockets (émetteur, récepteur)."
"Quelles sont les deux classes de ports en TCP ?","Les « well known ports », dont le numéro est inférieur à 1024, qui sont réservés à des processus bien identifiés, et les autres, dont le numéro est supérieur à 1024, qui sont libres et peuvent être attribués dynamiquement de manière souple."
"Sur quoi repose la fiabilité de TCP ?","Sur les numéros de séquence des octets (ce sont les octets qui sont numérotés, pas les segments, pour éviter les doublons et conserver l'ordre), les accusés de réception cumulatifs (l'acquittement d'un numéro confirme la bonne réception de tous les octets précédents), et les retransmissions de segments (temporisateur armé à chaque envoi, retransmission si l'acquittement n'arrive pas avant expiration)."
"Comment le temporisateur de retransmission de TCP est-il calculé ?","En tenant compte du temps de trajet aller et retour entre émetteur et récepteur, appelé Round Trip Time (RTT)."
"Qu'est-ce que la méthode « Go back n » de TCP ?","Un accusé de réception est envoyé après N segments (pour optimiser le flux) ; mais si un segment parmi les N est perdu, tous les segments sont retransmis à partir du segment perdu, même si les autres ont bien été reçus."
"Qu'est-ce que le piggybacking dans TCP ?","Une technique d'optimisation du trafic où un segment de données transporte également l'acquittement de segments précédemment reçus, au lieu d'utiliser un segment dédié à l'acquittement sans données utiles."
"Comment s'établit une connexion TCP (three-way handshake) ?","Par une négociation ternaire en trois messages : le client émet un segment avec le flag SYN et son numéro de séquence ; le serveur renvoie un segment avec les flags SYN et ACK et son propre numéro de séquence ; le client acquitte le SYN du serveur par un segment ACK. Le générateur du premier SYN effectue une ouverture active, l'autre extrémité une ouverture passive."
"Comment se déroule la rupture d'une connexion TCP ?","Par l'émission de 4 segments : une extrémité envoie un segment FIN, l'autre répond par un ACK ; puis (immédiatement ou plus tard) l'autre extrémité envoie un FIN, à laquelle la première répond par un ACK. L'extrémité qui ferme la première effectue la fermeture active, l'autre la fermeture passive. Si le dernier ACK n'est jamais reçu, la connexion est libérée à la fin d'une temporisation."
"Quelle est la différence entre le contrôle de flux et le contrôle de congestion de TCP ?","Le contrôle de flux est l'adaptation de l'émission à la vitesse du récepteur, pour éviter de saturer son tampon de réception. Le contrôle de congestion est l'adaptation à la vitesse du réseau : en cas de saturation, des paquets peuvent être perdus par les équipements intermédiaires, et TCP ajuste alors son débit à la capacité du réseau."
"Que provoque le flag PUSH dans TCP ?","Du côté émetteur, il force l'envoi immédiat de toutes les données non émises (par défaut, TCP est libre de stocker les données pour les émettre à sa convenance). Du côté récepteur, quand le flag PUSH est vu, TCP passe immédiatement toutes les données collectées à l'application destinataire, même si le tampon n'est pas plein."
"À quoi sert le flag URG dans TCP ?","À avertir l'application que, dans le flux de données qu'elle lit, au-delà de la position de lecture courante, des données de caractère urgent sont apparues. TCP ne définit pas ce que l'application doit en faire ; c'est l'implémentation de l'application qui traite ces données selon ses besoins."
"Quelles sont les caractéristiques du protocole UDP ?","C'est un protocole de la couche transport, non fiable et en mode non connecté : il peut assurer la détection d'erreur mais pas la reprise sur erreur, n'utilise pas d'accusés de réception, ne reséquence pas les segments et n'assure pas de contrôle de flux. Les datagrammes UDP peuvent être perdus, dupliqués ou déséquencés."
"Quels sont les atouts et les usages typiques d'UDP ?","Sa simplicité (pas de contexte de connexion, très peu de contrôles) et sa rapidité : il convient aux échanges simples de messages courts (DNS), aux applications multimédia qui tolèrent la perte de données (streaming, voix sur IP) et fonctionne très bien en réseau local, très fiable."
"Quels sont les quatre champs de l'en-tête UDP ?","Le port source (optionnel ; 0 s'il n'est pas utilisé), le port destinataire (démultiplexage à l'arrivée ; si le port n'est pas utilisé, le segment est détruit et un message ICMP « port inaccessible » est envoyé), la longueur (nombre d'octets du datagramme entier, en-tête compris ; minimum 8 octets), et le checksum (même principe que TCP mais facultatif). Chaque champ fait 2 octets (16 bits)."
"Quelle est la taille maximale d'un segment UDP ?","Le champ Longueur étant codé sur 16 bits, la taille maximale d'un segment UDP est de 2^16 = 64 ko, y compris l'en-tête ; la longueur minimale est de 8 octets (4 champs de 2 octets) quand le datagramme ne transporte aucune donnée."
"Pour quelles communications le protocole UDP est-il principalement utilisé ?","Pour les communications avec les serveurs de noms de domaine (DNS) et pour les transactions utilisant le protocole Trivial File Transfer (TFTP)."
"Qu'est-ce que le protocole SNMP et sur quel protocole de transport s'appuie-t-il ?","SNMP (Simple Network Management Protocol) est un protocole simple d'administration et de gestion d'équipements (distants ou non, à condition qu'ils soient adressables), de type question/réponse asynchrone, encapsulé dans des trames UDP."
"Comment SNMP fait-il communiquer les agents et les stations de gestion ?","Les stations de gestion (managers) interrogent les agents pour observer leur fonctionnement et leur envoient des commandes ; les agents renvoient les informations requises. L'envoi spontané de l'agent vers le manager est limité, aussi les stations interrogent périodiquement les agents pour vérifier leur état."
"Quels sont les trois types de requêtes SNMP ?","GET : la station de gestion interroge un agent (GET request) et celui-ci répond (GET response). SET : la station modifie une variable d'un agent. TRAP : un agent notifie un événement (par exemple une erreur de transmission)."
"Qu'est-ce que la SMI et la MIB dans le modèle SNMP ?","Les informations d'administration sont structurées suivant la SMI (Structure of Management Information) et stockées dans la MIB (Management Information Base). La MIB regroupe l'ensemble des variables relatives aux matériels et logiciels du réseau et définit les objets de gestion en environnement TCP/IP ; la SMI définit comment ces informations sont représentées dans la MIB et comment elles sont obtenues."
"Quelles sont les limites de SNMP en matière de sécurité ?","Les versions 1 et 2 de SNMP ont des capacités de sécurité très limitées, principalement pour l'authentification. SNMPv3 apporte des fonctions d'authentification et de cryptage, mais il est plus difficile à implémenter."
"À quoi sert un relais DHCP et pourquoi est-il parfois nécessaire ?","Le serveur DHCP doit être sur le même lien que ses clients, car les requêtes de broadcast (qu'utilise une machine au démarrage pour trouver le serveur) ne sont diffusées que sur un même lien et ne passent pas les routeurs ; un relais DHCP est alors nécessaire pour acheminer ces échanges vers un serveur situé sur un autre lien."
"De quel protocole DHCP a-t-il été conçu comme complément ?","Du protocole BOOTP (Bootstrap Protocol), utilisé par exemple lorsque l'on installe une machine à travers un réseau ; DHCP permet d'attribuer dynamiquement une adresse IP parmi un pool d'adresses disponibles, en optimisant l'utilisation de ce pool."
"Qu'est-ce qu'un bail DHCP ?","Les adresses IP allouées aux clients DHCP le sont avec une date de début et une date de fin de validité : c'est le bail. Quand le bail arrive à terme, le client peut demander sa prolongation ; sinon, l'adresse IP est rendue disponible pour un nouveau client."
"Sur quel protocole de transport et quel port HTTP s'appuie-t-il ?","HTTP (HyperText Transfer Protocol) s'appuie sur le protocole de transport TCP et utilise le port 80 (port 443 pour HTTPS, qui est la variante sécurisée basée sur SSL ou TLS)."
"Comment se déroule une communication HTTP entre le navigateur et le serveur ?","En deux temps : le navigateur (client) effectue une requête HTTP que le serveur traite avant d'envoyer sa réponse HTTP. Le but est de permettre le transfert de fichiers (essentiellement au format HTML) localisés grâce à une URL."
"De quoi se compose une requête HTTP ?","D'une ligne de requête (document demandé / URL, méthode appliquée - le plus souvent GET ou POST -, version du protocole), de champs d'en-tête facultatifs (informations sur la requête et le client : navigateur, système d'exploitation), et d'un corps de requête optionnel séparé par une ligne vide (par exemple pour l'envoi de données par la méthode POST après un formulaire)."
"De quoi se compose une réponse HTTP ?","D'une ligne de statut (version du protocole, code retour indiquant l'état du traitement, texte explicatif), de champs d'en-tête facultatifs (informations sur la réponse et le serveur), et du corps de la réponse contenant le document demandé par le client."
"Que font les méthodes HTTP GET, POST, PUT et DELETE ?","GET récupère la ressource située à l'URL. POST envoie des données au programme situé à l'URL pour demander un traitement d'informations (par exemple un formulaire). PUT envoie des données à l'URL spécifiée sans passer par un serveur FTP. DELETE supprime la ressource située à l'URL sans passer par un serveur FTP."
"Pourquoi certaines méthodes HTTP sont-elles rarement implémentées ?","Pour des raisons de sécurité : les méthodes PUT, DELETE, OPTIONS, TRACE et CONNECT sont rarement implémentées, ou configurées de façon spécifique, afin d'éviter les failles de sécurité. La méthode CONNECT permet notamment de demander au serveur de servir de proxy."
"Comment s'interprètent les classes de codes retour HTTP ?","Le code retour contient 3 chiffres. 20x : connexion réussie. 30x : redirection. 40x : erreur due au client (par exemple 403 requête rejetée, 404 serveur non trouvé). 50x : erreur due au serveur."
"Sur quel protocole de transport FTP s'appuie-t-il et dans quel mode fonctionne-t-il ?","FTP (File Transfer Protocol) s'appuie sur le protocole TCP au niveau transport et fonctionne en mode full-duplex : il permet le transfert de fichiers dans les deux sens (download du serveur vers le client, upload du client vers le serveur, et transfert entre deux serveurs distants via le client)."
"Quels ports FTP utilise-t-il et à quoi servent-ils ?","FTP utilise deux connexions TCP en parallèle : le port 21 pour le contrôle (contrôle de flux, commandes, informations de connexion login et mot de passe) et le port 20 pour les transferts de données. La connexion de contrôle étant indépendante de celle des données, on dit que FTP utilise une signalisation hors bande."
"Quelle est la différence de comportement entre la connexion de contrôle et la connexion de données FTP ?","La connexion de contrôle (port 21 du serveur) est persistante, tandis que la connexion de données (port 20 du serveur) est coupée après chaque transfert de fichier ; une nouvelle connexion de données est créée si un nouveau transfert est lancé."
"Que font les commandes FTP put, get, mput, mget, bin et ascii ?","put envoie un fichier, get récupère un fichier, mput envoie plusieurs fichiers, mget récupère plusieurs fichiers, bin passe en mode binaire et ascii passe en mode ascii ; dir ou ls affiche le contenu du répertoire, close ferme la connexion et bye termine la connexion FTP."
"Qu'est-ce que TFTP et à quoi sert-il ?","TFTP (Trivial FTP) est une version simplifiée de FTP utilisant UDP en couche transport ; il est utilisé en particulier pour mettre à jour les logiciels des équipements réseau."
"Qu'est-ce que le système DNS et sur quel protocole de transport repose-t-il ?","Le DNS (Domain Name System) est un annuaire distribué permettant de traduire les noms de serveurs en adresses IP et réciproquement, reposant sur une hiérarchie de serveurs de noms qui exploitent une base de données distribuée. Le protocole DNS utilise UDP comme transport, et un serveur DNS utilise le port 53."
"Quelle est la différence entre la résolution DNS classique et la résolution inverse ?","La résolution classique renvoie l'adresse IP à partir d'un nom. La résolution inverse renvoie le nom à partir d'une adresse IP, en utilisant un domaine particulier appelé in-addr.arpa dans lequel les adresses IP sont représentées comme un arbre."
"Pourquoi les serveurs DNS ne traitent-ils que des noms de domaine complets ?","Les serveurs DNS ne savent traiter des requêtes que sur des noms de domaine complets (à partir de la racine), pas sur un nom de machine seul. Le client dispose d'une configuration fournissant un nom de domaine par défaut ajouté automatiquement à un nom incomplet, ainsi qu'une liste de serveurs de noms à contacter."
"Quels sont les quatre éléments d'un enregistrement de ressources (RR) DNS ?","Le nom, la valeur, le type et le TTL. Le TTL (time-to-live) est la durée de conservation du RR en mémoire cache. La classe est toujours IN (Internet)."
"Que représentent les types de RR A, CNAME, MX et PTR ?","A (Address) : le nom est celui d'un serveur, la valeur son adresse IPv4 (AAAA pour IPv6). CNAME (Canonical Name) : le nom est un alias, la valeur le nom canonique d'un serveur. MX (Mail eXchanger) : le nom est un alias, la valeur le nom canonique d'un serveur de messagerie. PTR (PoinTeR) : le nom et la valeur sont des noms de domaine, utilisé principalement pour la résolution inverse."
"Que représentent les types de RR NS et SOA ?","NS (Name Server) : le nom est celui d'un domaine constituant une zone, la valeur le nom du serveur de noms à qui la gestion de cette zone a été déléguée (au moins un par zone, souvent plusieurs pour la disponibilité). SOA (Start Of Authority) : le nom est le domaine d'une zone, la valeur contient les paramètres de la zone dont le nom du serveur ayant autorité ; un enregistrement SOA est obligatoire pour définir une zone."
"Qu'est-ce qu'une zone DNS et la délégation de zone ?","Une zone contient un ensemble de noms de domaine appartenant à une branche de l'arbre de nommage. La délégation de zone consiste à donner la responsabilité d'une branche de l'arbre à un serveur, qui peut à son tour déléguer des parties de l'arbre à d'autres serveurs (ces parties devenant à leur tour des zones)."
"Quelle est la différence entre un serveur DNS primaire et un serveur secondaire ?","Un serveur primaire obtient les informations de sa zone dans un fichier de configuration (il n'a besoin d'interroger personne). Un serveur secondaire obtient les informations de sa zone auprès d'un serveur primaire, qu'il doit contacter régulièrement pour rester à jour et avoir lui aussi autorité sur la zone."
"Quelle est la différence entre une requête DNS récursive et une requête itérative ?","Dans une requête récursive, le serveur de noms sollicité effectue lui-même les recherches successives au nom du serveur client et lui renvoie in fine la correspondance. Dans une requête itérative, le serveur sollicité, s'il n'a pas la correspondance, renvoie l'adresse IP du prochain serveur à contacter. Les deux types peuvent être combinés."
"Comment le DNS permet-il une répartition de charge rudimentaire ?","En enregistrant sous un même nom les adresses IP d'une série de serveurs web au contenu identique ; la réponse est alors une liste d'adresses dont l'ordre varie aléatoirement à chaque requête, et le client utilise la première adresse, différente à chaque fois."
"À quoi sert le protocole RTP et comment fonctionne-t-il ?","RTP (Real-Time Transfer Protocol) donne à IP la possibilité de véhiculer des données soumises à des contraintes de temps réel (audio, vidéo). Il ajoute un en-tête spécifique aux segments UDP pour identifier le type de média, ajouter des marqueurs temporels et des numéros de séquence (séquencement et synchronisation), contrôler l'arrivée des paquets et reconstituer un flux continu en cas de perte ; il peut être véhiculé en multicast (1 à n)."
"Quel est le rôle du protocole RTCP ?","RTCP (Real-Time Transfer Control Protocol) est un protocole de contrôle des flux RTP : il véhicule des informations basiques sur les participants d'une session et sur la qualité de service, au moyen de transmissions périodiques de paquets de contrôle par tous les participants."
"Quel problème le protocole RSVP résout-il ?","RSVP (Resources Reservation Protocol) est un protocole de réservation de bande passante. RTP et RTCP règlent les problèmes de bout en bout mais ne traitent ni le trafic sur le réseau ni la congestion dans les routeurs (IP traite tous les paquets en best-effort) ; RSVP alloue dynamiquement de la bande passante et la réserve à certaines applications."
"À quoi servent les protocoles TELNET et RLOGIN, et quels sont leurs ports et limites ?","TELNET (port 23) et RLOGIN (démon rlogind, port 513, plus performant que Telnet) établissent une connexion sur un terminal distant. Tous deux font circuler les informations, l'identifiant et le mot de passe en clair sur le réseau : rlogin n'est plus utilisé pour cette raison, et Telnet est remplacé par SSH pour les connexions sécurisées."
"Qu'est-ce que le protocole SSH et que remplace-t-il ?","SSH (Secure Shell) est un protocole sécurisé qui impose un échange de clés de chiffrement (ou certificat) en début de connexion et chiffre tous les flux échangés ; il utilise le port 22 et a été conçu pour remplacer telnet, rlogin et rsh, le plus souvent pour administrer une machine distante. La version 1 étant insuffisamment sécurisée a été remplacée par la version 2."
"À quoi servent les protogoles BOOTP, SMTP et RPC ?","BOOTP sert aux stations sans disque pour acquérir une adresse IP. SMTP (Simple Mail Transfer Protocol) est le protocole standard d'échange de courrier électronique sur réseau TCP/IP. RPC (Remote Procedure Call), créé par Sun Microsystems, offre un mécanisme d'appel à des procédures distantes se comportant quasiment comme des appels à des procédures locales."
"Quelles sont les principales nouvelles fonctionnalités d'IPv6 ?","Un espace d'adressage beaucoup plus important, un plan d'adressage hiérarchique basé sur les préfixes plutôt que sur les classes (routage plus efficace, tables de routage de taille limitée), des classes de service différenciées pour la QoS, l'authentification et le chiffrement, une auto-configuration des interfaces réseau, et la compatibilité avec les réseaux IPv4."
"Quels termes les RFC d'IPv6 emploient-elles à la place de « datagram » et de « système » ?","Le terme « packet » plutôt que « datagram », et le terme « node » (nœud) pour désigner les systèmes qui implémentent IPv6, qu'il s'agisse de stations ou de routeurs."
"Comment se représente une adresse IPv6 et comment l'abréger ?","On décompose les 128 bits en 8 groupes de 16 bits écrits en hexadécimal et séparés par le caractère deux-points « : ». Une suite de groupes nuls « :0000: » peut être remplacée par « :: », mais une seule fois par adresse."
"Quelle est la différence entre une adresse IPv6 unicast, multicast et anycast ?","Une adresse unicast identifie une unique interface (le paquet est transmis à cette seule interface). Une adresse multicast désigne un groupe d'interfaces (le paquet est transmis à toutes). Une adresse anycast est allouée à des interfaces sur plusieurs nœuds, et le paquet n'est transmis qu'à l'interface la plus proche (distance déterminée par les routeurs)."
"Que sont les adresses IPv6 :: et ::1 ?","::1 est l'adresse de loopback, équivalente à 127.0.0.1 en IPv4. :: est l'adresse non spécifiée, utilisée comme adresse source quand un nœud s'auto-configure."
"Que représentent les préfixes FC00::/7 et FE80::/64 en IPv6 ?","FC00::/7 est le préfixe des adresses de site local (adresses locales uniques, ULA), équivalentes aux adresses non-routables sur Internet d'IPv4. FE80::/64 est le préfixe des adresses de lien local, utilisables sur le même réseau sans routeur intermédiaire."
"À quoi servent les adresses IPv6 compatibles IPv4 et mappées IPv4 ?","L'adresse compatible IPv4 (::<adresse IPv4>) est utilisée quand un trafic IPv6 doit être transporté dans un tunnel à travers un réseau IPv4 existant. L'adresse mappée IPv4 (::FFFF:<adresse IPv4>) est utilisée quand un nœud IPv6 doit communiquer avec un hôte implémentant seulement IPv4."
"Quelles sont les trois parties d'une adresse IPv6 unicast globale et leur taille ?","Le Global Prefix sur 48 bits (« 001 » suivi de 45 bits), structuré hiérarchiquement par les RIR et les ISP ; le Subnet ID (SID) sur 16 bits, qui permet à l'administrateur du site de structurer l'espace alloué ; l'Interface ID sur 64 bits, identifiant unique d'une interface sur un sous-réseau, dérivé de l'adresse MAC."
"Comment la diffusion est-elle réalisée en IPv6 ?","Il n'y a pas d'adresse de diffusion (broadcast) en IPv6 : la diffusion se fait grâce aux adresses multicast. Groupes prédéfinis : FF02::1 (tous les nœuds du lien), FF02::2 (tous les routeurs du lien), FF02::1:FFXX:XXXX (adresse « multicast sollicité », où XX:XXXX représente les 24 derniers bits de l'adresse unicast de l'interface, utilisée par le protocole de découverte des voisins)."
"Quelle est la taille de l'en-tête IPv6 et comment se répartit-elle ?","L'en-tête IPv6 fait 40 octets (contre 20 pour IPv4), mais il est simplifié : 32 octets servent aux adresses source et destination (2 x 128 bits) et seulement 8 octets aux autres informations de contrôle."
"Que contiennent les champs Version et Nombre de sauts de l'en-tête IPv6 ?","Le champ Version (4 bits) vaut 6 (0110 en binaire). Le champ Nombre de sauts (8 bits) correspond au TTL (Time To Live) d'IPv4."
"Qu'est-ce que l'identificateur de flux de l'en-tête IPv6 et est-il beaucoup utilisé ?","Un « flow » est une série de paquets d'une source vers une destination nécessitant un traitement particulier des routeurs traversés (par exemple un service temps réel) ; tous les paquets du même flux ont les mêmes adresses source et destination et la même étiquette de flux, ce qui permet au routeur de choisir la route sans examiner le reste de l'en-tête. En pratique, ce champ est très peu utilisé : les opérateurs utilisent MPLS."
"Que contient le champ « Longueur des données » de l'en-tête IPv6, par rapport à IPv4 ?","Il ne contient que la taille des données utiles, contrairement à IPv4 qui prenait aussi en compte la longueur de l'en-tête."
"Quels champs d'IPv4 ont été supprimés dans l'en-tête IPv6 et pourquoi ?","Les champs « identification », « fragmentation flags » et « fragment offset » sont supprimés (la fragmentation utilise désormais une extension), ainsi que le « header checksum » (IPv6 n'intègre plus de contrôle d'erreur, mais propose un en-tête d'authentification optionnel pour l'intégrité)."
"Comment IPv6 gère-t-il la fragmentation ?","IPv6 ne fragmente pas les paquets en cours de route, mais seulement à la source (Path MTU) : si un routeur reçoit un datagramme trop long, il renvoie un message ICMP à la source en lui indiquant la MTU admise, et la source refragmente."
"Comment les extensions IPv6 sont-elles organisées ?","Elles sont placées juste après l'en-tête et sont « chaînées » : le premier champ de chaque extension contient un champ « en-tête suivant » de 8 bits qui identifie le type de la prochaine extension ; elles suivent un ordre précis. Si le champ « en-tête suivant » ne correspond pas à une extension, c'est la dernière et il contient alors la valeur du protocole des données transportées (TCP ou UDP)."
"Quelles extensions IPv6 les routeurs intermédiaires traitent-ils ?","Excepté l'extension « hop by hop », les extensions ne sont pas traitées par les routeurs intermédiaires. Dans la plupart des cas, un datagramme IPv6 a un en-tête qui n'est pas suivi d'extensions."
"Quelles tâches ICMPv6 assure-t-il en plus de celles d'ICMPv4 ?","ICMPv6 remplace IGMP (Internet Group Management Protocol) pour le transport des informations de gestion des groupes multicast, et il reprend les fonctions d'ARP pour la résolution d'adresse. Son numéro de protocole est 58."
"Comment s'interprètent les champs type et code d'un message ICMPv6 ?","Le champ type décrit la nature du message : les valeurs inférieures à 127 sont réservées aux messages d'erreur, les autres aux messages d'information. Le champ code indique la cause du message. Un message d'erreur contient une partie seulement des données du datagramme fautif (pour éviter les problèmes de fragmentation)."
"Que signifient les types ICMPv6 1, 2 et 3 ?","Type 1 « destination inaccessible » (code 0 : pas de route, code 1 : pare-feu interdit le transit, code 2 : destination inatteignable avec l'adresse source fournie). Type 2 « datagramme trop grand » (découverte de la MTU, contient la MTU acceptée par le routeur). Type 3 « temps dépassé » (code 0 : nombre de sauts atteint, code 1 : perte d'un fragment et temps de réassemblage dépassé)."
"Pourquoi les messages ICMPv6 « datagramme trop grand » ne doivent-ils jamais être filtrés ?","Sans recevoir ce type de message, un émetteur ne peut pas adapter (fragmenter) la taille des datagrammes et risque d'envoyer sur le réseau des datagrammes trop grands sans s'en apercevoir : ils seront détruits, et le problème sera très difficile à diagnostiquer car certains flux passeront et d'autres non."
"Qu'apporte le protocole de découverte de voisins (Neighbour Discovery) ?","La résolution d'adresse et la redirection (déjà présentes en IPv4), ainsi que des fonctionnalités nouvelles : la découverte de préfixe et la détection de voisin inatteignable. Les nœuds ont un cache de voisinage (NDP Cache), équivalent du cache ARP, contenant des correspondances adresse physique / adresse IP avec une durée de vie."
"Comment se fait la résolution d'adresse en IPv6 ?","Par deux messages ICMPv6 : la « sollicitation de voisins » (Neighbor Solicitation, NS), requête contenant l'adresse IPv6 de la cible et envoyée à l'adresse de multicast sollicité associée (et non en broadcast comme ARP en IPv4) ; et l'« annonce de voisin » (Neighbor Advertisement, NA), réponse contenant l'adresse physique recherchée."
"Comment un nœud IPv6 découvre-t-il le préfixe de son lien et le routeur de sortie ?","Les routeurs envoient périodiquement des messages ICMPv6 « annonce de routeur » (router advertisement). Un nœud qui ne veut pas attendre la prochaine annonce envoie une « sollicitation de routeur » (router solicitation) à l'adresse multicast FF02::2 (tous les routeurs du lien), et les routeurs lui répondent par une annonce de routeur."
"Qu'est-ce que la redirection ICMPv6 ?","Quand plusieurs routeurs existent, le routeur par défaut sélectionné n'est pas toujours le plus adapté : le routeur utilisé transmet quand même le paquet, mais envoie aussi à l'expéditeur un message ICMPv6 « redirect » indiquant l'adresse IP d'un routeur plus approprié (et en option son adresse MAC, pour éviter une résolution d'adresse)."
"Quelles sont les trois étapes de l'auto-configuration d'adresse IPv6 ?","La création d'une adresse de lien local (préfixe FE80::/64 + identifiant d'interface), la vérification de son unicité sur le lien, et la détermination de l'adresse unicast globale."
"En quoi consiste la détection d'adresse dupliquée en IPv6 ?","Tant que son unicité n'est pas confirmée, une adresse est dite « provisoire ». Le nœud envoie un message « sollicitation d'un voisin » indiquant l'adresse provisoire : si une « annonce d'un voisin » est reçue, l'adresse est déjà utilisée ; si une « sollicitation d'un voisin » est reçue, une autre machine l'utilise aussi comme adresse provisoire (aucune ne peut la garder) ; si rien n'est reçu au bout d'une seconde, l'adresse est unique et passe de « provisoire » à « valide »."
"Quelle est la différence entre l'auto-configuration IPv6 sans état et avec état ?","La machine émet une « sollicitation du routeur » à ff02::2. En auto-configuration sans état, le routeur répond par une « annonce de routeur » avec l'option « information sur le préfixe » pour indiquer le préfixe réseau. En auto-configuration avec état, l'annonce de routeur porte un flag indiquant à la machine de demander explicitement son adresse à un serveur d'adresses (DHCPv6). Sans routeur sur le lien, la machine tente l'auto-configuration avec état, et à défaut ne communique que sur le lien local."
"Quelles sont les trois techniques de transition IPv4-IPv6 ?","La double pile protocolaire (Dual Stack : les deux versions du protocole IP cohabitent sur les routeurs et les équipements terminaux) ; le tunnel IPv6 sur IPv4 (IPv6-over-IPv4 tunneling : encapsulation de datagrammes IPv6 dans des datagrammes IPv4) ; la translation d'adresse (NAT-PT : traduction à la volée des en-têtes IPv4 en en-têtes IPv6)."
"Comment un nœud à double pile détermine-t-il le protocole à utiliser pour joindre un système ?","Il utilise le DNS : les nœuds IPv4 ont des enregistrements de type A (adresses IPv4), les nœuds IPv6 des enregistrements de type AAAA (adresses IPv6), et les nœuds à double pile qui veulent joindre des nœuds IPv4 ont à la fois des AAAA (adresses IPv4 compatibles IPv6) et des A. Le serveur DNS doit supporter les enregistrements AAAA, même s'il n'utilise pas IPv6 pour communiquer."
"Qu'est-ce que la traduction d'en-tête NAT-PT et par quoi est-elle réalisée ?","NAT-PT (Network Address Translation - Protocol Translation) permet de raccorder des réseaux encore intégralement en IPv4 à des réseaux déjà intégralement en IPv6 (sans double pile de part et d'autre) ; la traduction des datagrammes d'un protocole à l'autre est réalisée par un routeur à double pile placé à la frontière, qui fait alors office de véritable passerelle."
"Les mécanismes de transition IPv4-IPv6 sont-ils satisfaisants ?","Aucun de ces mécanismes (double pile, tunnel, NAT-PT) n'est réellement satisfaisant : ils présentent des vulnérabilités en matière de performances et de sécurité. Ce sont des mécanismes temporaires, en place uniquement pendant la migration."
"Comment la norme ISO 9004-5 définit-elle un projet informatique ?","Un ensemble d'activités coordonnées et dirigées, entreprises dans le but de fournir, à des dates de début et/ou de fin d'achèvement définies, un produit unique répondant à des exigences spécifiées ; il a recours à des moyens humains et non humains mis en commun dans le cadre d'une organisation temporaire pour atteindre les objectifs fixés."
"Quelles sont les caractéristiques invariables d'un projet ?","Il comprend des tâches liées entre elles dont l'interaction peut être complexe, il est unique et non répétitif, il a des objectifs spécifiques, et sa planification et ses coûts sont définis. On y ajoute : une limitation dans le temps, un avenir incertain (part de risque) et une organisation humaine spécifique et temporaire."
"Que signifie « réussir un projet informatique » ?","Obtenir un produit qui répond aux besoins de l'utilisateur final, à tous ses besoins exprimés mais seulement ses besoins, tout en respectant les contraintes prédéfinies de coût, de délai et de qualité."
"Quels types d'aléas pèsent sur un projet pendant toute sa durée ?","Des aléas fonctionnels (évolution réglementaire ou changement imprévu des règles de gestion), des aléas techniques (mauvaise maîtrise des techniques, non-disponibilité des matériels et outils) et des aléas organisationnels (indisponibilité des personnes nécessaires, retard dans la fourniture d'outils)."
"Quelles sont les principales causes de dysfonctionnement d'un projet ?","Une mauvaise prévision des tâches, une mauvaise estimation des conséquences du changement induit par le nouveau système, une mauvaise organisation (partage des rôles, profils et compétences, participation des acteurs), une mauvaise communication (contexte et objectifs mal connus, validations implicites), et des engagements contractuels mal définis entre maîtrise d'ouvrage et maîtrise d'œuvre."
"Quels sont les quatre éléments constitutifs d'une démarche de construction logicielle ?","Les buts (« que veut-on obtenir ? »), le processus et cycle de vie (« dans quel ordre procède-t-on ? »), les méthodes (« comment procède-t-on ? ») et le formalisme et les outils (« par quels moyens procède-t-on ? »)."
"Quelles sont les trois idées centrales qui régissent le choix de la démarche (processus) ?","Être en mesure de prévoir et de planifier les tâches sur toute la durée de vie du projet (maîtrise de la charge, des coûts et des délais) ; optimiser les interactions entre toutes les tâches interdépendantes (besoins, conception, fabrication, validation) ; pouvoir réagir efficacement quand les buts évoluent sous l'impact d'événements extérieurs."
"À quoi servent les modèles dans une méthode de projet ?","À représenter sous une forme simplifiée mais juste le système réel afin de mieux le comprendre et le concevoir. En dehors de la documentation littéraire, ils sont les principaux livrables aux différents stades du projet : ce sont les points de contrôle et de validation des travaux, dans le but de minimiser les risques de dérapage."
"Qu'est-ce que le schéma directeur et le schéma directeur informatique ?","Le schéma directeur est la planification stratégique de l'organisme dans ses domaines d'action. Le schéma directeur informatique en est un sous-ensemble spécifique : il fixe les grandes orientations de la politique d'informatisation (acquisition de matériels, stratégie de sous-traitance, développement des réseaux, achat de logiciels ou de middleware, développements d'applications par domaines). Il est généralement défini pour cinq ans et régulièrement actualisé."
"Tous les projets sont-ils issus du schéma directeur ?","Non : le schéma directeur ne fige pas la planification et tous les projets n'en sont pas nécessairement issus. Une évolution de l'environnement (réglementation, organisation) peut nécessiter de nouveaux projets, et un projet peut naître en réponse à une sollicitation inopinée. La maintenance évolutive est assimilée à un projet et conduite de façon similaire."
"Quelles sont les procédures formelles de lancement d'un projet ?","Une lettre de mission qui nomme le chef de projet et lui donne ordre de mission de commencer, en définissant les grandes lignes (objectifs, contraintes) ; et une réunion de lancement regroupant les responsables du projet (niveau stratégique), le chef de projet, les consultants éventuels et les partenaires."
"Selon quels critères un projet peut-il être découpé en sous-projets ?","Selon la nature des sujets à traiter : le découpage peut être fonctionnel, organisationnel ou technique."
"Qui constitue la maîtrise d'ouvrage (MOA) d'un projet et quel est son rôle vis-à-vis du système d'information ?","La maîtrise d'ouvrage est constituée de la direction générale ou du (des) service(s) gestionnaire(s) commanditaires, propriétaires et/ou futurs utilisateurs du produit. Le système d'information concerné lui appartient généralement : c'est elle qui prend toutes les décisions ayant un impact sur lui. C'est le « client » du projet."
"Quelles sont les attributions stratégiques de la maîtrise d'ouvrage ?","Donner son accord sur l'opportunité du projet, fixer les objectifs (quantitatifs et qualitatifs) et les conditions de réalisation, mettre en place les structures de pilotage, arbitrer l'affectation des ressources financières et humaines, définir les grands besoins fonctionnels et les exigences de sécurité, valider les dossiers, et fixer et suivre les échéances majeures."
"Quelles sont les attributions opérationnelles de la maîtrise d'ouvrage ?","Exprimer ses besoins et leurs priorités, participer au diagnostic de la situation actuelle, fournir la volumétrie des données, préciser les règles de gestion, valider les dossiers présentés par l'équipe projet, prendre en charge la conduite du changement (communication et formation), participer à la documentation utilisateur, tester le produit livré et prononcer la réception définitive des travaux."
"Quelles sont les trois structures de représentation de la maîtrise d'ouvrage ?","Le comité directeur (ou comité stratégique) : instance de décision et de pilotage, qui porte les attributions stratégiques. Le comité de suivi (ou comité de pilotage) : instance de pilotage opérationnel agissant pour le compte du comité directeur, qui n'existe pas systématiquement (un seul niveau dans les petits projets). Le comité des utilisateurs : composé d'utilisateurs représentatifs, aux attributions essentiellement opérationnelles."
"Qui joue le rôle de maîtrise d'œuvre (MOE) et quelle est sa responsabilité ?","La maîtrise d'œuvre est le « fournisseur » : responsable des travaux confiés par la maîtrise d'ouvrage, elle doit réaliser le produit informatique conformément aux conditions fixées (coût, délai, qualité). En interne, c'est généralement la direction informatique ; le rôle peut être assumé par un prestataire extérieur pour des projets sous-traités."
"À quels moments du cycle de projet la maîtrise d'œuvre intervient-elle ?","Au lancement (aide à l'expression des besoins, intégration dans le SI existant, constitution de l'équipe et désignation du chef de projet) ; dans les travaux de production (études préalable, détaillée et technique, conception de l'architecture, réalisation et tests, infrastructure technique) ; pour la conduite du changement ; lors de la mise en service (reprise des données, sites pilotes, soutien au déploiement) ; et à travers les activités de support (gestion de l'équipe, contrôle de la qualité)."
"Quelle est la différence entre l'organisation verticale et l'organisation matricielle d'une équipe projet ?","L'organisation verticale, la plus répandue, confie le projet au service qui suit habituellement les applications du domaine fonctionnel concerné (avantage : compétences fonctionnelles ; risque : cloisonnement, difficulté si le projet est transversal). L'organisation matricielle réunit dans une structure spécifique et temporaire des techniciens de divers services, placés sous la responsabilité fonctionnelle du chef de projet (avantages : mobilité des compétences, dissociation projet/application existante ; gestion plus délicate si les rôles chef de service / chef de projet sont mal définis)."
"Qu'est-ce que l'« effet tunnel » dans un projet et comment l'éviter ?","C'est l'absence de visibilité de la maîtrise d'ouvrage sur l'avancement des travaux tant que le logiciel n'est pas terminé. Pour l'éviter, la maîtrise d'œuvre doit informer aussi souvent et finement que possible la maîtrise d'ouvrage de l'avancement, avec des résultats intermédiaires qui maintiennent le dialogue et permettent de corriger au fur et à mesure."
"Quel type de relations la maîtrise d'ouvrage et la maîtrise d'œuvre doivent-elles rechercher ?","Des relations de partenariat : bien que la maîtrise d'ouvrage soit le donneur d'ordre et la maîtrise d'œuvre l'exécutant, les deux parties ont un objectif commun (construire ensemble un nouveau système d'information ou faire évoluer un système existant), et la maîtrise d'ouvrage ne doit pas renoncer à ses responsabilités au profit de la maîtrise d'œuvre."
"Que désigne-t-on par « programme » en gestion de projet ?","Un ensemble de projets. Par exemple, Copernic et Hélios sont deux programmes phares de la Direction Générale des Finances Publiques."
"Quel est l'objet des études d'opportunité et de faisabilité dans le cycle de vie d'un projet ?","L'étude d'opportunité affine la demande, commence à chiffrer le coût et évalue l'intérêt du projet selon plusieurs angles (rentabilité, nécessité, risques techniques, risques juridiques, gains). L'étude de faisabilité, une fois le besoin validé, examine les impacts sur le SI existant, la faisabilité technique et budgétaire, la planification des phases et l'identification de la maîtrise d'œuvre."
"Que se passe-t-il lors de la phase de lancement d'un projet à la DGFiP ?","C'est une étape principalement politique qui valide définitivement les études précédentes et débloque les ressources nécessaires (équipes, budget). À la DGFiP, cette étape est associée à un CODEN (Comité des Dépenses Nouvelles)."
"À quoi sert la conception fonctionnelle générale puis détaillée ?","La conception générale réalise une ébauche des spécifications, fixe définitivement le périmètre fonctionnel et établit les principales contraintes (sécurité, solution de secours, performance, disponibilité). La conception détaillée fournit une description précise de ce qui est attendu et produit le document de spécifications fonctionnelles, référence pour les tests fonctionnels."
"Quelles sont les trois étapes d'intégration d'un projet applicatif ?","L'intégration applicative (la MOA évalue la conformité de l'application seule, dans un environnement bouchonné sans communication avec le reste du SI), l'intégration inter-applicative (vérifier que la nouvelle brique s'intègre dans le SI existant et communique bien avec les autres briques), et l'intégration du point de vue de l'exploitabilité (tests dans un contexte proche de la cible : plate-forme, données)."
"Pourquoi certains projets passent-ils par une mise en exploitation sur un périmètre restreint ?","Pour l'expérimentation : le projet est mis en œuvre avec un nombre réduit d'utilisateurs dans un contexte réel, ce qui permet aux futurs utilisateurs de donner leurs retours et de réaliser quelques ajustements avant la mise en exploitation généralisée."
"Quelles sont les trois phases transverses d'un projet ?","Le pilotage (nécessaire de l'expression initiale du besoin à la mise en exploitation, à travers des comités de niveau stratégique en amont et opérationnel en aval), la gestion du changement (accompagner les futurs utilisateurs, au plus tôt, via documentation et formation) et la gestion de la sécurité (dès la définition du projet : identifier les données sensibles et les risques, avec l'aide d'une équipe spécialisée, puis apporter des réponses techniques ou organisationnelles)."
"Quel outil sert à tenir le planning d'un projet et que met-il en évidence ?","Le diagramme de Gantt, qui permet de visualiser à la fois l'enchaînement des différentes tâches et les tâches critiques ; un retard sur une tâche critique se traduit par un retard sur le projet lui-même. Selon une étude du Gartner Group, seuls 16 % des projets respectent les budgets et les délais."
"Quel est l'objectif du cycle de développement en « V » ?","Limiter les retours-arrière en détectant au plus tôt les incohérences des phases amont. Il se caractérise par un ensemble de phases de « réalisation » mises en relation avec des phases de « tests » : analyse des besoins / recette, spécifications / tests de validation, conception architecturale / tests d'intégration, conception détaillée / tests unitaires, et enfin le codage."
"Pourquoi l'industrie informatique a-t-elle délaissé le cycle en V ?","Parce qu'il est lourd à mettre en place pour les projets conséquents, qu'il expose à des effets tunnels (une phase peut durer longtemps sans visibilité sur son avancement), et que dans un projet informatique où le besoin évolue vite, l'équipe peut développer des éléments ne répondant plus au besoin. Il reste cependant largement utilisé par d'autres industries."
"Quelles sont les quatre valeurs du manifeste agile (2001) ?","Les individus et leurs interactions, plus que les processus et les outils ; des logiciels opérationnels, plus qu'une documentation exhaustive ; la collaboration avec les clients, plus que la négociation contractuelle ; l'adaptation au changement, plus que le suivi d'un plan."
"Sur quels deux concepts la méthode SCRUM repose-t-elle ?","Les « stories », qui représentent l'ensemble des fonctionnalités à réaliser, listées et hiérarchisées par le Product Owner (le client) ; et les « sprints », ensembles de fonctionnalités cohérentes développées durant un laps de temps d'environ 4 semaines."
"Quelles sont les réunions qui rythment une itération SCRUM ?","La réunion de planification de sprint (équipe et client négocient le périmètre, qui est ensuite figé jusqu'au prochain sprint) ; le daily meeting (réunion journalière très courte, environ 15 minutes, entre développeurs) ; la revue de sprint (le travail est présenté au client pour un retour immédiat) ; et la rétrospective de sprint (l'équipe de développement seule discute des points problématiques et propose des améliorations du processus)."
"Quels sont les cinq axes de l'administration de réseau selon l'ISO ?","La gestion des anomalies (Fault Management), la gestion de la configuration (Configuration Management), la gestion des performances (Performance Management), la gestion de la sécurité (Security Management) et la gestion de la comptabilité (Accounting Management)."
"Quel est l'objectif de la gestion des anomalies (Fault Management) ?","Avoir un réseau opérationnel sans rupture de service (un taux de disponibilité de 99,999 % correspond à quelques secondes d'indisponibilité par an, ce qui définit une QoS) et être en mesure de localiser le plus rapidement possible toute panne : surveiller les alarmes émises par le réseau, localiser un incident par diagnostic des alarmes, journaliser les problèmes."
"En quoi consiste la gestion de la configuration réseau (Configuration Management) ?","À gérer la configuration matérielle et logicielle du réseau pour en optimiser l'utilisation, chaque équipement et chaque compteur devant être parfaitement identifié de façon unique à l'aide d'un nom ou d'un identificateur d'objet OID (Object Identifier)."
"Quel est l'objet de la gestion de la comptabilité (Accounting Management) ?","Suivre la consommation réseau par abonné en vue d'établir une facture."
"Quels sont les deux écueils à éviter dans la mise en place d'une supervision ?","L'absence (ou l'insuffisance) d'informations, objectif initial le plus immédiat ; et le trop-plein d'informations, résumé par la formule « trop d'informations tue l'information », qui survient quand la solution n'a pas été accompagnée d'une prise en compte suffisante des aspects organisationnels."
"Quelles étapes préparatoires respecter avant de mettre en place une supervision ?","Établir un plan du réseau (diagrammes et schémas), prendre connaissance (ou créer) le plan d'adressage, recenser les pratiques des utilisateurs (développeurs, exploitants et techniciens, utilisateurs finaux), déterminer les équipements actifs à prendre en charge (approche séquentielle calquée sur la modélisation en couches), déterminer les objets et services par équipement, les regrouper en entités logiques, fixer les seuils d'alertes et les groupes à alerter, puis choisir les outils."
"Quelles sont les trois catégories d'objets à superviser ?","La supervision réseau (bon fonctionnement des communications entre machines et performance des liens : débit, latence, taux d'erreurs), la supervision système (la machine elle-même et ses ressources : mémoire, charge processeur, logs système), et la supervision applicative (fonctionnement d'une application : connexion sur son port, analyse de logs applicatifs)."
"Pourquoi la supervision applicative est-elle plus subtile que la supervision réseau ou système ?","Parce que rien ne garantit qu'un port ouvert signifie que l'application située derrière n'est pas « plantée » : il faut donc vérifier le comportement de l'application elle-même (par exemple qu'elle retourne ou demande bien les bonnes informations)."
"À quoi sert le protocole ICMP dans la supervision et à quelle couche opère-t-il ?","ICMP (Internet Control Message Protocol) est un protocole de couche 3 (réseau) qui palie l'absence de message d'erreur d'IP : les équipements intermédiaires l'utilisent pour prévenir la machine émettrice d'un incident de transmission. En supervision, il sert de source d'information sur la qualité du réseau et la présence d'un hôte."
"Comment les erreurs ICMP sont-elles classées et que représente le type 3 ?","Elles sont classées en types, eux-mêmes parfois re-divisés en codes. Le type 3 représente un destinataire inaccessible et comporte 16 codes différents selon la raison pour laquelle le destinataire n'est pas joignable."
"Quelle norme d'administration l'ISO a-t-elle proposée avant SNMP, et qui a approuvé SNMP ?","L'ISO a proposé dans les années 80 la norme CMIS/CMIP (Common Management Information Service ISO 9595 et Common Management Information Protocol ISO 9596), avec un cadre architectural (ISO 7498). En parallèle, l'IAB (Internet Activities Board) a approuvé SNMP comme solution à court terme et CMOT (CMIP Over TCP) à plus long terme ; au début des années 90, SNMP, plus simple, est devenu le standard de fait."
"Quels sont les trois éléments importants de SNMP ?","Une base de données MIB gérée par chaque agent (RFC 1156 et 1213 pour la MIB-I puis la MIB-II) ; une structure commune de représentation des objets, la SMI (Structure of Management Information, RFC 1155) ; et un protocole d'échange entre manager et agent, SNMP lui-même (RFC 1157)."
"Sur quel protocole de transport SNMP est-il bâti et pourquoi ?","Sur UDP/IP : UDP est justifié par sa simplicité, sa rapidité et sa concision (8 octets d'en-tête contre 20 pour TCP), ce qui permet de remonter très rapidement des alarmes vers un manager. Son inconvénient est d'être en mode non connecté et non fiable : des messages SNMP peuvent être perdus."
"Quels sont les cinq types de messages SNMPv1 échangés entre agent et manager ?","get-request (GET : obtenir la valeur courante d'un objet de la MIB), get-next-request (GETNEXT : obtenir la valeur du prochain objet), set-request (SET : mettre à jour la valeur d'un objet), get-response (réponse à un GET, GETNEXT ou SET), et trap (TRAP : signal émis par un agent vers un manager, par exemple pour remonter une alarme). SNMP est un protocole commande/réponse sans états."
"Quels ports UDP SNMP utilise-t-il ?","Le port UDP 161 côté agent pour les requêtes GET, GETNEXT et SET, et le port UDP 162 côté manager pour les TRAPs."
"Qu'est-ce que le champ « communauté » (community) d'une requête SNMPv1 et quelle faille présente-t-il ?","C'est une chaîne de caractères qui joue le rôle de mot de passe de validation d'une requête (GET, GETNEXT, SET côté agent, TRAP côté manager) ; si elle est incorrecte, la requête est rejetée. Elle passe en clair sur le réseau, ce qui constitue une faille importante de sécurité de SNMPv1, comblée par les versions ultérieures."
"Selon quel codage les paramètres d'une requête SNMP sont-ils encodés ?","Selon le codage TLV (Type, Longueur, Valeur), aussi appelé BER (Basic Encoding Rules), défini dans la SMI. Il est gourmand en octets (un paramètre d'un octet est encodé sur trois octets) mais permet de passer un nombre variable de paramètres."
"Dans quel langage un objet de la MIB est-il déclaré, et quels types SNMP utilise-t-il ?","Un objet de la MIB est déclaré et défini en langage ASN.1 (Abstract Syntax Notation 1). SNMP n'en utilise qu'une petite partie : INTEGER (entier 32 bits en complément à 2), OCTET STRING, IpAddress, PhysAddress (adresse MAC), Counter (entier 32 bits non signé qui revient à 0 après 2^32-1) et TimeTicks (compteur de temps 32 bits non signé en 1/100 de seconde)."
"Comment la MIB est-elle structurée et comment un objet est-il identifié ?","La MIB est une base de données gérée par un agent, avec une structure d'arbre similaire à celle du DNS : une racine non nommée à partir de laquelle un objet est identifié de façon absolue par son OID (nœud de l'arbre). Chaque nœud a aussi un nom symbolique. C'est l'OID (par exemple 1.3.6.1.2.1.1.1.0 pour sysDescr) qui est transmis dans une requête, et non le nom symbolique."
"Quelle est la différence entre MIB standard et MIB privée ?","La MIB standard contient les objets standards. Si un agent doit gérer des objets propres, ils font partie de la MIB privée, placés dans la branche iso.org.dod.internet.private.enterprises.nom_entreprise ; pour cela, il faut souscrire un numéro identificateur d'entreprise à l'IANA."
"Quelle version de SNMP est le standard actuel et sur quoi repose sa sécurité ?","SNMPv3 (RFC 3411) est le standard actuel : il combine la sécurité basée sur les usagers et les types et opérations de SNMPv2p, avec en plus la capacité pour les proxies. SNMPv1 (RFC 1155), lui, a une sécurité triviale basée uniquement sur la chaîne « community »."
"Qu'est-ce que NET-SNMP et que contient-il ?","Une implémentation libre du protocole SNMP sous Linux : un ensemble d'outils comprenant une API d'accès à SNMP, un agent SNMP extensible, des commandes en ligne pour interroger des agents et pour gérer et générer des TRAPs, une version de netstat utilisant SNMP et un browser de MIB (tkmib) écrit en Tk. Il supporte SNMPv1, v2 et v3."
"Que font les commandes NET-SNMP snmpget, snmpset, snmpwalk et snmptranslate ?","snmpget envoie une requête GET pour obtenir une information sur un objet, snmpset une requête SET pour mettre à jour la valeur d'un objet, snmpwalk balaye complètement une branche de la MIB d'un agent distant (comme snmpgetnext mais sur toute la branche), et snmptranslate convertit un objet de la MIB entre sa forme décimale OID et sa forme symbolique."
"Comment le programme ping fonctionne-t-il et à quoi sert-il en supervision ?","Ping utilise le protocole ICMP : il envoie une requête ICMP Echo et attend en retour une réponse ICMP Echo Reply, ce qui permet de savoir si une machine destination est accessible (sinon d'en connaître la raison via le code d'erreur ICMP) et de mesurer la latence entre les deux extrémités. Il sert souvent à créer une alerte prévenant l'administrateur quand une machine n'est plus joignable."
"Qu'est-ce que MRTG et comment fonctionne-t-il ?","MRTG est un outil réalisé en Perl et en C pour surveiller la charge des liens réseaux : il génère des pages HTML contenant des images PNG représentant graphiquement l'état en temps réel de la ressource surveillée. Un script Perl récupère les données via SNMP et les envoie à un programme C qui les stocke et génère les graphiques."
"Qu'est-ce que RRDTOOL et d'où vient son nom ?","RRDTOOL, du même auteur que MRTG, en est une évolution : la gestion du stockage a été entièrement revue avec une technique nommée « Round Robin », d'où le nom Round Robin Database TOOL. Devenu incontournable pour générer des graphiques, il est utilisé dans quasiment tous les logiciels de supervision open-source."
"Comment Zabbix peut-il acquérir les données des équipements ?","Via SNMP comme ses concurrents, via un test de service (rien à installer sur l'équipement, mais tests limités à des pings ou des tests de protocoles comme SMTP ou HTTP), ou via l'agent Zabbix local, son originalité, qui permet d'obtenir toute information sur l'équipement sans utiliser SNMP."
"Quels sont les composants de l'architecture de Zabbix ?","Le serveur (cœur de l'application : centralise les données par trapping ou polling, centralise la configuration, alerte les administrateurs) ; le proxy, optionnel, qui bufférise les données des différents sites pour alléger le serveur ; l'agent, qui collecte les données locales et les envoie au serveur ; et l'interface Web (en PHP). Tous les composants sont écrits en C sauf l'interface Web."
"Quel est l'historique de Nagios ?","NetSaint est créé en 1999 par Ethan Galstad, devient Nagios en 2002, la version 1.2 sort en 2004, la version 2.0 en 2006 et la version 3.0 en 2008. C'est le logiciel libre le plus connu dans le milieu de la supervision réseau."
"Quelle est l'architecture logicielle de Nagios ?","Modulaire : un moteur écrit en C qui gère l'ordonnancement de la supervision, une interface Web réalisée à l'aide de CGI, et des greffons (plugins) qui étendent ses possibilités (plus de 1200 plugins existants). L'interface se divise en une partie monitoring (plusieurs vues, jusqu'à une vue 3D), une partie reporting et une partie configuration."
"Qu'est-ce qu'un plugin Nagios et quels codes retour renvoie-t-il ?","Un plugin est un script ou un programme qui accomplit une tâche et une seule, et qui renvoie un code retour ainsi qu'un petit texte explicatif sur sa sortie standard : 0 = OK, 1 = WARNING (mode dégradé), 2 = CRITICAL (le service ne fonctionne plus), 3 = UNKNOWN (état indéterminable)."
"Quelle est la différence entre les agents NRPE et NSCA de Nagios ?","Avec NRPE (Nagios Remote Plugin Executor), c'est Nagios qui initie la vérification : NRPE reçoit la demande, exécute la vérification puis renvoie le résultat (polling). Avec NSCA (Nagios Service Check Acceptor), la vérification est planifiée et exécutée en local sur la machine, puis le résultat est envoyé à Nagios (trapping) ; cela inverse le sens des connexions, ce qui est utile avec des pare-feu en diode."
"Qu'est-ce que Centréon et Shinken par rapport à Nagios ?","Centréon (créé en 2003 par des Français, anciennement Oréon, repris par Merethis) est une évolution de Nagios, surtout de son interface mais aussi de ses fonctionnalités, tout en restant compatible avec le moteur de Nagios. Shinken est une refonte complète du cœur de Nagios en Python, avec une architecture plus souple conçue pour les architectures distribuées et environ cinq fois plus de performances que Nagios classique, compatible nagios, nrpe et certains plugins."
"Qu'est-ce que SCOM et à quoi servent ses Management Packs ?","SCOM (System Center Operations Manager), pour le monde Microsoft, permet la supervision d'ordinateurs interconnectés : un agent installé sur la machine scrute plusieurs sources (journal d'événements, compteurs de performance, codes de retour) et envoie les informations pertinentes au serveur, qui conserve un historique et déclenche des alertes. Les Management Packs sont les ensembles de règles et d'informations nécessaires à la supervision d'une application spécifique."
"Que sont ITM et BMC Patrol ?","ITM (IBM Tivoli Monitoring) est le logiciel de supervision intégré au framework Tivoli d'IBM, qui surveille systèmes, réseau, applications et matériel et envoie des alertes vers une console (Tivoli Enterprise Console). BMC Patrol est l'un des plus anciens logiciels de supervision du marché, pionnier du domaine, multi-plateforme (AIX, HP-UX, Solaris et environnements Windows)."
"Quel était le problème de diagnostic dans les années 80 pour l'accès aux grands systèmes centraux ?","Il s'agissait de savoir si c'était le système, le réseau ou l'utilisateur qui était en panne (avec une préférence marquée pour ce dernier) ; les outils étaient réservés aux constructeurs, très propriétaires, avec un champ de vision limité (pas de regard efficace à la fois sur l'ordinateur central, le réseau et les applications)."
"Comment l'ISO, CMIP et SNMP se situent-ils les uns par rapport aux autres ?","L'ISO a généralisé l'administration des réseaux en cinq volets, en organisant l'information dans la MIB (Management Information Base) et en modélisant les requêtes selon le protocole rigoureux mais complexe CMIP (Common Management Information Protocol) ; la communauté Internet en a retenu l'essentiel dans une version simplifiée, SNMP, à laquelle les constructeurs se sont massivement ralliés."
"Qu'organise le modèle « Manager / Agent » ?","Le dialogue entre une station d'administration et les divers équipements qui fournissent des services sur un réseau (du routeur manageable au switch administrable) ; il vise à permettre la vision de bout en bout de la chaîne de liaison mobilisée par chaque session."
"Quels sont les trois aspects de la gestion des fautes (fault management) selon l'ISO ?","La surveillance (détecter les pannes, prendre en compte les événements non sollicités, les enregistrer et les analyser pour prévoir et prévenir) ; la localisation des pannes par sollicitation des équipements susceptibles d'être impliqués (en prenant garde aux effets de bord) ; et la résolution des pannes par les corrections appropriées."
"Pourquoi la gestion comptable de l'ISO reste-t-elle largement insatisfaite ?","Parce que l'imputation de la charge réseau n'est pas simplifiée par le fait que les équipements gèrent le plus souvent des liens logiques sans connaître leurs utilisateurs : ils ne s'intéressent pas au contenu des trames qu'ils véhiculent."
"Quelle difficulté particulière la gestion de la sécurité soulève-t-elle vis-à-vis des outils de surveillance ?","Les responsables de la sécurité (RSSI) regardent les outils de surveillance avec circonspection, car ceux-ci seraient un des truchements favoris des pirates : ces derniers tentent leurs intrusions à l'aide d'informations sur les ressources et leur fonctionnement, précisément ce que le modèle Manager / Agent structure et échange (ports 161 et 162)."
"Quels types d'objets de base les nœuds d'une MIB peuvent-ils contenir ?","Quatre types : des entiers, des chaînes de caractères, des identificateurs d'objet et des objets de type null. Les objets peuvent aussi être constitués de structures simples (tableaux et séquences), et sont définis dans un sous-ensemble de la syntaxe ASN.1 de la couche 6 du modèle OSI."
"Comment le nom d'un nœud de la MIB est-il obtenu et comment un objet est-il identifié ?","Le nom d'un nœud est obtenu par concaténation des noms de ses prédécesseurs séparés par un point. Un objet peut être désigné par un descripteur d'objet mnémonique (ex. ISO.Org.DoD.Internet.Mgmt.Mib.Ip.IpReceives) ou par un identifiant d'objet, l'OID (ex. 1.3.6.1.2.1.4.3.0, le 0 final désignant une occurrence)."
"Quelles sont les trois sortes d'objets d'une MIB ?","Les objets standard (règles d'évolution strictes, tous les logiciels du marché sont compatibles « MIB 2 », branches confiées à des organismes désignés), les objets privés (à la disposition des constructeurs, sous le nœud « private », chaque constructeur ayant un identifiant propre dans la branche « entreprise »), et les objets expérimentaux (utilisés par la communauté Internet pour tester de nouveaux objets en attente de normalisation)."
"Comment une branche standard de la MIB est-elle mise à jour tout en assurant la compatibilité ?","La mise à jour consiste à créer une nouvelle branche au même point d'implantation que la branche modifiée (déclarée obsolète) ; les objets équivalents dans les deux versions ne diffèrent que par l'identifiant de la nouvelle branche (ex. IpReceives est en 1.3.6.1.2.1.4.3 dans la MIB 1 et 1.3.6.1.2.2.4.3 dans la MIB 2), ce qui assure une compatibilité ascendante (reverse compatibility)."
"Pourquoi les constructeurs concentrent-ils leurs efforts sur leur branche privée de la MIB ?","Parce que ce n'est pas dans le domaine des informations des branches standards qu'ils peuvent emporter la décision d'achat : c'est donc dans leur branche privée qu'ils vont faire tous leurs efforts. Les fournisseurs de plates-formes d'administration utilisent alors un « compilateur de MIB » pour prendre en compte les nouvelles versions de MIB décrites en ASN.1, parfois vendues."
"Comment une station d'administration est-elle généralement organisée, et qu'est-ce qu'un agent ?","Une station d'administration comporte deux parties : l'une chargée du dialogue avec les équipements dont elle a la charge (en mode SNMP, CMIP ou des protocoles plus anciens), l'autre qui présente agréablement le résultat aux utilisateurs. Un agent est un processus qui s'exécute sur l'équipement considéré et qui délivre à la station habilitée les informations obtenues des équipements auxquels il est rattaché."
"Dans le dialogue SNMP, quel est le seul cas où l'agent a l'initiative ?","L'alarme (Trap) : dans tous les autres cas, c'est l'administrateur qui interroge l'agent pour obtenir un ou plusieurs indicateurs désignés par leur OID, et l'agent répond."
"Quels messages sont échangés en SNMP entre manager et agent ?","GetRequest (demande d'une info ; réponse GetResponse ou NoSuchObject), GetNextRequest (demande de la suivante), GetBulk (demande d'un lot d'informations), SetRequest (mise à jour d'une information) et Trap (alarme, sans réponse)."
"Pourquoi CMIP, théoriquement préférable, est-il délaissé au profit de SNMP ?","CMIP est fondé sur un modèle objet, a mieux pris en compte la sécurité et opère en mode connecté (la station sait en permanence si les agents sont actifs et en état de répondre), mais il est délaissé pour des raisons de complexité : quelques centaines de lignes de code C suffisent à écrire un manager ou un agent SNMP, d'où son utilisation massive."
"Quelles sont les faiblesses de sécurité de SNMPv2 et les apports de SNMPv3 ?","SNMPv2 : pas de chiffrement des échanges et mot de passe « communauté » transmis en clair durant les sessions. SNMPv3 : authentification par utilisateur via le modèle USM (User-based Security Model, hachage MD5 et SHA, chiffrement des clés privées avec DES pour l'instant) et contrôle d'accès aux ressources à plusieurs niveaux. La V3 n'est pas une simple mise à jour : elle s'implémente au-dessus des versions 1 et 2 pour leur fournir ses services de sécurité."
"Quelles sont les trois limites principales de la supervision globale (SNMP) ?","Elle porte sur des trafics ou des charges sans les individualiser (on sait que le trafic IP croît mais pas à qui l'attribuer) ; la simplicité du protocole ne permet pas de construire des outils d'intervention ; et tant que les développeurs n'enrichissent pas les compteurs de la branche « application » de la MIB, une bonne part du fonctionnement reste impénétrable aux outils d'administration."
"Comment les sondes RMON comblent-elles les lacunes de la supervision globale ?","Les sondes associées à la « MIB RMON » (ou des automates programmables) surveillent de manière autonome des portions de réseau ou des applications, réagissent aux événements locaux, et rapportent en SNMP des informations synthétisées aux administrateurs."
"Quel protocole assure la fonction de « maître du temps » sur un réseau et pourquoi est-ce nécessaire ?","Le protocole NTP (Network Time Protocol), construit selon une hiérarchie en couches, synchronise les horloges des équipements malgré le fonctionnement en mode non connecté d'IP. La mise à jour des horloges sur une même base de temps est impérieuse pour la corrélation des problèmes de réseau et la gestion centralisée de la sécurité."
"Quels sont les trois types d'outils de supervision, et lequel est privilégié à la DGI ?","Le « Framework » (outil intégré comprenant tous les éléments : OpenView d'HP, Tivoli d'IBM, Openmaster de Bull, Unicenter de Computer Associates) ; une série d'outils à fonctionnalité propre intégrables sur une plate-forme (plus ouvert, meilleure interopérabilité) ; et les produits libres (souplesse, mise en œuvre sans procédure de passation de marché), solution actuellement privilégiée."
"Selon quelle architecture le protocole SNMP fonctionne-t-il et quels sont ses deux modes ?","Une architecture client/serveur où l'agent est le serveur et le manager le client. Deux modes : le polling (le manager interroge à intervalle régulier l'agent qui écoute sur UDP/161) et le trap (l'agent envoie de lui-même des alertes vers le manager sur UDP/162 quand des événements inhabituels se produisent)."
"Quel est le service de base de Nagios à la DGFiP ?","Indiquer via ICMP si une machine est démarrée ou non et indiquer depuis combien de temps elle n'est plus disponible ; les données sont stockées dans une base permettant un historique de la disponibilité et l'extraction de graphiques, et Nagios peut produire un schéma d'architecture logique à partir de la description des machines supervisées."
"Qu'est-ce que SINAPS V5 à la DGFiP ?","L'outil ayant vocation à devenir l'outil unique de supervision de la DGFiP : une application en PHP, compatible avec Nagios (qu'elle utilise pour traiter les remontées d'alerte) et s'appuyant sur une base de données MySQL ; elle coexiste encore avec Nagios, SINAPS v4 et Pegase (outil propriétaire pour les plateformes AIX)."
"De quelles briques SINAPS V5 est-il composé ?","Le serveur de configuration (le cœur, qui paramètre toute la solution) ; la base de données de configuration (MySQL, répliquée automatiquement vers le site de PRA) ; les collecteurs de supervision (qui hébergent une instance de Nagios et interceptent ou récupèrent les informations des équipements et applications supervisés) ; et les serveurs SINAPS, de deux types : serveurs d'application (portail d'accès aux informations) et serveurs de calcul (calculs des indicateurs et de l'état des services)."
"Quels produits libres la DGI a-t-elle retenus pour la supervision, l'analyse de performances et la prise en main à distance ?","Supervision : Nagios et OpenSSH. Analyse des performances : MRTG et OpenNMS. Prise en main à distance : VNC et OpenSSH. Transfert de données : OpenSSH. Gestion de configuration : OpenNMS."
"Quelles sont les qualités et les lacunes d'OpenNMS ?","OpenNMS est un produit de supervision réseau et d'analyse des performances qui offre la découverte automatique des composants et services, le support natif de SNMP (gestion des traps), des notifications et rapports de disponibilité, sur une infrastructure Java/XML. Ses lacunes sont une ergonomie limitée (pas de cartographie réseau) et une maturité insuffisante."
"Qu'est-ce que MRTG et sur quel protocole repose-t-il ?","MRTG (Multi Router Traffic Grapher) est un outil d'analyse de performances qui génère des graphes en fonction de statistiques SNMP (trafic réseau, compteurs applicatifs, ressources système), avec un suivi journalier, hebdomadaire, mensuel et annuel et des alertes sur dépassement de seuil ; il s'intègre avec RRDTool et consomme peu de bande passante, mais repose sur SNMP (non généralisé à la DGI), a une ergonomie basique et n'est pas adapté à la supervision en temps réel."
"Quels sont les atouts et les faiblesses de VNC pour la prise en main à distance ?","VNC (Virtual Network Computing) permet une connexion en mode graphique entre un client et un serveur indépendamment des OS (HP-UX, AIX, Linux, Windows), avec une grande simplicité d'utilisation, l'intégration d'OpenSSH et une connexion reverse à l'initiative du serveur. Ses faiblesses : des limites de sécurité (gestion des utilisateurs), une consommation de bande passante importante (pas de gestion du cache) et une mauvaise prise en charge des postes de travail Windows."
"Quels programmes la suite OpenSSH inclut-elle et que remplacent-ils ?","ssh (shell sécurisé, en remplacement de telnet et rlogin), scp (copie à distance sécurisée, en remplacement de rcp) et sftp (version sécurisée du transfert de fichiers FTP) ; OpenSSH crypte les données échangées entre systèmes distants et supporte l'authentification forte, la confidentialité et l'intégrité (bi-clés DSA/RSA, algorithmes symétriques pour le chiffrement de session). C'est une brique de base des communications sécurisées, avec le client graphique Putty pour Windows."
"Pourquoi Nagios ne supporte-t-il pas SNMP nativement et comment y remédie-t-on ?","Nagios n'a pas de support natif pour SNMP (il est l'évolution de NetSaint) : il est nécessaire d'utiliser les interfaces Net-SNMP et trapsnmp pour interroger un agent SNMP ou traiter des traps. Ses méthodes de collecte incluent aussi les sondes réseau, un agent SNMP « intelligent » paramétré pour les traps via des MIB constructeur ou applicatives, l'agent propriétaire NRPE (Perl, Shell ou C) et SSH qui exécute directement les sondes."
"Que signifie l'acronyme EBIOS ?","Expression des Besoins et Identification des Objectifs de Sécurité"
"Quel organisme est à l'origine de la méthode EBIOS et en quelle année ?","La DCSSI (devenue l'ANSSI), en 1995 ; la méthode a été révisée en 2010"
"Quel décret a créé l'ANSSI ?","Le décret n° 2009-834 du 7 juillet 2009"
"Quel événement de novembre 1988 a marqué la prise de conscience de la sécurité des SI ?","Le ver Internet (ver de Morris), qui a paralysé une grande partie du réseau et provoqué la création du premier CERT"
"Que signifie CERT et quel a été le premier ?","Computer Emergency Response Team ; le CERT/CC, créé à l'université Carnegie Mellon et financé par la DARPA"
"Quel est le CERT gouvernemental français, quand a-t-il été créé et inauguré ?","Le CERTA, créé en 1999 et inauguré le 21 février 2000 (rattaché à l'ANSSI)"
"Qu'est-ce que le FIRST ?","Forum of Incident Response and Security Teams, créé en 1990, qui fédère les CERT du monde entier"
"Depuis quand le Club EBIOS existe-t-il et quel est son rôle ?","Depuis 2003 ; il réunit experts et utilisateurs pour faire vivre et enrichir la méthode EBIOS"
"Citez trois méthodes d'analyse de risques SSI et leur origine.","EBIOS (ANSSI, France), MEHARI (CLUSIF, France), OCTAVE (Carnegie Mellon, États-Unis)"
"Que signifie MEHARI ?","MEthode Harmonisée d'Analyse de RIsques, publiée par le CLUSIF"
"Que signifie OCTAVE et combien de phases comporte la méthode ?","Operationally Critical Threat, Asset and Vulnerability Evaluation ; trois phases"
"Quelle norme ISO définit le vocabulaire de la gestion des risques ?","Le Guide ISO 73 (repris dans l'ISO 31000)"
"À quoi correspondent les normes ISO 27001, 27002 et 27005 ?","27001 : exigences d'un SMSI ; 27002 : bonnes pratiques / mesures de sécurité ; 27005 : gestion des risques de sécurité de l'information"
"Quels sont les trois critères de sécurité retenus par EBIOS ?","Disponibilité, Intégrité, Confidentialité (D, I, C)"
"Quelle est la différence entre un bien essentiel et un bien support ?","Le bien essentiel est une information ou un processus important pour l'organisme (on apprécie ses besoins de sécurité, pas ses vulnérabilités) ; le bien support est l'élément technique ou humain sur lequel il repose (on étudie ses vulnérabilités)"
"Qui sont le dépositaire et le propriétaire d'un bien dans EBIOS ?","Le dépositaire est responsable d'un bien essentiel ; le propriétaire est responsable d'un bien support"
"De quels éléments un événement redouté est-il composé ?","Un bien essentiel et son besoin de sécurité, le ou les impacts en cas de non-respect, et la ou les sources de menaces à l'origine ; il est estimé par un niveau de gravité"
"De quels éléments un scénario de menace est-il composé ?","Une menace, une ou des vulnérabilités de biens supports, et une ou des sources de menaces ; il est estimé par un niveau de vraisemblance"
"Comment EBIOS définit-elle un risque ?","La combinaison d'un événement redouté et d'un ou plusieurs scénarios de menaces qui peuvent le provoquer ; il est caractérisé par sa gravité et sa vraisemblance"
"Quels sont les niveaux de l'échelle de gravité d'EBIOS ?","Négligeable, Limitée, Importante, Critique"
"Quels sont les niveaux de l'échelle de vraisemblance d'EBIOS ?","Minime, Significative, Forte, Maximale"
"Quelles sont les quatre options de traitement d'un risque ?","Le réduire, le transférer (ou partager), l'éviter (ou refuser), le prendre (ou maintenir)"
"Quelle est la différence entre risque brut et risque net dans EBIOS ?","Le risque brut est estimé sans tenir compte des mesures de sécurité existantes ; le risque net les prend en compte"
"Qu'est-ce qu'un risque résiduel ?","Le risque qui subsiste une fois les objectifs de sécurité atteints et les mesures de sécurité mises en œuvre ; il doit être accepté en connaissance de cause"
"Quels sont les cinq modules de la démarche EBIOS ?","Module 1 : étude du contexte ; Module 2 : étude des événements redoutés ; Module 3 : étude des scénarios de menaces ; Module 4 : étude des risques ; Module 5 : étude des mesures de sécurité"
"Que produit le module 1 d'EBIOS ?","La délimitation du périmètre, l'identification des biens essentiels et des biens supports, les paramètres à prendre en compte (métriques, sources de menaces, critères de gestion des risques)"
"Dans quel module d'EBIOS estime-t-on la gravité, et dans quel module la vraisemblance ?","La gravité dans le module 2 (événements redoutés), la vraisemblance dans le module 3 (scénarios de menaces)"
"Quelles sont les deux activités du module 4 d'EBIOS ?","Apprécier les risques (analyser et évaluer) et identifier les objectifs de sécurité (choisir les options de traitement, analyser les risques résiduels)"
"Quelles sont les trois lignes de défense de la défense en profondeur selon EBIOS ?","Une ligne préventive (éviter l'apparition des incidents), une ligne protectrice (bloquer, contenir, détecter) et une ligne récupératrice (minimiser les conséquences et revenir à l'état initial)"
"Citez trois des six principes de la défense en profondeur.","Globalité, coordination, dynamisme, suffisance, complétude, démonstration"
"Qu'est-ce qu'une déclaration d'applicabilité (SoA) dans le module 5 ?","Un document qui explique comment les références applicables, contraintes et hypothèses ont été prises en compte, et qui justifie les mesures retenues ou écartées"
"Qu'est-ce que l'homologation de sécurité ?","L'engagement par lequel une autorité atteste que le SI est protégé conformément aux objectifs de sécurité et apte à entrer en service avec des risques résiduels acceptés et maîtrisés"
"Quelles décisions une autorité d'homologation peut-elle prononcer ?","Une homologation complète (souvent 3 à 5 ans, éventuellement sous conditions), une homologation provisoire avec réserves et délai de mise en conformité, ou un refus d'homologation"
"Que signifie FEROS et à quoi sert ce document ?","Fiche d'Expression Rationnelle des Objectifs de Sécurité (Guide 150) ; document synthétique de sécurité opérationnelle servant notamment à l'homologation d'un SI"
"Que sont un profil de protection (PP) et une cible de sécurité au sens de l'ISO 15408 ?","Des livrables des Critères Communs : le PP exprime des exigences de sécurité génériques pour une catégorie de produits, la cible de sécurité les exprime pour un produit précis"
"Quel matrice de répartition des rôles est mobilisée dans une étude EBIOS ?","La matrice RACI (Responsible, Accountable, Consulted, Informed)"
"Quelles sont les trois catégories de mode d'exploitation de sécurité d'un SI ?","Exclusif, Dominant et Multi-niveaux"
"EBIOS est-elle compatible avec l'ISO 27001 ?","Oui : EBIOS permet de satisfaire l'ensemble des exigences de gestion des risques de l'ISO 27001 et de l'ISO 31000, avec un vocabulaire aligné sur le Guide ISO 73"
"Pourquoi qualifie-t-on EBIOS de « boîte à outils » ?","Parce que ses activités, leur niveau de détail et leur enchaînement sont adaptables au sujet étudié, aux livrables attendus, à la phase du cycle de vie et au secteur d'activité"
"Quel avantage la construction méthodique d'EBIOS offre-t-elle par rapport aux méthodes par catalogue de scénarios ?","Elle identifie et combine les éléments constitutifs des risques, ce qui garantit l'exhaustivité de l'analyse au lieu de se limiter à des scénarios prédéfinis"
"Qu'est-ce que l'ingénierie sociale (social engineering) ?","Une acquisition déloyale d'information exploitant les failles humaines (confiance, ignorance, crédulité) pour obtenir d'autrui un bien, un service ou des informations clefs"
"Quel pirate célèbre est associé à l'ingénierie sociale et au piratage des réseaux téléphoniques ?","Kevin Mitnick, qui a notamment attaqué les machines de Tsutomu Shimomura et a été condamné à 5 ans de prison"
"Que recense l'acronyme MICE (VICE en français) ?","Les leviers psychologiques de manipulation d'un agent : Money/Vénal, Ideology/Idéologie, Compromise/Compromission, Ego"
"Que désigne le « shoulder surfing » ?","L'observation directe par-dessus l'épaule (ou à distance avec des jumelles) pour capter un code, un mot de passe ou une saisie de formulaire"
"À quoi sert le sniffing ?","À capturer et décoder les paquets qui transitent sur un réseau local non commuté, ce qui permet le diagnostic réseau mais aussi l'interception de mots de passe et données non chiffrés"
"Qu'est-ce que le scanning (balayage de ports) ?","Une technique de recherche des ports ouverts sur un hôte ; effectué sur un système tiers, il est généralement considéré comme une tentative d'intrusion car il prépare une intrusion"
"Qu'est-ce que la stéganographie ?","Un procédé de dissimulation d'informations sensibles au sein d'autres informations anodines (texte, image, son) ; le watermarking en est un cas particulier"
"Quelle est la différence entre menaces actives et menaces passives ?","Les menaces actives altèrent le système (virus, vers, chevaux de Troie, spam, phishing, déni de service, bombes logiques) ; les menaces passives se contentent d'observer (écoute des lignes, analyse de trafic)"
"Qu'est-ce qu'un virus informatique ?","Une portion de code capable de se reproduire et de se propager ; on distingue les virus de boot, les virus dans les exécutables et les macro-virus"
"Quelle est la différence entre un ver et un virus ?","Le ver se propage de lui-même vers d'autres ordinateurs à travers le réseau (souvent via le carnet d'adresses de messagerie), alors que le virus a besoin d'un support ou d'un hôte"
"Citez deux vers célèbres et la faille qu'ils exploitaient.","Code Red (faille des serveurs IIS, défiguration de sites) et Blaster (faille du service Windows DCOM RPC)"
"Qu'est-ce qu'un cheval de Troie ?","Un logiciel d'apparence légitime qui exécute des actions à l'insu de l'utilisateur, souvent pour ouvrir une porte dérobée (backdoor) donnant un accès distant secret à l'attaquant"
"Qu'est-ce qu'un spyware (espiogiciel) ?","Un logiciel qui collecte des informations sur une machine et les envoie à l'insu de l'utilisateur ; concept nommé par Microsoft en 1995, décliné en adware (publicité) et malware"
"Qu'est-ce qu'un botnet et qui le contrôle ?","Un réseau de machines infectées (bots) piloté par un « bot herder » ou « botmaster », via IRC, HTTP, DNS, messagerie instantanée, P2P ou Skype"
"À quoi sert un botnet ?","Envoyer du spam, voler des informations (keylogger), diffuser des spywares, mener des dénis de service distribués, héberger du phishing, truquer des statistiques de clics"
"Quelle est la définition CNIL du spam ?","L'envoi massif et parfois répété de courriers électroniques non sollicités à des personnes avec lesquelles l'expéditeur n'a jamais eu de contact, dont il a capté l'adresse de façon irrégulière"
"Que doit éviter de devenir un serveur de messagerie mal configuré ?","Un « open relay » (relais ouvert) exploitable par les spammeurs pour relayer leurs envois"
"Qu'est-ce que le greylisting (liste grise) anti-spam ?","Le rejet temporaire d'un message par un code de refus provisoire envoyé au MTA émetteur ; les serveurs légitimes réémettent après quelques minutes, la plupart des spammeurs non"
"D'où vient le mot « phishing » et depuis quand est-il massivement utilisé ?","De la contraction de PHreaking et fISHING (hameçonnage) ; la technique est employée massivement depuis 2003"
"Quelle est la principale parade contre le phishing ?","Ne jamais cliquer sur un lien d'un courriel mais taper soi-même l'adresse dans le navigateur, et vérifier le chiffrement et la validité du certificat lors d'une saisie confidentielle"
"Qu'est-ce que le scam et pourquoi l'appelle-t-on « 419 » ?","Une arnaque à l'extorsion de fonds (héritage d'un riche défunt à transférer) ; « 419 » renvoie à l'article du code pénal nigérian qui la réprime"
"En quoi consiste l'attaque « ping of death » ?","Envoyer un paquet ICMP malformé dépassant la taille IP maximale de 65 535 octets, ce que certains systèmes ne savaient pas traiter, provoquant un crash de la cible"
"Pourquoi l'UDP Flood congestionne-t-il fortement le réseau ?","Parce que le trafic UDP n'a pas de mécanisme de contrôle de congestion et devient prioritaire sur le trafic TCP, qui réduit son débit"
"Qu'est-ce que l'IP spoofing ?","L'usurpation de l'adresse IP d'un autre ordinateur, pour brouiller les pistes ou contourner une authentification fondée sur l'adresse IP (rlogin, rsh)"
"Comment se caractérise une attaque SYN flood et comment la repérer ?","Une inondation de segments SYN avec adresse source usurpée et inaccessible, qui laisse la cible avec de nombreuses connexions en état SYN_RECV visibles par netstat -an"
"Citez deux parades au SYN flood.","Allonger la file d'attente des connexions et réduire la temporisation d'établissement ; les OS modernes intègrent SYN cookie et SYN cache"
"Qu'est-ce qu'un DDoS et quand a-t-il été popularisé ?","Un déni de service distribué (Distributed Denial of Service) lancé depuis de nombreuses machines corrompues ; popularisé le 14 février 2000 contre des sites .com (eBay, CNN, Amazon) par « Mafiaboy »"
"En quoi consiste l'ARP spoofing et que permet-il ?","Polluer les caches ARP avec de fausses associations adresse MAC / adresse IP, ce qui permet des attaques man in the middle, du déni de service et le contournement de règles de firewall"
"Quelles sont les parades classiques à l'ARP spoofing ?","Utiliser des associations statiques (peu souple) et surveiller les changements d'association avec des outils comme arpwatch ou WinARPWatch"
"Qu'est-ce que le TCP hijacking (vol de session) ?","L'interception d'une session TCP établie pour la détourner ; comme l'authentification n'a lieu qu'à l'ouverture, l'attaquant garde la main pendant toute la session"
"En quoi consiste l'attaque Smurf ?","Envoyer une trame ICMP echo request vers une adresse de diffusion (broadcast) ; les réponses des intermédiaires saturent la victime dont l'adresse est usurpée"
"Qu'est-ce que le DNS cache poisoning ?","Empoisonner le cache d'un serveur DNS pour rerouter un nom légitime vers un site pirate ; BIND en a été victime en juillet 2007 via un générateur d'identifiants de requêtes prévisible"
"Quelle part des vulnérabilités les buffer overflows représentent-ils et en quoi consistent-ils ?","Environ deux tiers des vulnérabilités ; ils consistent à écrire des données hors de la zone allouée (pile ou tas), pouvant conduire à exécuter du code pirate (stack smashing)"
"Qu'est-ce qu'un « canary » (StackGuard) ?","Un repère généré aléatoirement placé devant l'adresse de retour d'une fonction ; s'il est modifié au retour, le programme détecte l'intrusion liée à un débordement de pile"
"Qu'est-ce qu'une race condition ?","Une situation où une ressource (fichier, structure de données) est manipulée simultanément par plusieurs processus ou threads ; certaines opérations doivent être rendues atomiques"
"Qu'est-ce qu'une attaque XSS (Cross Site Scripting) ?","L'injection de scripts (JavaScript, VBScript) exécutés dans le navigateur de la victime, souvent pour voler un cookie de session ; à ne pas confondre avec CSS (Cascading Style Sheet)"
"Quel est le remède principal aux failles XSS et injection SQL ?","Ne jamais faire confiance à une saisie utilisateur : filtrer ou échapper les caractères indésirables (par exemple < et > avec htmlspecialchars) et valider les données avant toute requête"
"Quels risques la virtualisation introduit-elle ?","La panne d'une ressource commune bloque tous les services hébergés, un défaut de cloisonnement peut causer une fuite d'informations, et une machine virtuelle peut être copiée à l'insu du propriétaire"
"Quelles sont les grandes phases de l'anatomie d'une attaque ?","La récolte d'informations sur la cible (whois, moteurs de recherche), puis l'analyse détaillée : cartographie du réseau, recherche des services ouverts et des vulnérabilités"
"Quel est l'outil de référence pour le scan de ports et citez trois techniques de scan.","nmap ; TCP connect (-sT), TCP SYN half-open (-sS), TCP FIN stealth (-sF), Xmas scan (-sX), Null scan (-sN), UDP scan (-sU)"
"À quoi sert l'option -O de nmap et l'option -D ?","-O tente d'identifier le système d'exploitation par fingerprinting ; -D lance un decoy scanning en noyant la cible sous des sources leurres"
"Qu'est-ce que le fingerprinting passif ?","L'identification d'un système sans émettre aucune information, par simple analyse des trames qu'il envoie (par exemple avec p0f ou l'analyse de logs)"
"Qu'est-ce que SATAN et Nessus ?","Deux scanners de vulnérabilités : SATAN (Security Administrator's Tool for Analysing Networks), diffusé en 1995 par Dan Farmer et Wietse Venema ; Nessus, client/serveur à plug-ins doté du langage NASL"
"À quoi servent les référencements BID et CVE ?","Identifier de façon normalisée les vulnérabilités : BID sur SecurityFocus, CVE sur cve.mitre.org, pour corréler comptes rendus de scanners et exploits"
"Quelle est la différence entre un IDS et un IPS ?","Un IDS (ex. Snort en NIDS) détecte les intrusions par approche comportementale et par signatures sans les bloquer ; un IPS peut stopper le trafic jugé suspect"
"Qu'est-ce qu'un rootkit ?","Un ensemble de techniques et d'outils permettant d'obtenir et de pérenniser un accès non autorisé à une machine de la manière la plus furtive possible ; c'est un cas classique de cheval de Troie"
"Comment un rootkit se dissimule-t-il et comment le détecter ?","Il remplace des commandes système (ps, netstat, ls), pose des backdoors et nettoie les logs ; on le détecte avec chkrootkit, RootkitRevealer, ou on s'en prémunit avec un contrôle d'intégrité comme tripwire"
"Quels outils permettent de craquer des mots de passe ?","Crack et John the Ripper sous Unix/Linux, L0phtCrack sous Windows ; face à la multiplication des mots de passe, on recourt à des coffres-forts et à l'authentification unique (SSO)"
"Qu'est-ce que la cryptographie ?","Une discipline de la cryptologie qui protège les messages (confidentialité, authenticité, intégrité) à l'aide de secrets ou de clés, en rendant un message inintelligible pour qui n'est pas destinataire"
"Quelle est la différence entre « chiffre » et « code » ?","Le chiffre effectue une substitution au niveau des lettres ; le code effectue une substitution au niveau des mots ou des phrases"
"Que signifie « décrypter » ?","Retrouver le message clair correspondant à un message chiffré sans posséder la clé de déchiffrement (les anglophones disent « casser » un code)"
"Quelles sont les deux branches de la cryptologie selon le point de vue ?","La cryptographie (conception de mécanismes de sécurité, côté concepteur) et la cryptanalyse (analyse et mise en défaut de ces mécanismes, côté attaquant)"
"Quel article fondateur a donné naissance à la cryptographie asymétrique et en quelle année ?","L'article de Whitfield Diffie et Martin Hellman, en 1976"
"Quels sont les quatre grands objectifs de sécurité traités par la cryptographie ?","La confidentialité, l'intégrité, l'authentification (de données ou d'entités) et la non-répudiation"
"Qu'est-ce que la non-répudiation et par quel mécanisme est-elle assurée ?","Un service empêchant une entité de nier avoir effectué une action ; le principal mécanisme est la signature à clé publique"
"Qu'est-ce qui caractérise le chiffrement symétrique ?","L'émetteur et le destinataire partagent une même clé secrète, utilisée à la fois pour chiffrer et pour déchiffrer"
"Quelles sont les deux familles de chiffrement symétrique ?","Le chiffrement par bloc (block cipher) et le chiffrement par flot (stream cipher)"
"Citez trois algorithmes de chiffrement symétrique.","DES, 3DES, AES, RC4, RC5, MISTY1, chiffre de Vernam"
"Pourquoi la taille de clé n est-elle déterminante en chiffrement symétrique ?","Parce qu'on peut former 2^n clés de longueur n ; une clé trop courte rend possible l'attaque par recherche exhaustive (énumération de toutes les clés)"
"Quels sont les deux inconvénients majeurs du chiffrement symétrique ?","Il faut une clé par paire de correspondants (gestion difficile à grande échelle), et le partage de la clé rend la signature et la non-répudiation impossibles"
"Quel est le principe du chiffrement asymétrique ?","Les opérations publiques (chiffrer, vérifier une signature) et les opérations privées (déchiffrer, signer) utilisent des clés différentes : une clé publique diffusable et une clé privée gardée secrète"
"En chiffrement asymétrique, avec quelle clé chiffre-t-on un message pour un correspondant ?","Avec la clé publique du destinataire ; seul ce dernier pourra le déchiffrer avec sa clé privée correspondante"
"Sur quels problèmes mathématiques repose la cryptographie asymétrique ?","Des problèmes réputés difficiles issus de la théorie des nombres : la factorisation de grands nombres premiers et le calcul de logarithmes discrets (dont les courbes elliptiques)"
"Citez deux algorithmes asymétriques et un protocole d'échange de clés.","RSA et DSA ; le protocole d'échange de clés Diffie-Hellman"
"Quels sont les inconvénients du chiffrement asymétrique ?","La nécessité de certifier les clés publiques (problème d'authentification), la lenteur des algorithmes qui interdit les gros volumes, et la vulnérabilité à l'attaque par interception"
"Comment combine-t-on chiffrement symétrique et asymétrique en pratique ?","On utilise le chiffrement asymétrique pour échanger la clé symétrique, puis le chiffrement symétrique, plus rapide, pour les données"
"Qu'est-ce qu'une fonction de hachage cryptographique ?","Une fonction déterministe qui transforme une suite de bits de longueur quelconque en un condensat (empreinte) de taille fixe, non inversible en pratique"
"Quelles sont les deux propriétés attendues d'une fonction de hachage cryptographique ?","La non-inversibilité (impossible de retrouver un antécédent d'un condensat) et l'absence de collision (impossible de trouver deux messages ayant le même condensat)"
"Citez des algorithmes de hachage et leur état.","MD5 (définitivement cassé), SHA-1 (non conforme au référentiel), la famille SHA-2 (dont SHA-256, encore utilisable), SHA-3 (2012, alternative)"
"Comment obtient-on une signature numérique ?","En chiffrant l'empreinte (le condensat) du message avec la clé privée de l'émetteur"
"Comment vérifie-t-on une signature numérique ?","En appliquant la clé publique de l'émetteur à la signature pour restituer l'empreinte d'origine, que l'on compare à l'empreinte recalculée du message reçu"
"Que garantit l'action de signer électroniquement un message ?","L'identification et l'authentification de l'auteur, l'intégrité du message et la non-répudiation"
"Qu'est-ce qu'un certificat électronique ?","Un document électronique qui lie une clé publique à l'identité de son propriétaire (personne, application ou site) et à un usage donné ; c'est une carte d'identité numérique"
"Qui garantit un certificat et comment ?","Un tiers de confiance, l'autorité de certification, qui signe le certificat avec sa clé privée"
"Quelle norme définit le format des certificats et des listes de révocation ?","La norme X.509 (ITU-T, RFC 2459) ; les CRL suivent le format X.509 v2 CRL"
"Qu'est-ce qu'une CRL ?","Une Certificate Revocation List : une structure de données signée regroupant les certificats révoqués avant leur date d'expiration"
"Quel protocole d'annuaire sert à publier les certificats et clés publiques ?","LDAP (Lightweight Directory Access Protocol, RFC 2251)"
"Qu'est-ce qu'une IGC (PKI) ?","Une Infrastructure de Gestion de Clés : l'ensemble des matériels, logiciels, personnes, règles et procédures nécessaires pour créer, gérer, stocker, distribuer et révoquer des certificats à clé publique"
"Quel est le rôle de l'autorité de certification (AC) dans une IGC ?","Elle définit et fait appliquer la politique de certification, signe les certificats avec sa clé privée et reste responsable du niveau de confiance fourni par l'IGC"
"Quel est le rôle de l'autorité d'enregistrement (AE) ?","Elle contrôle et vérifie l'identité du demandeur de certificat, authentifie les demandes de révocation et assure le recouvrement lors du renouvellement"
"Quel est le rôle de l'opérateur de certification ?","Il assure la distribution sécurisée des certificats, gère leur cycle de vie avec l'AE et peut générer les bi-clés pour le compte des utilisateurs"
"Quelles sont les grandes étapes du cycle de vie d'une clé cryptographique ?","Demande, génération, affectation, introduction, utilisation, fin de vie (révocation/retrait/destruction), renouvellement, et éventuellement recouvrement"
"Que réalise l'opération d'« affectation » d'une clé ?","Elle fait passer une valeur numérique du statut de donnée brute au statut de clé cryptographique, en l'associant à une identité et à un usage ; le premier enrôlement repose sur des procédés physiques et organisationnels"
"Révoquer une clé équivaut-il à la retirer ?","Non : une clé révoquée peut continuer à servir pour des opérations de vérification ou de compatibilité ascendante, et une clé retirée peut être archivée pour une enquête ultérieure"
"Qu'est-ce qu'une politique de certification ?","Un ensemble de règles indiquant pour quoi le certificat est applicable, par qui, et quelles sont les conditions de mise en œuvre aux plans juridique, administratif et technique"
"Comment SSH établit-il une session sécurisée ?","Le serveur génère une paire de clés RSA (renouvelée toutes les heures) et envoie sa clé publique au client ; le client génère une clé symétrique, la chiffre avec la clé du serveur et la renvoie ; la suite se fait en chiffrement symétrique"
"Qu'est-ce que le tunneling ?","La création d'un chemin privé (tunnel) à travers une infrastructure éventuellement publique, les données étant encapsulées et chiffrées ; ex. tunnel SSH, ou stunnel qui s'appuie sur SSL"
"Où se situe SSL dans la pile et que garantit-il ?","Entre la couche application et la couche transport ; il garantit l'authentification, l'intégrité et la confidentialité, et sécurise notamment les sites web (HTTPS)"
"Contre quelles attaques IPSec protège-t-il ?","Contre l'IP spoofing et le TCP session hijacking (authentification et intégrité) et contre le sniffing (confidentialité par session chiffrée), au niveau de la couche IP"
"Quels sont les deux protocoles de sécurité d'IPSec ?","AH (Authentication Header), qui authentifie les messages, et ESP (Encapsulating Security Payload), qui authentifie et chiffre les messages"
"Quels sont les trois modes de fonctionnement d'IPSec ?","Le mode transport (les hôtes source et destination sont les extrémités), le mode tunnel (les extrémités sont des passerelles) et le mode intermédiaire (tunnel entre une machine et une passerelle)"
"Qu'est-ce qu'une SA (Security Association) dans IPSec ?","Un accord établi pour chaque connexion, comprenant un algorithme de chiffrement (DES, 3DES), une clé de session négociée via IKE (Internet Key Exchange) et un algorithme d'authentification (SHA-1, MD5)"
"Qu'est-ce qu'un VPN ?","Un Virtual Private Network : un tunnel chiffré établi sur une infrastructure publique entre deux points, pouvant s'appuyer sur IPSec, SSL ou d'autres protocoles (ex. OpenVPN)"
"Quels services principaux un firewall rend-il ?","Protéger le réseau du monde extérieur, maintenir les utilisateurs à l'intérieur, réduire le nombre de machines à surveiller étroitement, tout en laissant ouvertes certaines machines (serveur web, DNS)"
"Pourquoi dit-on qu'un firewall est indispensable mais jamais suffisant ?","Parce qu'il n'offre aucune protection contre les menaces internes ni contre les mots de passe faibles"
"Quelles sont les deux politiques de sécurité possibles pour un firewall ?","Tout autoriser puis interdire progressivement (liste noire), ou tout interdire puis ouvrir sélectivement (liste blanche, plus sûre)"
"Sur quels critères un firewall contrôle-t-il les accès entrants et sortants ?","Par service (port) et par adresse IP, et selon le type de firewall par le contenu du paquet"
"De quoi un firewall ne dispense-t-il pas ?","De protéger et administrer chaque machine, de bien structurer le réseau, de sensibiliser les utilisateurs, de faire signer une charte et d'assurer une surveillance quotidienne"
"Quels sont les différents types de firewall ?","Les filtres de paquets, les passerelles de circuits, les passerelles d'applications, et la combinaison des trois"
"Pourquoi un filtre de paquets classique est-il dit « sans notion de contexte » ?","Parce qu'il prend sa décision uniquement d'après le contenu du paquet en cours, sans mémoire des paquets précédents"
"Quel problème posent les fragments IP au filtrage de paquets ?","Les fragments (hormis le premier) ne contiennent pas de numéro de port, ce qui empêche un filtrage par service"
"Pourquoi FTP est-il difficile à filtrer ?","Parce qu'il utilise plusieurs ports (commande et données) qu'il faut filtrer et synchroniser lors de la filtration"
"Comment fonctionne une passerelle de circuits ?","Elle relaie les connexions TCP : l'appelant se connecte à un port TCP de la passerelle, elle-même connectée au port du service de la machine de destination"
"Comment fonctionne une passerelle d'applications ?","Elle utilise un programme spécifique par application (relai de courrier, relai HTTP), ce qui permet de sectionner les flux, au prix d'une mise en œuvre plus complexe"
"Qu'est-ce qu'un firewall « stateful » (à états) ?","Un firewall qui garde la trace du contexte des connexions (inspection stateful) au lieu de décider paquet par paquet, souvent couplé à une inspection applicative multicouche"
"Citez quatre fonctionnalités d'un firewall récent.","Inspection stateful et applicative, filtrage applicatif HTTP/antispam/antivirus, translation d'adresses, tunnels IPsec/PPTP/L2TP, proxy applicatif, IDS et IPS intégrés, interface web de configuration"
"Citez des exemples de firewalls.","Checkpoint, Cisco PIX et ASA, ou un simple serveur BSD/Linux avec iptables (Linux) ou Packet Filter (BSD)"
"Comment protège-t-on individuellement un poste de travail ?","Antivirus, anti-spyware, firewall personnel et application régulière des correctifs de vulnérabilités"
"Qu'est-ce qu'un honeypot ?","Une machine connectée au réseau et volontairement de sécurité faible, destinée à attirer les attaquants"
"À quoi sert un honeypot ?","Distraire un attaquant pour protéger les machines sensibles, et découvrir de nouvelles techniques et de nouveaux outils d'attaque"
"Quelle est la différence entre un honeypot à faible et à forte interaction ?","Le honeypot à faible interaction récolte des informations à moindre risque en simulant des services ; celui à forte interaction donne de véritables accès aux attaquants, avec des risques bien plus importants"
"Citez des exemples de honeypots à faible interaction.","honeyd, honeytrap, nepenthes, ou Specter (commercial)"
"Citez un projet et un outil liés aux honeypots.","Le projet Honeynet et le réseau NoAH (European Network of Affined Honeypots) ; l'outil ROO HoneyWall pour les honeypots à forte interaction"
"Quelles sont les deux familles d'outils de détection d'intrusion ?","Les outils « host-based » qui analysent les journaux d'événements des équipements, et les outils « network-based » qui capturent et analysent le trafic à certains points du réseau"
"Pourquoi suivre les alertes des CERT en matière d'intrusion ?","Parce qu'un élément du SI concerné par une compromission signalée par le CERT a de fortes chances d'être aussi repéré par un attaquant, et l'attaque subie peut déjà faire l'objet d'une fiche de remédiation"
"Citez quatre comportements anormaux révélateurs d'une intrusion.","Impossibilité de se connecter, fichiers disparus, système de fichiers endommagé, connexions ou activités inhabituelles, services ouverts non autorisés, présence d'un sniffer, création ou destruction de comptes"
"Quelle est la première action à mener en cas de détection d'intrusion, selon l'ANSSI et le CERT ?","Déconnecter la machine du réseau, sans l'éteindre ni la redémarrer, pour ne pas perdre d'informations d'analyse (état des processus en cours notamment)"
"Comment et qui prévenir en cas d'intrusion détectée ?","Prévenir immédiatement le responsable sécurité et la hiérarchie, de préférence par téléphone ou de vive voix, car l'intrus peut lire les courriers électroniques échangés"
"Quel CERT les administrations françaises doivent-elles prévenir en cas d'intrusion ?","Le CERTA (aujourd'hui CERT-FR), contactable par courriel à contact@cert.ssi.gouv.fr"
"Pourquoi et comment faire une copie physique du disque d'une machine compromise ?","Pour préserver la valeur probatoire et garder l'état exact du système ; par une copie de bas niveau incluant les secteurs non occupés (commande dd sous Unix), jamais stockée sur le disque étudié"
"Que faire des traces d'intrusion trouvées sur les autres équipements du réseau ?","Les rechercher sur l'ensemble de l'environnement (pare-feu, routeurs, IDS), puis les copier, les dater et les signer numériquement"
"Faut-il contacter soi-même l'administrateur de la machine attaquante ?","Non : il faut laisser le CERT le faire, car il dispose des contacts et des outils, ses messages sont pris au sérieux et il constitue une autorité neutre"
"Pourquoi réinstaller entièrement l'OS d'une machine compromise ?","Parce que n'importe quelle partie du système (noyau, binaires, données, processus, mémoire) peut avoir été modifiée ; c'est le seul moyen d'éliminer toute porte dérobée. Supprimer seulement la vulnérabilité exploitée est insuffisant"
"Quelle est la règle de bon sens n°1 concernant les services d'un système ?","Ne démarrer que les services que le système doit offrir, et aucun autre : désactiver tous les services au départ et les activer au fur et à mesure des besoins"
"Après avoir corrigé les vulnérabilités d'un SI compromis, que faut-il faire des mots de passe ?","Modifier les mots de passe de tous les comptes du système d'information"
"En cas d'intrusion, qui est habilité à déposer plainte ?","Seule la direction de l'organisme, qui en porte l'autorité morale"
"Quels services spécialisés peuvent recevoir une plainte pour intrusion informatique ?","L'OCLCTIC (Office Central de Lutte contre la Criminalité liée aux TIC), la BEFTI (Brigade d'Enquêtes sur les Fraudes aux Technologies de l'Information) et la DCRI"
"En quoi consiste une attaque de mot de passe par force brute ?","À tester toutes les combinaisons possibles ; plus il y a de combinaisons, plus le temps moyen pour retrouver le mot de passe est long"
"En quoi consiste une attaque par dictionnaire ?","À tester une série de mots issus d'un dictionnaire, éventuellement transformés par des règles (majuscule, S remplacé par 5, ajout d'un chiffre) ; un mot de passe sans signification y résiste"
"Qu'est-ce qu'une attaque par compromis temps/mémoire ?","Une solution intermédiaire, plus rapide que la force brute et moins gourmande en mémoire que le dictionnaire complet, fondée sur des chaînes construites par hachage et réduction (tables arc-en-ciel)"
"Qu'est-ce qu'une attaque indirecte sur un mot de passe ?","Une attaque qui ne calcule pas le mot de passe mais le capture à la saisie (keylogger) ou le fait communiquer par supercherie (filoutage / phishing)"
"De quoi dépend la « force » d'un mot de passe ?","De sa longueur et du nombre de possibilités par caractère (minuscules, majuscules, chiffres, caractères spéciaux)"
"Quel est le paradoxe de la force d'un mot de passe ?","Un bon mot de passe doit être fort mais aussi facile à retenir : s'il est trop compliqué, l'utilisateur l'écrit sur un papier, ce qui ruine la sécurité"
"Décrivez la méthode phonétique de création de mot de passe.","Utiliser les sons des syllabes d'une phrase facile à retenir : « Usain Bolt a Couru le 100 en moins de 10 Secondes cet après-midi » devient « UBaClsansMe-2102nde7am »"
"Décrivez la méthode des premières lettres.","Garder les premières lettres d'une phrase, sans se limiter aux minuscules : « un tiens vaut mieux que deux tu l'auras » devient « 1tvmQ2tl'A »"
"Comment doit être fourni un mot de passe initial ?","De préférence sur un canal sûr ; s'il est fourni par l'administrateur ou sur un canal non confidentiel, il doit être changé dès la première connexion"
"Citez trois critères techniques d'une politique de mots de passe.","Longueur minimale obligatoire, interdiction de réutiliser les n derniers mots de passe, nombre de tentatives avant verrouillage, déblocage automatique après délai pour éviter les dénis de service"
"Pourquoi utiliser des mots de passe différents selon les services ?","Parce qu'un mot de passe n'est pas inviolable dans le temps : si un poste est compromis avec un keylogger, tous les mots de passe saisis sont capturés et l'impact dure tant qu'ils ne sont pas changés"
"Qu'est-ce qu'un mot de passe non rejouable (OTP) et quelle est sa limite ?","Un mot de passe à usage unique : une fois découvert il ne peut plus être réutilisé, mais il reste vulnérable aux attaques par interception (man in the middle)"
"Quelle alternative au mot de passe l'ANSSI recommande-t-elle si possible ?","L'usage d'un certificat d'authentification et d'une clé privée stockés sur une carte à puce qualifiée par l'ANSSI"
"Citez trois des huit recommandations minimales de l'ANSSI sur les mots de passe.","Des mots de passe différents par système (pro ≠ perso), non liés à l'identité, ne jamais faire créer son mot de passe par un tiers, changer les mots de passe par défaut au plus tôt, renouveler tous les 90 jours pour les données sensibles, ne pas les stocker en clair, configurer les logiciels pour qu'ils ne les retiennent pas"
"Qu'est-ce qu'une attaque DDoS par réflexion ?","Envoyer des paquets à des « réflecteurs » (machines répondant à toute source) en usurpant l'adresse IP de la victime, dont les liens sont saturés par les réponses non sollicitées"
"Qu'est-ce qu'une attaque DDoS par amplification ?","Exploiter des protocoles dont la réponse est bien plus volumineuse que la requête (DNS, NTP, SNMP, SSDP) pour générer un trafic volumétrique ; souvent combinée à la réflexion"
"Qu'est-ce qu'un « booter » ou « stresser » ?","Un service de DDoS en ligne, à tarif abordable, qui permet à un particulier de lancer des attaques contre la cible de son choix"
"Quel risque présente un pare-feu avec suivi de connexions placé devant un serveur à forte audience lors d'un DDoS ?","Il subit de plein fouet l'attaque et devient le point de défaillance, impactant tout le SI et plus seulement le service visé ; on augmente alors la taille des tables d'état"
"Qu'est-ce que le « blackholing » opéré par un opérateur de transit ?","Le rejet du trafic en fonction de sa destination (la victime) : cette mesure protège le reste du réseau mais rend le déni de service effectif pour la cible"
"Qu'est-ce qu'un CDN et en quoi aide-t-il contre les DDoS ?","Un Content Delivery Network : une infrastructure de serveurs répartis en data-centres, avec fonction de cache, géolocalisation d'IP et adressage anycast, qui répartit la charge et améliore la résistance aux attaques DDoS"
"Quelle est la limite d'une protection anti-DDoS par redirection DNS ?","Le trafic ne transite pas forcément par le fournisseur de protection, et un attaquant qui découvre l'adresse IP réelle peut accéder directement au serveur en contournant le CDN"
"Pourquoi le déroutement de trafic par annonces BGP protège-t-il mieux qu'une redirection DNS ?","Parce qu'il fait transiter l'intégralité du trafic d'un bloc d'adresses IP vers le fournisseur de protection, mais la souscription est plus onéreuse"
"Citez deux mesures organisationnelles de bon sens contre les DDoS.","Segmenter le réseau pour faciliter le filtrage et l'isolement (défense en profondeur), filtrer en bordure pour n'autoriser que les flux nécessaires, disposer d'outils de supervision et d'un annuaire de contacts à jour"
"À quoi sert la journalisation et que ne remplace-t-elle pas ?","C'est un moyen de détection (analyse en temps réel) et d'analyse a posteriori (comprendre le cheminement d'une attaque) ; elle ne remplace pas les mécanismes de protection, elle les complète"
"Pourquoi la synchronisation des horloges est-elle essentielle pour la journalisation ?","Un événement journalisé n'est pertinent que s'il peut être situé dans le temps ; les horloges doivent être synchronisées sur plusieurs sources internes cohérentes, elles-mêmes calées sur des sources externes fiables"
"Où doivent être exportés les journaux d'événements ?","Automatiquement sur une machine physique différente de celle qui les génère, et transférés vers un ou plusieurs serveurs centraux dédiés, redondés selon la taille du parc"
"Quel mode de transfert des journaux l'ANSSI privilégie-t-elle ?","Un transfert en temps réel, sans traitement préalable, en mode connecté et contrôlé (TCP plutôt qu'UDP), avec maîtrise de la bande passante utilisée"
"Sur quels principes repose la politique de rotation des journaux ?","Séparation par thèmes, rotation journalière avec convention de nommage et horodatage, compression après un délai, effacement local sur les serveurs clients de la centralisation"
"Combien de temps les FAI et hébergeurs doivent-ils conserver leurs journaux ?","Au minimum un an"
"Quel intérêt y a-t-il à signer et horodater les journaux dès leur création ?","Cela assure leur intégrité et accroît leur valeur probatoire en justice"
"Quel est le principe de « minimisation » pour sécuriser un système Linux ?","Supprimer tous les éléments logiciels superflus pour réduire la surface d'attaque, au niveau utilisateur (userland) comme au niveau du noyau et de ses modules"
"Quel service faut-il éliminer sur un serveur Linux, et que signifie « éliminer » ici ?","Le serveur X, service complexe et privilégié inutile sur un serveur ; « éliminer » signifie surtout empêcher son lancement automatique, pas forcément le désinstaller"
"Quelles options de montage un partitionnement Linux bien pensé permet-il d'appliquer ?","ro (lecture seule), nodev, noexec et nosuid, sur les partitions adaptées ; il évite aussi la saturation et simplifie la sauvegarde"
"Quelles solutions de cloisonnement Linux privilégier plutôt qu'un simple chroot ?","LXC, VServer ou OpenVZ, globalement plus robustes qu'un chroot dont l'isolation se limite au système de fichiers"
"Qu'est-ce que les SRP sous Windows ?","Les Software Restriction Policies, introduites avec Windows XP et Windows 2003 Server, qui restreignent l'exécution de programmes via une liste blanche de règles ; elles impactent tous les utilisateurs de la machine indifféremment"
"Quelle est la différence fondamentale entre SRP et AppLocker ?","Le champ d'application : SRP impacte tous les utilisateurs d'une machine indifféremment, alors qu'AppLocker peut cibler un utilisateur précis d'une machine ou d'un domaine ; on privilégie AppLocker"
"Quels types de fichiers AppLocker peut-il autoriser ou refuser ?","Les exécutables (.exe, .com), les Windows Installer (.msi, .mst), les scripts (.ps1, .bat, .cmd, .vbs, .js) et les bibliothèques (.dll, .ocx)"
"Quels sont les trois types de règles AppLocker ?","Les règles basées sur le chemin d'accès, sur la signature électronique d'un éditeur, et sur l'empreinte cryptographique SHA-256 d'un fichier"
"Quel type de règle AppLocker faut-il privilégier ?","Les règles basées sur la signature électronique, après s'être assuré que les certificats et autorités de certification sont de confiance, car c'est le meilleur compromis entre sécurité et souplesse d'administration"
"Citez deux limites ou contournements possibles d'AppLocker.","Les composants ActiveX peuvent instancier des programmes bloqués (ex. session RDP depuis un document Word) ; AppLocker ne contrôle pas le comportement d'un programme lancé, ni les codes interprétés (Perl, macros), ni les applications 16 bits (exécutées via NTVDM)"
"Quels sont les 9 domaines du guide d'hygiène de la sécurité des SI de l'ANSSI ?","Sensibiliser et former, Connaître le SI, Authentifier et contrôler les accès, Sécuriser les postes, Sécuriser le réseau, Sécuriser l'administration, Gérer le nomadisme, Maintenir le SI à jour, Superviser auditer réagir"
"Pourquoi former en priorité les équipes opérationnelles à la sécurité des SI ?","Parce qu'elles ont des accès privilégiés au SI et peuvent, par inadvertance ou méconnaissance, créer des vulnérabilités (comptes trop privilégiés, mots de passe faibles)"
"Quand un utilisateur doit-il être sensibilisé à la sécurité, et pourquoi ?","Dès son arrivée dans l'entité puis régulièrement, car chaque utilisateur est un maillon à part entière de la chaîne des systèmes d'information"
"Que doit exiger une entité d'un prestataire d'infogérance ?","La réversibilité du contrat, la possibilité de réaliser des audits, la sauvegarde et la restitution des données dans un format ouvert normalisé, et le maintien à niveau de la sécurité dans le temps"
"Que doit représenter le schéma (cartographie) simplifié du réseau à maintenir à jour ?","Les zones IP et le plan d'adressage, les équipements de routage et de sécurité, les interconnexions avec l'extérieur et les partenaires, et la localisation des serveurs détenteurs d'informations sensibles"
"Pourquoi inventorier les comptes sensibles ?","Parce que les comptes à droits spécifiques (administrateurs, accès aux répertoires des responsables, postes non administrés) sont des cibles privilégiées des attaquants ; l'inventaire doit être tenu à jour et revu périodiquement"
"Avec quelle fonction les procédures d'arrivée et de départ doivent-elles être définies, et que couvrent-elles ?","Avec la fonction ressources humaines ; elles couvrent la création/suppression des comptes et BAL, l'attribution/retrait des droits, les accès physiques (badges, clés), l'affectation des équipements mobiles et la gestion des mots de passe"
"Quels équipements peuvent se connecter au réseau de l'entité ?","Uniquement les terminaux maîtrisés par l'entité, sur les réseaux filaires comme sans fil ; les terminaux personnels et visiteurs doivent passer par un SSID Wi-Fi dédié"
"Pourquoi les comptes d'accès doivent-ils être nominatifs ?","Pour pouvoir attribuer une action à une personne en cas d'incident et identifier d'éventuels comptes compromis ; les comptes génériques (admin, user) doivent rester marginaux, hormis les comptes de service liés à un processus (apache, mysqld)"
"Comment protéger les mots de passe qui doivent être stockés ?","Au moyen de solutions sécurisées, au premier rang desquelles un coffre-fort numérique et des mécanismes de chiffrement ; l'utilisateur ne retient alors que le mot de passe du coffre-fort"
"Pourquoi faut-il modifier les éléments d'authentification par défaut dès l'installation ?","Parce qu'il faut partir du principe que les configurations par défaut sont systématiquement connues des attaquants, et qu'elles sont souvent triviales (mot de passe égal à l'identifiant, commun à tous les équipements)"
"Qu'est-ce que l'authentification forte selon l'ANSSI ?","L'utilisation de deux facteurs différents parmi : quelque chose que je sais (mot de passe), quelque chose que je possède (carte à puce, jeton, RFID, téléphone pour un code SMS), quelque chose que je suis (empreinte biométrique)"
"Quelles mesures constituent le niveau de sécurité minimal d'un poste ?","Limiter les applications et modules de navigateur aux seuls nécessaires, doter le poste d'un pare-feu local et d'un antivirus, chiffrer les partitions de données, désactiver les exécutions automatiques (autorun)"
"Comment traiter le risque des supports amovibles ?","Proscrire le branchement de clés USB inconnues (ramassées), limiter au maximum les clés non maîtrisées et, le cas échéant, faire inspecter leur contenu par l'antivirus du poste"
"Pourquoi activer le pare-feu local des postes de travail ?","Pour rendre plus difficile le déplacement latéral (rebond) d'un attaquant d'un poste à l'autre, les flux de poste à poste étant très rares dans un réseau bureautique classique"
"Comment transmettre des données sensibles par Internet ou par le Cloud ?","Les chiffrer systématiquement avant envoi ou hébergement, et transmettre le secret de déchiffrement via un canal de confiance ou un canal distinct (remise en main propre ou par téléphone)"
"Quel est le risque d'un réseau « à plat » sans cloisonnement ?","Chaque machine peut accéder à toute autre : la compromission d'une seule met en péril l'ensemble, un attaquant pouvant rebondir jusqu'à des serveurs critiques"
"Sur quoi repose la segmentation d'un réseau ?","Sur des zones regroupant des systèmes aux besoins de sécurité homogènes (serveurs d'infrastructure, serveurs métier, postes utilisateurs, postes administrateurs), chaque zone ayant VLAN et sous-réseaux IP dédiés, avec filtrage IP entre zones"
"Quels réglages de sécurité privilégier pour un réseau Wi-Fi professionnel ?","Un chiffrement robuste (WPA2, AES CCMP), une authentification centralisée si possible par certificats clients, et des SSID/VLAN distincts pour les terminaux personnels ou visiteurs ; un mot de passe unique partagé est déconseillé"
"Comment reconnaît-on souvent un protocole réseau sécurisé ?","À l'ajout de la lettre « s » (secure) à son acronyme (https, IMAPS, SMTPS, POP3S), ces protocoles reposant sur TLS ; SSH a par ailleurs été conçu pour remplacer Telnet et Rlogin"
"Comment cloisonner les services hébergés en interne et visibles depuis Internet ?","Les faire administrer par des personnels compétents et disponibles (sinon externaliser), cloisonner physiquement l'infrastructure d'hébergement du reste du SI, et imposer le passage des flux entrants par un reverse proxy embarquant des mécanismes de sécurité"
"Pourquoi la messagerie doit-elle être particulièrement protégée ?","Parce qu'elle est le principal vecteur d'infection du poste de travail (pièces jointes malveillantes, liens vers des sites piégés) ; il faut un antivirus en amont des boîtes aux lettres et le chiffrement TLS des échanges"
"Pourquoi proscrire la redirection de messages professionnels vers une messagerie personnelle ?","Parce que cela constitue une fuite irrémédiable d'informations de l'entité ; il faut fournir des moyens maîtrisés et sécurisés d'accès distant à la messagerie professionnelle"
"Comment sécuriser une interconnexion réseau avec un partenaire via Internet ?","Établir un tunnel site à site, de préférence IPsec, et effectuer un filtrage IP par pare-feu au plus près de l'entrée des flux, le partenaire étant considéré par défaut comme non sûr et la matrice des flux réduite au juste besoin"
"Comment protéger l'accès physique aux salles serveurs et locaux techniques ?","Contrôler les accès par serrures ou badges, proscrire les accès non accompagnés des prestataires (sauf traçage strict et plages horaires), réviser régulièrement les droits, retirer les droits au départ, et restreindre ou désactiver les prises réseau des zones publiques"
"Pourquoi un poste d'administration ne doit-il pas accéder à Internet ?","À cause des risques que font peser la navigation Web (sites piégés) et la messagerie (pièces jointes) sur son intégrité ; les administrateurs disposent d'un poste distinct pour ces usages"
"Comment cloisonner un réseau d'administration ?","En priorité par un cloisonnement physique, à défaut par un cloisonnement logique cryptographique reposant sur des tunnels IPsec, au minimum par un cloisonnement logique par VLAN"
"Quel niveau de privilèges un utilisateur doit-il avoir par défaut sur son poste de travail ?","Aucun privilège d'administration, quelle que soit sa position hiérarchique, afin de limiter les conséquences de l'exécution d'un code malveillant ; un magasin d'applications validées répond à la majorité des besoins"
"Quelles mesures physiques pour les terminaux nomades ?","Sensibiliser les utilisateurs à les garder à portée de vue, les banaliser (pas de logo de l'entité) et poser un filtre de confidentialité sur chaque écran"
"Pourquoi chiffrer les données stockées sur du matériel nomade, et par quoi commencer ?","Parce que ce matériel est fréquemment perdu ou volé dans l'espace public ; il est conseillé de commencer par un chiffrement complet du disque avant d'envisager le chiffrement d'archives ou de fichiers, qui peuvent laisser des restes non chiffrés"
"Quel type de VPN l'ANSSI recommande-t-elle pour un poste nomade et comment le configurer ?","Un tunnel VPN IPsec vers une passerelle de l'entité, établi automatiquement et non débrayable par l'utilisateur, de sorte qu'aucun flux ne circule en dehors du tunnel"
"Sous quel délai appliquer les correctifs de sécurité publiés par un éditeur ?","Dans le mois qui suit leur publication, sur l'ensemble des composants du système, en s'informant des nouvelles vulnérabilités via le CERT-FR"
"Que faire des composants obsolètes qui ne sont plus supportés par leur fabricant ?","Les isoler du reste du système, par un filtrage strict des flux réseau et par des secrets d'authentification dédiés à ces systèmes"
"Pendant combien de temps conserver les événements critiques pour la sécurité, et pourquoi synchroniser le temps ?","Au moins un an (ou plus selon les obligations légales) ; la source de synchronisation de temps (NTP) doit être identique sur tous les composants pour pouvoir corréler les événements"
"Que doit contenir une politique de sauvegarde ?","La liste des données vitales et serveurs concernés, les types de sauvegarde (dont le mode hors ligne), la fréquence, la procédure d'exécution, le stockage et les restrictions d'accès, les tests de restauration et la destruction des supports"
"À quelle fréquence auditer le SI et que ne prouve jamais un audit ?","Au moins une fois par an ; un audit peut mettre en évidence des vulnérabilités mais ne constitue jamais une preuve de leur absence"
"Quel est le rôle du référent en sécurité des SI ?","Être le premier contact connu de tous pour la sécurité : définir les règles selon le contexte, vérifier leur application, sensibiliser et former les acteurs, centraliser et traiter les incidents ; il doit être formé à la SSI et à la gestion de crise"
"Quel est le bon réflexe en cas d'incident de sécurité sur une machine ?","La déconnecter du réseau pour stopper l'attaque, mais la maintenir sous tension et ne pas la redémarrer pour ne pas perdre d'informations d'analyse, puis prévenir la hiérarchie et le référent SSI"
"Qu'est-ce qu'un PRIS ?","Un Prestataire de Réponse aux Incidents de Sécurité, que le référent SSI peut contacter pour réaliser les opérations techniques (copie physique du disque, analyse de la mémoire et des journaux, recherche de codes malveillants)"
"Quelles sont les trois grandes architectures de stockage en réseau ?","Le DAS (Direct Attached Storage), le NAS (Network Attached Storage) et le SAN (Storage Area Network)"
"Qu'est-ce que le DAS et quand reste-t-il privilégié ?","Un stockage en attachement direct (disque ou baie SCSI/SAS) auquel un seul serveur accède ; il est de moins en moins utilisé mais reste privilégié pour les sites déconcentrés et les serveurs de développement, en petite volumétrie"
"Qu'est-ce qu'un NAS ?","Un serveur dédié (parfois appelé Filer) spécialisé et optimisé pour le stockage, connecté au réseau local, qui met les données à disposition sous forme de répertoires partagés"
"Quel est l'inconvénient et l'avantage principal d'un NAS ?","Inconvénient : il partage la bande passante du réseau local, d'où de possibles dégradations des temps de réponse ; avantage : coût réduit, car seul le serveur NAS est à budgéter, le réseau Ethernet étant déjà présent"
"Qu'est-ce qu'un SAN ?","Un réseau dédié au stockage, s'appuyant sur le protocole Fibre Channel, FCoE (Fibre Channel over Ethernet) ou iSCSI"
"Quelles sont les trois topologies d'un SAN ?","Le mode point à point, le mode fabric (à base de commutateurs) et la boucle arbitrée (Arbitrated Loop)"
"Comment obtenir une architecture SAN redondante sans SPOF ?","En créant deux fabrics séparées et en installant deux cartes FC (HBA) sur les serveurs et les baies, ce qui permet le multi-pathing (plusieurs chemins d'accès aux données)"
"Qu'est-ce qu'une carte HBA ?","Un Host Bus Adapter : la carte spécifique dont chaque serveur doit être équipé pour se connecter au réseau de stockage SAN ; on en installe deux pour pouvoir basculer en cas de panne"
"À quoi servent les ISL dans un SAN ?","Les Inter Switch Link relient entre eux les commutateurs (switches) pour constituer le cœur de réseau des fabrics"
"Qu'apporte le protocole iSCSI dans un SAN ?","Il encapsule des commandes SCSI dans des paquets IP, ce qui permet un stockage de moyenne volumétrie à prix réduit en s'appuyant sur le réseau existant, mais peu performant"
"Que permet le protocole FCoE ?","Faire transiter des trames Fibre Channel sur un support Ethernet par encapsulation ; il fait cohabiter LAN et SAN sur les mêmes cartes, mais impose des cartes et switches spécifiques"
"Que fournit le RAID 0 et quel est son défaut ?","Le stripping de bandes sans copie : il accélère les lectures/écritures simultanées mais n'offre aucune sécurité"
"Que fournit le RAID 1 ?","Le mirroring : une protection par duplication des données sur des disques distincts, au prix d'une réduction de la capacité de stockage"
"Comment fonctionne le RAID 5 et combien de disques exige-t-il ?","Du stripping de bandes avec une parité répartie sur chaque disque ; il nécessite au moins trois disques et offre un très bon niveau de sécurité"
"Quelle est la différence entre RAID 5 logiciel et matériel ?","Le RAID logiciel est moins onéreux avec des performances acceptables ; le RAID matériel offre les meilleurs débits car une carte physique dédiée décharge totalement le processeur de la gestion des entrées/sorties et de la parité"
"Qu'est-ce qu'un disque de spare et la fonction hot-plug ?","Un disque de spare reprend automatiquement la place d'un disque tombé en panne ; le hot-plug permet l'ajout et le changement de disque à chaud"
"Quelle est la différence entre disques SATA et SAS pour le stockage ?","Les SATA ont une haute capacité (jusqu'à 2 To) mais une vitesse basse (7500 tr/min), adaptés au test et au développement ; les SAS ont une capacité moindre (500-600 Go) mais tournent à 15 000 tr/min, adaptés à la production et aux bases de données"
"Qu'est-ce que la dé-duplication de stockage ?","Une technique où, au lieu de conserver plusieurs copies d'un même bloc, on n'écrit qu'un seul bloc partagé par un système de pointeurs ; les blocs redondants sont éliminés"
"Qu'est-ce que le thin provisioning (surbooking) ?","Une méthode qui met à disposition seulement l'espace réellement occupé tout en promettant la volumétrie initialement prévue"
"Que sont les snapshots et les clones sur une baie de stockage ?","Les snapshots sont des copies instantanées, totales ou incrémentales, servant aux sauvegardes ; les clones sont des copies identiques d'un volume, d'un LUN ou d'une machine virtuelle"
"Qu'est-ce que le HSM (Hierarchical Storage Management) ?","Une fonction de stockage hiérarchisé qui migre les données peu sollicitées vers des supports de longue durée, de type VTL (Virtual Tape Library)"
"À quoi sert le protocole NDMP ?","Network Data Management Protocol : un protocole réseau qui réduit le trafic et améliore l'utilisation des fenêtres de sauvegarde ; c'est une bonne solution pour sauvegarder les NAS en répartissant les délais dans le temps"
"Quels protocoles de partage de fichiers sont associés à chaque monde ?","SMB/CIFS pour Windows (Server Message Block / Common Internet File System), NFS pour Unix/Linux (Network File System), NCP pour Novell (Network Core Protocol)"
"Quelle norme définit le protocole Fibre Channel ?","La norme ANSI X3T11, avec la fibre optique comme média habituel"
"Comment sont regroupées les couches FC_0, FC_1 et FC_2 de Fibre Channel ?","Dans une couche physique commune appelée FC_PH : FC_0 assure l'adaptation au médium, FC_1 l'encodage/décodage 8b/10b, FC_2 (cœur du protocole) le découpage, le réassemblage et le contrôle de l'ordre des trames"
"Quel est le rôle des couches FC_3 et FC_4 de Fibre Channel ?","FC_3 offre des services comme le multicast et le stripping (plusieurs liens en parallèle pour multiplier la bande passante) ; FC_4 sert d'interface pour les applications encapsulées (SCSI, IP, AAL5, IPI via les ULP)"
"Pourquoi la puissance d'un groupe électrogène de secours peut-elle chuter de 40 % ?","À cause de la pollution harmonique générée par les alimentations des matériels ; d'où l'obligation que tous les matériels respectent la norme PFC (Power Factor Correction)"
"Que fixe la norme ANSI/TIA 942 pour les centres de données ?","Des règles réparties en quatre niveaux (tiers) de disponibilité"
"Pourquoi vérifier régulièrement l'état des sauvegardes de secours ?","Parce qu'un virus peut affecter le site principal en même temps que le site de secours ; le Plan de Continuité d'Activités (PCA) n'élimine pas toutes les menaces mais fournit des solutions de secours en cas de sinistre"
"Qu'est-ce qu'un NAS dans le contexte de l'accès distant ?","Un Network Access Server : l'équipement qui assure l'interface entre le réseau de l'entreprise et l'utilisateur nomade se connectant par modem via le réseau téléphonique"
"Quel débit maximal offre un accès distant par modem sur liaison analogique ?","56 kbit/s, ce qui limite l'usage d'applications exigeantes comme le partage de fichiers SMB ou NFS"
"Pourquoi l'accès distant par le RTC est-il considéré comme naturellement sécurisé ?","Parce que le réseau d'un opérateur téléphonique (boucle locale incluse) est difficile à espionner : une écoute sur une liaison dédiée non partagée est plus difficile qu'un sniffing sur un réseau local commuté"
"Quel protocole assure la communication entre la machine de l'utilisateur et le NAS ?","PPP (Point to Point Protocol) : un protocole de bas niveau qui encapsule IP et offre des mécanismes d'authentification"
"Quels sont les trois éléments impliqués dans le processus d'authentification d'un accès distant ?","Le client logiciel de l'utilisateur nomade, le NAS (ou serveur VPN) et le serveur d'authentification"
"Quelle est la différence entre PAP et CHAP ?","Avec PAP (Password Authentication Protocol) le mot de passe transite en clair ; avec CHAP (Challenge Handshake Authentication Protocol) il est transmis sous forme hachée, ce qui explique que CHAP soit privilégié"
"Quel rôle le NAS joue-t-il vis-à-vis de RADIUS ?","Il est client RADIUS : il échange les informations d'authentification avec le proxy RADIUS, lui-même client du serveur RADIUS configuré pour n'accepter que les requêtes du proxy"
"Qu'est-ce que PPP ECP ?","La version chiffrée de PPP (Encryption Control Protocol), qui assure la confidentialité entre l'utilisateur nomade et le NAS, mais que peu de logiciels clients implémentent"
"Qu'est-ce qu'un VPN-RAS ?","Un Virtual Private Network – Remote Access Service : une connexion à distance au réseau de l'entreprise établie au travers du réseau Internet"
"Pourquoi l'accès distant par Internet impose-t-il des outils de sécurité renforcés ?","Parce qu'Internet est un milieu hostile où l'authentification (contre l'usurpation d'identité) et la confidentialité (contre l'exploitation de données interceptées) doivent supporter de fortes contraintes"
"Citez trois moyens d'accès physique possibles pour un VPN-RAS.","Une connexion ADSL depuis le domicile (jusqu'à 20 Mbit/s), un réseau Ethernet d'une entreprise externe, un accès WiFi depuis un hôtel, un modem GPRS/UMTS (jusqu'à 384 kbit/s)"
"Quelles menaces pèsent sur un accès distant via Internet, contrairement au RTC ?","L'interception de trafic sur support partagé (WiFi) ou commuté (Ethernet), l'usurpation d'identité au niveau MAC (ARP-spoofing) ou DNS (DNS-spoofing), et les attaques de type homme du milieu"
"À quoi sert le protocole ISAKMP dans l'établissement d'un tunnel VPN IPSec ?","À permettre au client et au serveur VPN de négocier les paramètres du tunnel : algorithme de chiffrement (3DES, AES), algorithme d'intégrité (MD5, SHA1), trafic à protéger, durée de vie des clés"
"Qu'est-ce qu'une Association de Sécurité (SA) dans IPSec ?","L'ensemble des paramètres négociés entre le client et le serveur VPN, à partir desquels le chiffrement et l'intégrité sont appliqués à chaque paquet"
"Quel type de trafic circule dans le tunnel une fois la connexion VPN établie ?","Du trafic ESP (Encryption Security Payload), auquel les fonctions de chiffrement et d'intégrité sont appliquées paquet par paquet à partir de la SA"
"Sur quoi repose l'authentification mutuelle entre la machine nomade et le serveur VPN ?","Sur des certificats signés par une autorité de certification locale à l'entreprise, échangés durant la négociation ISAKMP, ce qui limite l'usurpation du serveur VPN"
"Pourquoi parle-t-on d'authentification forte et flexible dans un VPN-RAS IPSec ?","Forte car elle combine l'authentification mutuelle par certificats et un couple login/mot de passe (double authentification) ; flexible car elle ne nécessite pas de gestion de PKI complète"
"Quels trois services le protocole RADIUS assure-t-il lors d'une connexion externe ?","L'authentification, l'autorisation (vérification de l'habilitation de l'utilisateur) et la trace (enregistrement de tickets à chaque connexion et déconnexion)"
"Avec quelles bases de données un service RADIUS est-il souvent couplé ?","LDAP et SQL, pour constituer une solution d'accès distant cohérente et robuste"
"Quelles mesures de sécurité physique protègent les équipements d'accès distant ?","Local sécurisé avec badge ou code, courant stabilisé offrant 3 heures d'autonomie, lecteur CD-ROM et ports USB désactivés (contre les Live CD), bases d'authentification illisibles hors super-utilisateur, sauvegarde quotidienne des disques"
"De quel type sont majoritairement les attaques visant les équipements de terminaison d'accès distant ?","Des attaques de disponibilité (déni de service / DoS), notamment via Internet sur les routeurs Cisco IOS, d'où des mises à jour régulières de l'IOS"
"Pourquoi le serveur VPN d'un routeur Cisco 3745 embarque-t-il un module de chiffrement matériel ?","Pour obtenir des performances acceptables : il évite de réaliser au niveau du CPU des opérations de chiffrement coûteuses qui satureraient rapidement l'équipement"
"Comment le serveur d'authentification RADIUS doit-il être positionné dans l'architecture ?","Isolé des différents réseaux, de façon à n'être accessible que par les clients RADIUS (serveurs VPN, NAS) et les proxies RADIUS ; un serveur secondaire prend le relais du primaire en cas d'indisponibilité"
"Quelle est la principale finalité de l'administration réseau ?","Apporter une qualité de service (QdS ou QoS, Quality of Service) aux utilisateurs, alors que le réseau est constitué d'éléments actifs ayant chacun leur propre niveau de qualité"
"Quelles sont les deux approches contradictoires de la qualité de service ?","Celle des fournisseurs, opérateurs et équipementiers (satisfaire diverses populations à coût minimal) et celle de l'utilisateur final (obtenir de façon transparente un service compatible avec ses besoins à coût minimal)"
"Pourquoi un réseau fiable à 98 % n'est-il pas forcément satisfaisant ?","Parce que ce chiffre satisfait les techniciens mais pas l'utilisateur particulier dont le flux a été perturbé par les 2 % de défaillances ; l'utilisateur a besoin du niveau de qualité pour chacune de ses transactions, pas d'une moyenne"
"Quelle recommandation fournit un cadre de description du concept de qualité de service ?","La recommandation E.800 de l'UIT-T, qui distingue la « qualité de service » attendue par les utilisateurs et la « qualité de fonctionnement » offerte par le réseau"
"Comment la recommandation E.800 définit-elle la qualité de service attendue ?","Comme l'effet global produit par les caractéristiques d'un service qui déterminent le degré de satisfaction que l'usager en retire ; elle ne désigne pas un degré d'excellence comparatif et se mesure au point d'accès du service (SAP)"
"Qu'est-ce que la « qualité de fonctionnement » au sens de la recommandation E.800 ?","L'aptitude d'un réseau ou d'un élément de réseau à assurer les fonctions liées aux communications entre usagers ; elle s'applique à la planification, au développement, à l'exploitation et à la maintenance du réseau"
"Quels sont les quatre critères de la qualité de service ?","La disponibilité, la fiabilité, le délai (temps de réponse mesuré de bout en bout) et la capacité"
"Quelles sont les trois phases du service de transfert de l'information ?","L'accès (établissement de la connexion), le maintien de la connexion pour le transfert, et la libération (restitution des ressources utilisées)"
"Que recouvre le temps de transfert de l'information ?","La somme du temps de transit et du temps de traitement, ce qui correspond au temps de réponse global"
"Quels sont les trois niveaux graduels de fonctionnement d'un réseau ?","L'indisponibilité totale, le fonctionnement défectueux (question de fiabilité) et le réseau disponible et fiable mais pas fidèle (délais non garantis lors des pointes de trafic)"
"Comment un utilisateur perçoit-il la fiabilité d'un réseau ?","Comme la probabilité de pouvoir mener une session à terme sans interruption, avec un taux d'erreur acceptable et négocié pour son application"
"Quelles trois valeurs un critère de QdS peut-il prendre ?","Une valeur de conception (possibilités maximales), une valeur courante (surveillée en exploitation) et une valeur seuil (déclenchement d'alarmes)"
"Quelle est la différence entre mode connecté et mode non connecté vis-à-vis de la disponibilité ?","Le mode connecté vérifie et réserve les ressources nécessaires avant de transmettre, via une commande d'appel ; le mode non connecté envoie les informations directement sans vérification préalable"
"Quels sont les trois niveaux d'accessibilité analysés pour la disponibilité ?","L'accessibilité d'un service (probabilité qu'il soit obtenu à la demande), l'accessibilité d'un réseau (probabilité de recevoir le signal d'invitation à numéroter) et l'accessibilité d'une connexion (probabilité qu'une chaîne de connexion soit établie)"
"Quels paramètres caractérisent la fiabilité d'un transfert ?","Le taux de perte au niveau de chaque nœud, les taux de dé-séquencement et de duplication de l'information, et les taux d'erreurs induits par la qualité des liens"
"Quel paramètre est associé au critère de capacité d'un réseau ?","Le taux de charge, obtenu en évaluant la charge restante et optimale de chaque composant (mémoire, bande passante) ; pour l'utilisateur, la capacité se mesure au volume à transmettre par unité de temps"
"Quels paramètres décrivent la QdS d'un équipement ?","La puissance-machine, exprimée en Mips (Millions d'Instructions Par Seconde), et l'espace mémoire"
"Quelles couches OSI sont impliquées dans la QdS d'un réseau entre deux éléments ?","Les trois couches basses : Physique (1), Liaison de données (2) et Réseau (3)"
"Quelles sont les trois fonctionnalités principales d'un nœud de niveau 3 (couche Réseau) ?","Le contrôle de congestion, le routage et l'adressage ; il gère les paquets d'un datagramme, là où le niveau 2 gère les trames"
"Comment évalue-t-on la QdS d'un commutateur de réseau local (couche 2) ?","Disponibilité = taux d'accessibilité des processus MAC aux ports ; fiabilité = taux de perte lié au dimensionnement des buffers ; délai = temps de mise en mémoire ; capacité = nombre de trames relayées par seconde"
"Quels sont les trois types de contrats de QdS d'un service ?","Le contrat de service offert par le réseau (vision externe globale, valeurs moyennes), le contrat de service offert par un équipement (nœud), et le contrat de dialogue (caractéristiques du dialogue entre éléments de service)"
"Qu'est-ce que la notion de PAYLOAD dans la QdS d'une application ?","Le fait que le débit applicatif attendu (volume utile par unité de temps) doit être augmenté des informations de contrôle des protocoles de toutes les couches traversées, ce qui le distingue du débit normalisé des câbles"
"Pourquoi le surdimensionnement ne suffit-il plus à assurer la QoS sur Internet ?","Parce qu'il ne peut pas s'appliquer indéfiniment et que la nature d'Internet (mode sans connexion, service best-effort) ne permet ni une qualité de service constante ni des priorités entre types de trafic"
"À quoi la QoS pour Internet est-elle généralement assimilée ?","À la discrimination des services, c'est-à-dire à la définition de classes différenciées de services, ce qui implique aussi de garantir un service en réservant des ressources"
"Quels sont les quatre critères de mesure de la qualité utilisés dans le monde de l'Internet ?","Le délai (temps entre envoi et réception, files d'attente comprises), la gigue (variation du délai de bout en bout), la bande passante (débit maximum maintenu entre deux points) et la disponibilité (taux moyen d'erreurs sur une liaison)"
"Citez des algorithmes de gestion des files d'attente participant à la QoS.","FIFO (First In First Out), Priority queuing, Class-based queuing et Weighted Fair Queuing"
"À quoi sert le trafic shaping ?","À contrôler le volume de trafic entrant dans le réseau ainsi que le débit avec lequel il est transmis, en alternative ou en complément des files d'attente non FIFO"
"Comment fonctionne le protocole RSVP ?","Il établit et maintient un état logiciel entre les nœuds du chemin réservé ; c'est le destinataire qui est responsable de la réservation des ressources : l'émetteur lui envoie ses exigences, et le destinataire renvoie par le même chemin un message fixant la réservation dans chaque nœud"
"Quel rôle joue la couche transport vis-à-vis de la qualité de service ?","Elle est garante de la qualité de service fournie par la couche réseau : si celle-ci est sans faille, le travail est simple ; sinon la couche transport comble le fossé entre ce que désire l'utilisateur et ce que fournit la couche réseau"
"Citez trois paramètres de QdS spécifiés par l'utilisateur à la couche transport.","Le temps d'établissement de la connexion, la probabilité d'échec d'établissement, le débit de la liaison, le temps de transit, le taux d'erreur résiduel, la protection, la priorité et la résiliation"
"Que sont un nœud, un lien et un réseau dans la terminologie de la QdS ?","Un nœud est un objet capable de traitements (commutateur, ordinateur, processus...) ; un lien assure le transfert entre nœuds (câble, faisceau hertzien, circuit virtuel...) ; un réseau est un ensemble de nœuds et de liens de même nature coopérant pour fournir un service"
"Quelle jauge de performance les utilisateurs retiennent-ils pour un réseau d'entreprise ?","Sa conformité aux objectifs de qualité de service, qualitatifs et quantitatifs, définis dans le cahier des charges de conception, le terme « performance » n'ayant pas de définition normalisée"
"Quelle mesure préventive protège contre l'usurpation volontaire d'adresses réseau ?","Garder confidentiels, dans la mesure du possible, les plans de numérotation décrivant le mode d'affectation des adresses"
"Comment définit-on la mobilité en entreprise ?","Permettre à un collaborateur nomade, ponctuel ou permanent, de reconstituer à distance son univers d'information et de communication en tous lieux et à tout moment, ce qu'on appelle le VHE (Virtual Home Environment)"
"Que signifie l'acronyme VHE ?","Virtual Home Environment : l'environnement informatique de l'entreprise (ressources, accès, applications métier) reconstitué à distance sur le terminal mobile"
"Quel est le corollaire attendu de la mobilité pour l'entreprise ?","Optimiser les processus métier et accélérer la prise de décision en diminuant les délais transitoires, pour dégager des gains de productivité"
"Quels sont les quatre grands axes de mobilité retenus pour une société commerciale ?","La chaîne d'approvisionnement (supply chain), les fonctions commerciales (sales force), l'intervention sur le terrain (field force) et les fonctions managériales de pilotage"
"Quelle est la différence entre mobilité réduite et mobilité complète ?","La mobilité réduite donne accès aux fichiers en mode déconnecté avec synchronisation à la reconnexion ; la mobilité complète donne accès aux fichiers et aux applications métier en temps réel, avec des synchronisations régulières"
"Quels usages distinguent un smartphone d'un assistant personnel (PDA) ?","Le smartphone répond à un besoin de communications téléphoniques et de quelques fonctions avancées ; le PDA répond à des attentes de saisie et de consultation d'informations, avec synchronisation régulière à un portable via Bluetooth"
"Quels systèmes d'exploitation équipaient les terminaux mobiles de l'époque ?","Symbian OS v9 (consortium Psion, Nokia, Ericsson, Panasonic, Motorola), Windows Mobile v5 (Microsoft) et Palm OS (Palm Source, déclinaisons Cobalt et Garnet)"
"Quelles sont les trois portées des fonctions communicantes d'un terminal mobile haut de gamme ?","La proximité avec Bluetooth (impression locale, échange de fichiers, synchronisation), le bureau avec WiFi (impression réseau, synchronisation métier) et l'étendue avec GSM (téléphonie) et GPRS/Edge/UMTS (connexion à distance au réseau d'entreprise)"
"À quoi correspondent les catégories WPAN, WLAN et WWAN de réseaux sans fil ?","WPAN au Bluetooth, WLAN aux normes 802.11 du WiFi et à HyperLan2, WWAN aux réseaux des opérateurs mobiles (GSM/GPRS/Edge, UMTS/HSDPA) et de transport (BLR, WiMax)"
"Que permet la technologie Edge par rapport au GPRS ?","Elle multiplie les débits du GPRS par 4 en modifiant les équipements du réseau GSM"
"Qu'apporte le HSDPA par rapport à l'UMTS ?","Dite 3G+, elle multiplie les débits de l'UMTS jusqu'à 14,4 Mbit/s (contre 1,92 Mbit/s pour l'UMTS et 473 kbit/s pour l'Edge), en ajoutant la modulation 16QAM et des mises à jour logicielles sur les stations de base"
"Qu'est-ce que le roaming dans le contexte de la mobilité ?","La possibilité de changer de réseau d'opérateurs sans perdre la communication en cours ; le transport des données doit aussi rester possible quelle que soit la technologie, ce qui n'était pas encore acquis"
"Comment évolue la facturation des services de mobilité ?","Elle s'applique désormais au volume de données échangées (pay per use) et non plus au temps de connexion, ce qui permet de rester connecté pendant la rédaction"
"Pourquoi une solution de mobilité doit-elle être mutualisée et unique pour tous les applicatifs ?","Parce que si chaque application possède sa propre solution de mobilité, les coûts deviennent prohibitifs"
"Comment doivent être gérés les terminaux mobiles dans le système d'information de l'entreprise ?","Ils doivent être pris en charge par les fonctions d'inventaire matériel et logiciel, et confiés à une équipe technique pour la configuration et la mise à jour à distance, garantie d'une sécurisation optimale"
"À quoi sert un client de gestion installé sur un terminal mobile ?","À supporter la configuration et les mises à jour à distance ; un client intelligent peut programmer des alertes vers un serveur central en cas de dysfonctionnement d'un composant ou de vol"
"Comment localise-t-on les terminaux mobiles pour le Device Management ?","Par géo-localisation GPS (utile pour une flotte logistique) ou par triangulation GSM"
"Quelles méthodes d'authentification sont possibles pour l'accès en mobilité ?","Une authentification faible (login / mot de passe) ou une authentification forte (par certificat), portant à la fois sur l'utilisateur et sur la machine"
"Que recouvre la vérification de conformité du poste avant un accès en mobilité ?","Le contrôle de l'antivirus, la présence des mises à jour de sécurité et l'activation du pare-feu local"
"Quels choix de transport des flux se posent pour une solution de mobilité ?","Le choix d'une technologie de VPN (VPN SSL ou VPN IPsec) et le choix de chiffrer ou non la communication ; les accès distants existants doivent être migrés aux normes du projet"
"Quels composants une DMZ de solution de mobilité intègre-t-elle ?","Un mécanisme de contrôle de la conformité des postes (bastion IPS), un pare-feu applicatif, un reverse proxy, une fonction de cache, un serveur d'authentification, une fonction VPN, un antivirus, et la rupture protocolaire avec NAT"
"Quels privilèges les utilisateurs et les administrateurs ont-ils sur les postes de mobilité ?","Les utilisateurs disposent exclusivement de droits utilisateurs ; pour les administrateurs, on répartit et détermine un niveau de droits sur l'ensemble du système d'information"
"Quelles options de sécurité définit-on pour un poste de travail mobile ?","Un niveau de sécurité du poste, des critères d'autonomie et de gestion de l'énergie, le durcissement du noyau, les options de mise à jour et de reset à distance, et le choix des logiciels de sécurité (pare-feu, clé d'authentification, antivirus, client de chiffrement de bout en bout)"
"Que faut-il vérifier au niveau applicatif pour une solution de mobilité ?","Par type d'application, la fourniture en mode distant d'un service équivalent à celui du réseau local, et l'anticipation des évolutions comme la réécriture de modules adaptés à la taille des écrans"
"De quels mots « Internet » est-il la contraction ?","Interconnection et Network : un système permettant à un ensemble de réseaux de communiquer, doublé d'un ensemble de normes et de services"
"Quelle est la différence entre Internet, Intranet et Extranet ?","L'Intranet limite la collectivité aux salariés d'une entreprise ; l'Extranet y ajoute les fournisseurs et les clients ; l'Internet est ouvert à tous"
"Quel était le nom initial d'Internet et qui l'a créé ?","Arpanet, créé en 1969 par l'armée américaine via la DARPA ; le Web a été développé par le CERN en 1992"
"Quels sont les quatre types de points de concentration d'Internet ?","Les MAE (Metropolitan Area Exchange, Worldcom), les NAP (Network Access Point, NSF), les PPP (Private Peering Point, entre ISP) et les ISP (Internet Service Provider) qui s'y raccordent moyennant redevance"
"Pourquoi n'y a-t-il aucune garantie de service sur Internet ?","Parce qu'Internet est une collection de réseaux gérés par des opérateurs privés ou gouvernementaux : les temps de réponse dépendent de la charge et les pannes sont réelles"
"Comment la Commission générale de terminologie définit-elle un intranet ?","Un réseau de télécommunication et de téléinformatique destiné à l'usage exclusif d'un organisme et utilisant les mêmes protocoles et techniques que l'internet"
"Qu'est-ce qu'un client léger (Thin Client) ?","Une machine cliente dotée d'un navigateur qui ne fait qu'interpréter l'affichage de pages web, rendant l'accès aux ressources indépendant du matériel et du logiciel du poste"
"Sur quelle architecture repose un intranet dans son organisation la plus simple ?","Une architecture à trois niveaux : le client (navigateur), le serveur web couplé à un serveur d'application, et le serveur de base de données"
"Comment un intranet devient-il un extranet ?","Lorsque tout ou partie de l'intranet est étendu hors de l'entreprise par VPN ou liaisons louées pour communiquer avec des organismes extérieurs (clients, fournisseurs), favorisant l'échange de données informatisé (EDI)"
"Qu'est-ce qu'un PGI (ERP) ?","Un Progiciel de Gestion Intégré (Enterprise Resource Planning) : un ensemble de modules applicatifs travaillant sur une base de données unique, constituant une solution métier transversale pour le pilotage et la cohérence des processus"
"Combien de temps dure généralement la mise en place d'un ERP et quels éditeurs pour les grands comptes ?","Entre six mois et trois ans ; pour les grands comptes : SAP, Oracle, PeopleSoft ; offres plus légères : Sage, Cegid ; Open Source : Compiere"
"Sur quoi repose le knowledge management (management des connaissances) ?","Sur des systèmes de gestion documentaire pour identifier les connaissances, et sur des annuaires du savoir pour localiser les compétences dans l'entreprise"
"Quelles sont les trois fonctionnalités principales des outils de groupware ?","La communication, la coopération (travailler ensemble, partager des bases de connaissances) et la coordination (gestion du temps, des tâches, workflow)"
"À quoi sert un outil de workflow ?","À ordonnancer, router et suivre les travaux d'un projet mené par plusieurs collaborateurs : stockage des documents, planification des tâches, agendas, alertes aux managers en cas de retard"
"Quels enjeux financiers l'intranet présente-t-il ?","Il s'appuie sur les réseaux privés existants, allège les postes clients (client léger, postes banalisés), réduit les coûts de maintenance des machines et les coûts papier"
"Qui a donné la première définition de l'extranet ?","Bob Metcalfe, créateur d'Ethernet : « les extranets sont les moyens par lesquels une entreprise cherche à atteindre ses clients en utilisant la technologie Internet »"
"En quoi Internet diffère-t-il de l'intranet et de l'extranet du point de vue de l'infrastructure et des utilisateurs ?","Pour Internet, les infrastructures réseau sont publiques et la communauté d'utilisateurs est inconnue ; pour l'intranet et l'extranet, on a une partie publique et une partie privée, et la communauté est identifiée"
"Quelles mesures de sécurité fondamentales un extranet doit-il assurer ?","Authentifier les utilisateurs (simple ou forte), authentifier le serveur extranet par certificat, assurer la confidentialité (SSL : HTTPS, FTPS ; VPN), empêcher les intrusions (firewall-IPS) et garantir l'intégrité des documents (fichiers chiffrés)"
"Comment est structurée l'architecture extranet dite « sécurisée » (deux firewalls) ?","Un premier firewall protège tous les serveurs, un second dédié à l'extranet assure une architecture VPN (authentification + tunnel) ; le client authentifié auprès du firewall se ré-authentifie ensuite par login/mot de passe sur l'extranet, qui vérifie la connexion VPN (via RADIUS possible)"
"Quels services une PKI (ICP) doit-elle gérer dans une architecture extranet ?","L'autorité de certification, l'annuaire de certificats, le système de révocation de certificats, et le système de sauvegarde et de récupération de clés"
"Que préconise le fascicule pour la mise en place d'un extranet ?","Se baser sur une architecture standard (un seul firewall, sans VPN, plus légère), tout en mettant impérativement en place l'authentification (login/mot de passe) et la confidentialité (HTTPS)"
"Sur quels trois concepts l'architecture du Web repose-t-elle ?","La localisation (URL), le protocole (HTTP) et le langage (HTML)"
"De quelles trois parties une URL est-elle constituée ?","Le protocole (comment), le nom DNS (où) et le nom du document (quoi) ; la forme générale est protocole://nom_d'hôte:port/path/extrapath?arguments"
"Quelle est la différence entre une URL et une URI ?","L'URI (Uniform Resource Identifier) est un sur-ensemble des URL (Uniform Resource Locator)"
"À quoi sert la balise HTML BASE (attribut href) ?","À positionner la racine absolue utilisée pour reconstruire les URL relatives du document qui contient cette balise"
"Qui est à l'origine de HTTP et HTML, et en quelle année ?","Tim Berners-Lee, avec ses travaux sur l'hypertexte en 1989, marquant la naissance du World Wide Web ; HTTP a été conçu en 1990"
"Quelles sont les trois méthodes introduites par HTTP/1.0 ?","GET (récupérer la ressource identifiée par l'URI), HEAD (récupérer seulement l'en-tête, pour la gestion des caches) et POST (envoyer des données à une procédure)"
"À quelles catégories correspondent les codes de statut HTTP 2xx, 3xx, 4xx et 5xx ?","2xx = succès, 3xx = redirection (une autre requête est nécessaire), 4xx = erreur du client (requête incorrecte), 5xx = erreur du serveur"
"Que signifient les codes HTTP 401, 403 et 404 ?","401 Unauthorized : la ressource nécessite une authentification (directive WWW-Authenticate) ; 403 Forbidden : le serveur refuse, hors problème d'authentification ; 404 Not Found : ressource inexistante"
"Pourquoi l'authentification HTTP Basic n'est-elle pas sûre ?","Parce que le nom d'utilisateur et le mot de passe circulent sur le réseau sous forme encodée en base64 mais non chiffrée, tout comme l'entité renvoyée"
"Quels ajouts majeurs HTTP/1.1 apporte-t-il par rapport à HTTP/1.0 ?","Les verbes OPTIONS, CONNECT et TRACE, l'en-tête Host obligatoire, la négociation de contenu et de langage (Accept, Accept-Language, Accept-Charset), le pipelining via Keep-Alive et le Transfer-Encoding: chunked"
"Comment HTTP/1.1 traite-t-il les connexions ?","La connexion reste ouverte par défaut (persistante) : gain de temps et de mémoire, pipelining possible, réseau moins chargé, limite de 2 connexions parallèles par couple client-serveur, fermeture par Connection: close ou timeout"
"Que se passe-t-il si une requête HTTP/1.1 ne comporte pas l'en-tête Host ?","Le serveur doit renvoyer le statut 400 Bad Request ; cet en-tête résout le problème des serveurs virtuels"
"Que signifient « méthode sûre » et « méthode idempotente » en HTTP/1.1 ?","Une méthode est sûre si elle ne produit rien d'irréversible sur le serveur ; elle est idempotente si l'envoi répété produit toujours le même résultat"
"Quelles méthodes HTTP sont sûres et idempotentes, et lesquelles ne le sont pas ?","GET, HEAD, OPTIONS et TRACE sont sûres et idempotentes ; PUT et DELETE ne sont pas sûres mais restent idempotentes ; POST n'est ni sûre ni idempotente"
"À quoi servent les méthodes HTTP PUT et DELETE ?","PUT envoie au serveur une entité qui devient accessible comme la ressource de l'URL (mise à jour distante d'un document, publish) ; DELETE demande la suppression de la ressource identifiée par l'URL"
"À quoi sert la directive Cache-Control de HTTP/1.1 ?","À préciser finement le comportement des caches : public (cachable), private (cache du poste de l'utilisateur uniquement), no-cache, no-store, avec des durées comme max-age, s-maxage, must-revalidate"
"Qu'est-ce que SPDY ?","Une bi-couche compatible HTTP introduite par Google en 2009, intercalée entre HTTP et SSL, apportant le multiplexage des flux sur une seule connexion TCP, la priorité des requêtes, la compression des en-têtes, et les mécanismes Server Push et Server Hints"
"Quel problème de sécurité SPDY introduit-il ?","Il est plus exposé au déni de service, car la compression des en-têtes permet de forcer un serveur à analyser et traiter de grandes requêtes réduites en taille par la compression"
"Quand et par qui le W3C a-t-il été créé ?","En 1994, par le CERN et le MIT ; le site de référence des normes HTML est www.w3.org"
"Qu'est-ce que HTML et de quel langage est-il une implémentation simple ?","Hyper Text Markup Language : un langage de description qui structure et affiche des objets (textes, tableaux, images, vidéos) à l'aide de balises ; c'est une implémentation simple de SGML"
"Que contiennent les sections HEAD et BODY d'un document HTML ?","HEAD contient notamment le TITLE, affiché en haut de la fenêtre et utilisé dans les signets ; BODY contient le corps du document"
"Qu'est-ce que le CSS et depuis quand existe-t-il ?","Cascading Style Sheet (feuille de style), apparu en 1996 : il sépare la structuration du texte des propriétés typographiques et permet à plusieurs documents de partager les mêmes instructions"
"Comment se résout un conflit de priorité entre feuilles de style CSS ?","Les propriétés non définies sont héritées des balises englobantes, et un style défini directement dans la page HTML est plus prioritaire qu'un style défini dans un fichier externe"
"Qu'apporte HTML5 en matière de fonctionnement hors ligne et de multimédia ?","Il permet d'embarquer des informations côté client dans un cache pour une consultation hors ligne sans JavaScript, et ses fonctions multimédias évitent le recours à des modules propriétaires comme Flash"
"Quelle est la différence entre répartition de charge et tolérance de panne ?","En répartition de charge, toutes les machines sont actives et un équipement intermédiaire distribue les requêtes ; en tolérance de panne (fail over), un équipement actif et un équipement passif, tous deux dimensionnés à 100 % de la charge, se relaient en cas de défaillance"
"Citez des protocoles propriétaires de bascule rapide entre équipements réseau.","CARP (Common Address Redundancy Protocol), VRRP (Virtual Router Redundancy Protocol), HSRP (Hot Standby Router Protocol) et FSRP (Foundry Standby Router Protocol) ; ils sont peu interopérables"
"Comment définir schématiquement le Cloud Computing ?","Le déport vers Internet de données, d'applications et de services qui étaient auparavant situés sur les ordinateurs des entreprises ou des particuliers"
"Quels sont les cinq critères du Cloud Computing selon le NIST ?","La simplicité d'un service à la demande, l'extrême flexibilité, l'accès léger, la virtualisation des ressources et le paiement à l'usage"
"Quelles sont les trois révolutions successives dans la gestion des plates-formes informatiques ?","L'informatique traditionnelle centralisée (mainframe et terminaux passifs), l'informatique personnelle (PC, réseaux, client/serveur), puis l'informatique en nuage (réseaux sociaux, mobilité, caractéristiques du cloud)"
"Que signifie SaaS et à quel service ce concept succède-t-il ?","Software as a Service : la fourniture de logiciel en ligne ; apparu dans les années 2000, il prend la suite du service ASP (Application Service Provider)"
"À quels usages le SaaS est-il destiné et quels outils fournit-il ?","Il est davantage destiné aux métiers de l'entreprise et offre une informatique applicative standardisée : outils collaboratifs, CRM, gestion de force de vente, comptabilité, gestion, trésorerie"
"Que signifie IaaS ?","Infrastructure as a Service : la fourniture d'infrastructures de calcul et de stockage en ligne ; c'est une solution très technique"
"Que signifie PaaS ?","Platform as a Service : la fourniture d'une plateforme de développement d'applications en ligne ; c'est une solution très technique"
"Lesquels des modèles SaaS, IaaS et PaaS sont les plus techniques ?","Le PaaS et l'IaaS sont des solutions très techniques, alors que le SaaS est davantage destiné aux métiers de l'entreprise"
"Qu'est-ce qu'un Cloud public ?","L'accès à un service mutualisé, hébergé chez un fournisseur"
"Qu'est-ce qu'un Cloud interne et qu'apporte-t-il ?","Le déploiement en interne d'un service géré par l'entreprise ; il n'apporte pas d'innovation majeure, se limitant à la mutualisation et à la virtualisation de ressources qui restent gérées en interne"
"Qu'est-ce qu'un Cloud privé (ou hybride) ?","Le déploiement en interne d'une version privatisée du service, toujours gérée à distance par le fournisseur, ou la mise à disposition d'un datacenter privé exploité spécifiquement pour l'entreprise par un fournisseur tiers"
"Qu'est-ce qu'un Cloud communautaire ?","Un Cloud privé partagé plus largement, mutualisé par plusieurs organisations qui opèrent en général dans le même secteur économique"
"Pourquoi une organisation choisit-elle un Cloud privé ?","Pour des besoins de confidentialité, par volonté de garder la main sur l'infrastructure, voire par rejet du Cloud public"
"Qu'est-ce que le Safe Harbor Agreement et quelle est sa limite ?","Un accord prévoyant de protéger les données européennes hébergées chez des fournisseurs américains, mais rendu totalement inopérant par le Patriot Act"
"Quelle est la place de la France dans l'adoption du Cloud en Europe (étude IDC 2012) ?","La France est le pays d'Europe où la pénétration du Cloud Computing est la plus forte dans la stratégie informatique des entreprises, avec 93 % des entreprises françaises connaissant, évaluant ou ayant mis en place des services Cloud"
"Comment doit être traitée la démarche vers le Cloud dans une organisation ?","Comme un vrai projet d'entreprise, qui doit se concevoir, se piloter, se mettre en œuvre et s'accompagner comme tout projet de système d'information, plutôt que d'être adopté de façon opportuniste"
"Quels risques une analyse de risques Cloud doit-elle identifier ?","La perte de gouvernance, la dépendance technologique vis-à-vis du fournisseur, les failles dans la gestion des données, les failles dans la chaîne de sous-traitance, la gestion des droits d'accès et la non-conformité réglementaire"
"Citez trois recommandations pour une organisation qui envisage le Cloud.","Identifier les données et traitements qui passeront dans le Cloud, définir ses exigences de sécurité technique et juridique, conduire une analyse de risques, choisir le type de Cloud pertinent, choisir un prestataire offrant des garanties suffisantes et élaborer un contrat détaillé"
"Quelles garanties contractuelles concernant la localisation des données faut-il exiger d'un prestataire Cloud ?","L'indication claire et exhaustive des pays hébergeant les serveurs, l'assurance d'une protection adéquate à l'étranger, la possibilité de limiter les transferts aux seuls pays offrant une protection adéquate, et l'information du client en cas de requête d'une autorité étrangère"
"Quelles compétences d'une DSI sont renforcées par le Cloud Computing ?","La veille et l'expertise Cloud, le management de projet et l'AMOA, l'architecture et l'urbanisation, et le pilotage de contrat"
"Quelles compétences d'une DSI sont délaissées avec le Cloud Computing ?","Le développement (hormis les interfaçages), ainsi que la recette et la gestion d'infrastructure"
"Comment le Cloud Computing modifie-t-il la structure du budget informatique ?","Il réduit les dépenses d'investissement de capital (CAPEX, capital expenditure) au profit des dépenses de fonctionnement ou d'exploitation (OPEX, operational expenditure)"
"Quelle est la dépense annuelle du SI de la fonction publique d'État (hors dépenses de personnel) ?","Environ 2 milliards d'euros hors T2, pour 2 millions d'agents dotés d'une boîte mail et d'un poste de travail et plus de 20 000 implantations géographiques"
"Combien d'agents publics exercent un métier SIC dans la fonction publique d'État ?","Environ 20 000 agents (hors personnels militaires), avec environ 10 % de contractuels contre 15 % en moyenne dans la fonction publique d'État"
"Quels éléments restent fondamentaux pour les centres informatiques principaux de l'État ?","La puissance électrique et la capacité de climatisation, la superficie n'étant plus l'élément déterminant ; on compte plus de 130 centres principaux, dont 7 de plus de 500 m²"
"Qu'est-ce que l'ATICA et qu'a-t-elle produit en 2002 ?","L'Agence des Technologies de l'Information et de la Communication dans l'Administration, qui a remplacé la MTIC en 2001 ; en 2002 elle a présenté par circulaire du Premier ministre le premier Cadre général d'interopérabilité"
"Quelles sont les quatre étapes de l'administration électronique citoyenne selon le rapport Carcenac (2011) ?","Le dialogue et l'information, l'interaction simple sur le web, la gestion complète en ligne d'une démarche, puis la distribution des services publics par un guichet unique physique ou numérique"
"Qu'est-ce que le PAGSI et quand a-t-il été lancé ?","Le Plan d'Action Gouvernemental pour l'entrée de la France dans la société de l'information, lancé en janvier 1998 sous Lionel Jospin autour de six chantiers : école, culture, service public, entreprise, innovation, régulation"
"Quel constat le rapport Hyper République (2003) porte-t-il sur l'administration ?","Que les administrations doivent s'organiser autour de l'usager et non l'inverse (« révolution copernicienne »), en passant d'une logique de silo à une logique en réseau ; il fut le premier à dénoncer le nombre de formulaires (1 373 agréés par le CERFA)"
"Qu'est-ce que l'ADAE et quels grands plans a-t-elle conduits ?","L'Agence de Développement de l'Administration Électronique, créée en février 2003 ; elle a conduit les plans ADELE 2004-2007 (140 mesures) et ADELE 2006-2010"
"Quand et où la DGME a-t-elle été créée, et quelle était sa mission après la RGPP de 2007 ?","La Direction Générale de la Modernisation de l'État a été créée à Bercy en décembre 2005 ; recréée le 3 janvier 2008 après la RGPP, sa devise était « faire mieux avec moins »"
"Quand la DISIC a-t-elle été créée et par quel texte ?","La Direction interministérielle des Systèmes d'Information et de Communication de l'État a été créée auprès du Premier ministre par le décret n° 2011-193 du 21 février 2011"
"Autour de quels trois services la DISIC est-elle organisée ?","Stratégie, urbanisation et innovation ; performance et maîtrise des risques ; programmes et opérations (RIE, transformation des centres informatiques, SIC territoriaux)"
"Quelles sont les deux instances de comitologie de la DISIC ?","Le CSIC (Conseil des SIC), réunissant les secrétaires généraux, la DGSIC Défense, la DGME, la DB, l'ANSSI et le SAE deux fois par an, et le CTSIC (Comité Technique des SIC), réunissant les DSI ministériels chaque mois"
"Qu'est-ce que le SGMAP et de quelles entités était-il structuré ?","Le Secrétariat Général pour la Modernisation de l'Action Publique, créé en octobre 2012, structuré autour de la mission Etalab (ouverture des données publiques), de la DIMAP (qui remplace la DGME) et de la DISIC"
"Qu'est-ce que le CIMAP ?","Le Comité Interministériel pour la Modernisation de l'Action Publique : l'instance de décision et d'arbitrage en la matière ; le premier CIMAP a eu lieu le 18 décembre 2012 avec une feuille de route de 50 décisions dans 5 domaines"
"Par quelle entité la DISIC, Etalab et le pôle Innovation ont-ils été fusionnés le 21 septembre 2015 ?","Par la DINSIC (Direction interministérielle du Numérique et du Système d'Information et de Communication de l'État)"
"Quelles directions ont remplacé le SGMAP en novembre 2017 ?","La DITP (Direction Interministérielle de la Transformation Publique) et la DINSIC, par les décrets du 20 novembre 2017"
"Quand et pourquoi le RIE a-t-il été décidé ?","Par le Conseil des ministres du 25 mai 2011, pour créer un réseau interministériel sécurisé regroupant les réseaux des ministères et permettant la continuité de l'action gouvernementale en cas de dysfonctionnement grave d'Internet"
"Sur quelle infrastructure le RIE s'appuie-t-il ?","Sur l'infrastructure optique à haut débit de RENATER (Réseau national de télécommunications pour la technologie, l'enseignement et la recherche) ; le passage à RENATER 6 fait passer la capacité du cœur de réseau de 10 à 100 Gbit/s"
"Quel réseau le RIE remplace-t-il ?","Le réseau de coordination interministérielle AdER/SIGMA, dont les dernières prestations ont été résiliées le 7 juin 2016"
"Comment le RIE est-il gouverné ?","Par le SCN RIE (service à compétence nationale), intégré au SGMAP, organisé en six pôles d'activités opérationnelles : relations clients, pilotage de l'exploitation, expertise, supervision (NOC), sécurité (SOC), support et gestion"
"Quel est le rôle du NOC et du SOC du RIE ?","Le NOC (Network Operations Center) assure la permanence opérationnelle 24h/24 et 7j/7 pour la gestion des incidents et des maintenances ; le SOC (Security Operations Center) pilote l'amélioration continue de la sécurité du RIE"
"Quels services l'offre du RIE recouvre-t-elle ?","L'accès à internet, le nommage (DNS) pour les clients du RIE, les échanges interministériels du réseau AdER (intranet interministériel), et un service de temps (NTP) ouvert fin 2016"
"Quel adressage et quel sous-domaine le RIE utilise-t-il ?","L'adressage interministériel 100.65.0.0/16 et le sous-domaine rie.gouv.fr, en remplacement de l'ancien adressage AdER 161.48.0.0/19 et du sous-domaine ader.gouv.fr"
"Qu'apporte la loi n° 2000-230 du 13 mars 2000 ?","Elle adapte le droit de la preuve aux technologies de l'information : l'écrit sous forme électronique est admis en preuve au même titre que l'écrit papier, sous réserve que la personne dont il émane soit identifiée et que l'intégrité soit garantie"
"Que met en place l'ordonnance n° 2005-1516 du 8 décembre 2005 ?","Elle régit les échanges électroniques entre usagers et autorités administratives : elle définit les termes (SI, prestataire de services de confiance, produit de sécurité, téléservice), systématise l'accusé de réception électronique, crée mon.service-public.fr et institue les référentiels RGI, RGS et RGAA"
"Que prévoit l'article 7 du décret de création de la DISIC ?","Que le directeur interministériel est informé pour tout projet SIC dont le coût dépasse 5 M€ et consulté pour avis au-delà de 9 M€"
"Qu'apporte le décret n° 2014-879 du 1er août 2014 ?","Il renforce l'unicité du SI de l'État, placé sous la responsabilité du Premier ministre, et rend non délégables sauf décision du PM les infrastructures informatiques, les réseaux de communication, les services numériques d'usage partagé et les SI de fonctions transversales ; les projets de plus de 9 M€ sont soumis pour avis conforme au DISIC"
"Que garantit l'ordonnance n° 2014-1330 du 6 novembre 2014 (SVE) ?","Le droit pour chaque usager de saisir l'administration par voie électronique à partir du 7 novembre 2015, l'autorité administrative traitant la demande sans exiger de confirmation sous une autre forme"
"Qu'est-ce que le RGI ?","Le Référentiel Général d'Interopérabilité : un cadre de recommandations référençant les normes et standards qui favorisent l'interopérabilité au sein des SI de l'administration ; V1.0 en 2009, V2.0 officialisée par l'arrêté du 20 avril 2016"
"Qu'est-ce que le RGS et qui le rédige ?","Le Référentiel Général de Sécurité : un recueil de règles et de bonnes pratiques de sécurité des SI destiné aux autorités administratives, rédigé conjointement par l'ANSSI et la DGME ; il préconise une démarche d'amélioration continue de type ISO 27001 (V1.0 en 2010, V2.0 en 2014)"
"Que sont les PSCo dans le cadre du RGS ?","Les prestataires de services de confiance ; qualifiés à un niveau de sécurité, ils peuvent, comme les produits de sécurité, faire l'objet d'un référencement par l'État pour les téléservices requérant ce niveau"
"Qu'est-ce que le RGAA et sur quel standard s'appuie-t-il ?","Le Référentiel Général d'Accessibilité pour les Administrations : une traduction opérationnelle des critères d'accessibilité et une méthodologie de vérification, alignée sur les WCAG 2.0 (Web Content Accessibility Guidelines) du W3C ; ce n'est pas une nouvelle norme"
"Quels sont les quatre principes fondamentaux du RGAA (WCAG 2.0) ?","Perceptible, Utilisable, Compréhensible et Robuste"
"Quel niveau d'accessibilité le RGAA exige-t-il légalement ?","Le niveau double A (AA), qui est aussi le niveau préconisé par le Parlement européen ; un délai de 18 mois est accordé pour la mise à jour vers toute nouvelle version du RGAA"
"Quels documents une administration doit-elle publier pour satisfaire l'obligation d'accessibilité ?","Une page d'aide en langage non technique (avec les coordonnées d'un contact et du défenseur des droits, accessible depuis toutes les pages) et une déclaration de conformité indiquant le niveau précis atteint et les dérogations justifiées"
"Quels canaux le RGAA couvre-t-il aujourd'hui ?","Uniquement les applications et contenus web consultables depuis un navigateur (y compris sur smartphone), mais pas les applications mobiles natives, ni les logiciels de bureau, ni les postes de travail"
"Qu'est-ce que la fongibilité asymétrique instaurée par la LOLF ?","Le principe selon lequel les crédits d'un programme sont globalisés mais où seules les dépenses de personnel sont isolées : on peut redéployer vers le personnel depuis les autres dépenses, mais pas l'inverse"
"Pourquoi les MEF n'ont-ils pas de programme support identifié pour les fonctions « support » ?","Parce que la LOLF conduit à un programme budgétaire spécifique pour chaque direction, couvrant ses ressources humaines et budgétaires y compris celles du SI, contrairement à d'autres ministères"
"Qu'est-ce que le PAP et quand est-il voté ?","Le Projet Annuel de Performances : une forme de budget prévisionnel voté par le Parlement dans la loi de Finances (au dernier trimestre), qui intègre les plafonds d'autorisation budgétaire pour l'année à venir (N+1)"
"Qu'est-ce que le RAP et quand est-il voté ?","Le Rapport Annuel de Performances : bilan stratégique, réalisation des objectifs et indicateurs, exécution des crédits et justification au premier euro ; voté dans la loi de Règlement (fin du premier semestre), il intègre l'exécution budgétaire de l'année écoulée (N-1)"
"Quelle règle lie les ressources du RAP à celles du PAP ?","Les ressources constatées dans le RAP ne peuvent excéder celles prévues dans le PAP"
"Quels sont les grands effectifs et crédits des ministères économiques et financiers ?","Environ 145 000 agents (au 31/12/2014) et 13 milliards d'euros de crédits de paiement"
"Quelles sont les principales directions à services déconcentrés des MEF ?","La DGFiP, la DGDDI, l'INSEE, la DGCCRF, la DG Trésor et la DGE"
"Quel rôle joue la DSI (Délégation aux Systèmes d'Information) auprès du secrétaire général des MEF ?","Un rôle d'impulsion, de coordination et de mutualisation, comparable à une « DSI groupe » de grande entreprise ; elle assure notamment les relations avec la CNIL et représente les ministères dans les instances interministérielles"
"Comment le SI des MEF se présentait-il avant l'an 2000 ?","Une informatique de production sur mainframes, avec des centres d'exploitation régionalisés (Impôts et Trésor public), cloisonnée « en silo », peu communicante, quasi exclusivement internalisée et peu documentée"
"Citez des grands programmes SI des ministères économiques et financiers des années 2000-2010.","COPERNIC, HELIOS, SIRHIUS, DELTA au niveau ministériel ; CHORUS et ONP au niveau interministériel ; ce sont des programmes de transformation organisationnelle, pas de simples projets informatiques"
"À quels progiciels intégrés les principaux SI de gestion de l'État sont-ils adossés ?","PeopleSoft pour ACCORD, SAP pour CHORUS et HR Access pour SIRHIUS, avec les risques associés : dépendance vis-à-vis des prestataires, couple éditeur-intégrateur, absence de version publique"
"Quel intranet équipe les agents des ministères économiques et financiers ?","L'intranet ALIZE, chaque agent étant doté dès 2002 d'un poste de travail, d'une messagerie et d'un accès à l'intranet"
"Qu'est-ce que le DLNUF ?","« Dites-Le Nous Une seule Fois » : la démarche visant à ne plus redemander à l'usager une information déjà fournie à l'administration, l'une des réponses à la multiplication des échanges entre administrations"
"Quel site d'ouverture des données publiques a été ouvert en décembre 2011 et qui en est le premier contributeur aux MEF ?","www.data.gouv.fr, ouvert avec 300 000 fichiers ; l'INSEE est le premier contributeur de la plate-forme ETALAB"
"Sur quoi les nouvelles technologies fondent-elles le management, selon le fascicule ?","Sur un modèle « organique », en réseau, et non hiérarchique : le management ne repose plus sur la détention de l'information mais sur la capacité à la relayer, l'interpréter et lui donner du sens"
"Qu'imposait le décret 86-1301 du 22 décembre 1986 ?","L'établissement, sous la responsabilité du ministre, d'un schéma directeur de l'informatique, de la bureautique et des réseaux de communication, avec bilan d'exécution annuel et présentation au CIIBA"
"Quels trois volets la circulaire du 16 septembre 1996 impose-t-elle au schéma directeur ministériel ?","Un volet stratégique (niveau Ministre), un volet organisationnel (relations entre les services impliqués) et un volet technique (choix retenus par la structure)"
"Pourquoi les MEF n'ont-ils pas produit de schéma directeur ministériel unique ?","Parce que la partie métier reste du ressort des directions ; chaque direction a produit sa propre trajectoire ou feuille de route, seules les fonctions support et les applicatifs transverses relevant d'une démarche commune"
"Qu'est-ce que le SIM (Schéma Informatique Ministériel) et quand a-t-il été décidé ?","Le document commun aux directions support de la politique « e-ministère », décidé par le ministre en 2001, avec pour objectifs de simplifier la relation avec l'usager, moderniser l'environnement de travail de l'agent et accroître l'efficacité de l'action de l'État"
"Quel a été le premier objectif atteint du SIM, dès mi-2002 ?","La dotation de chaque agent du ministère d'un poste de travail ouvert sur la messagerie, l'intranet (ALIZE notamment) et, à moindre titre, internet"
"Qu'analyse l'exercice du « palier de maturité 1 » lancé par la DGME puis la DISIC ?","La maturité du SI d'un ministère selon 10 composantes, en précisant les fiches actions ministérielles et directionnelles à entreprendre pour atteindre ce niveau"
"Pourquoi l'exercice du schéma directeur est-il jugé trop lourd ?","Parce qu'il exige un document formalisé et trop littéraire, des circuits importants de relecture et de validation, que la projection à cinq ans est difficile faute de visibilité et qu'il faut l'actualiser régulièrement"
"Autour de quels trois pôles la DSI des MEF est-elle organisée ?","Un pôle d'animation et de synthèse du SI ministériel, un pôle de coordination des technologies de l'information (ToIP, réseaux, sécurité) et un pôle de convergence des SIRH des directions (SIRHIUS)"
"Sur quel modèle de coûts la DISIC a-t-elle fait converger le pilotage des dépenses SI depuis 2012 ?","Un modèle « ressources – activités – services » : ce que la DSI mobilise (nature de la dépense), ce qu'elle réalise (projets, maintenance), ce qu'elle délivre (services du catalogue), décliné en trois niveaux de maille (grosse, moyenne, fine)"
"Comment ont évolué les dépenses SI des MEF depuis 2008 et quels en sont les postes principaux ?","Une baisse d'environ 42 % en moyenne ; les postes les plus importants sont les infrastructures (37 % de la dépense) et les applicatifs métier (32 %), la bureautique ne comptant que pour 20 % en 2014"
"Qu'est-ce que le SILL et quels groupes le conçoivent ?","Le socle interministériel de logiciels libres, qui identifie pour chaque fonctionnalité du poste de travail une solution libre privilégiée ; il est conçu par les groupes thématiques MIMx : MIMO (poste de travail et gestion de parc), MIMDEV (développement), MIMPROD (serveur et base de données)"
"Qu'est-ce que le réseau des GRID au sein des MEF ?","Les Gestionnaires des Ressources Informatiques Déconcentrées, présents dans les directions pour l'assistance aux utilisateurs, animés par le SG-SEP (sauf la DB et la DGE qui disposent de services propres)"
"Quelle instance de gouvernance ministérielle des SI a été créée par arrêté du 23 décembre 2013 aux MEF ?","Le Comité stratégique des systèmes d'information (COSTRAT SI), présidé par le directeur de cabinet du ministre, dont la première réunion s'est tenue le 13 février 2014"
"Qu'est-ce que CHORUS et par quelle agence est-il porté ?","Le système d'information financière, budgétaire et comptable de l'État, support de l'application de la LOLF, dont le déploiement s'est achevé début 2012 ; il est porté par l'AIFE (Agence pour l'Informatique Financière de l'État) et repose sur SAP"
"Comment est structurée l'informatique de la DGFiP ?","Un Service SI en administration centrale (sous-directions Études et Production), 9 DISI (directions inter-régionales) et 47 ESI (établissements, ex-CRI de la DGI et ex-départements informatiques de la DGCP), soit environ 5 000 agents"
"Où sont situés les deux centres informatiques de la DGDDI et quel est le rôle du CID d'Osny ?","Le CID (Centre Informatique Douanier) à Osny et le DNSCE à Toulouse ; le CID d'Osny a vocation à être rationalisé et à accueillir d'autres services dans le cadre de la transformation des centres informatiques"
"Quel est le projet interministériel PNR porté administrativement par la DGDDI ?","Le projet API-PNR (Passenger Name Record), placé sous l'autorité du Premier ministre, qui vise à collecter et traiter les informations des passagers aériens à des fins de lutte contre le terrorisme et la criminalité grave, cofinancé par l'Union européenne"
"Quelle est la différence entre urbanisme informatique et urbanisation ?","L'urbanisme informatique est la méthode (démarche, concepts et règles) de construction et d'aménagement des systèmes d'information ; l'urbanisation est le fait d'appliquer cette méthode à un système d'information donné"
"Quel est le souci principal de l'urbanisation d'un SI ?","Aboutir à un système d'information modulaire et évolutif, permettant une rénovation par quartiers sans bouleverser l'ensemble du SI"
"Sur quels principes l'urbanisation repose-t-elle ?","La connaissance précise de l'existant et des objectifs d'évolution, l'organisation spatiale du SI en zones, quartiers et blocs fonctionnels, l'application de règles d'urbanisme pour un découpage optimal, et l'indépendance des applications entre elles et vis-à-vis de l'infrastructure"
"Quelle est la place de l'urbanisation dans l'organisation ?","C'est une activité support, non un projet autonome, qui se situe en amont des projets informatiques et constitue une tâche de fond permanente destinée à évaluer chaque évolution du SI"
"Quelle est la différence entre cartographie de l'existant et cartographie cible ?","La cartographie de l'existant décrit l'état actuel du système d'information ; la cartographie cible en est une projection dans le temps"
"Qu'est-ce qu'un domaine et un sous-domaine dans le vocabulaire de la cartographie ?","Un domaine est un groupement d'applications contribuant à un objectif commun ou participant à la même mission ; un sous-domaine est une subdivision d'un domaine, qui n'appartient qu'à un et un seul domaine"
"Qu'est-ce qu'une fonction dans la cartographie d'urbanisation ?","Un ensemble d'actions ou de tâches élémentaires indissociables réalisées par le SI en support de l'activité d'un acteur ; on l'associe à la notion de processus, la fonction correspondant au plus haut niveau de décomposition de l'application"
"Qu'est-ce qu'une unité fonctionnelle et un objet de gestion ?","L'unité fonctionnelle est l'unité de référence de la structure organisationnelle regroupant des tâches homogènes et des types d'acteurs ; l'objet de gestion est une entité ou un ensemble de données manipulées lors de l'exécution d'une fonction"
"Qu'est-ce qu'un composant en urbanisation ?","Un module logiciel parfaitement identifié, défini par ses interfaces et conçu pour être réutilisable ; on parle de composant métier et de composant logiciel"
"Quelles sont les trois zones fondamentales d'un domaine ?","La zone acquisition (recueillir l'information venant de l'extérieur du domaine), la zone opérationnelle (traiter l'information) et la zone émission (restituer l'information à l'extérieur du domaine)"
"Qu'est-ce qu'un quartier dans l'urbanisation d'un SI ?","Au sein d'une zone, un regroupement des traitements selon la nature des informations traitées ; cette notion est assimilable à celle de sous-domaine"
"Qu'est-ce qu'un bloc fonctionnel ?","Le composant de base de l'urbanisme, la plus petite unité manipulée : un ensemble homogène de données et de traitements à l'intérieur d'un quartier, déclenché par l'arrivée d'un événement (flux externe ou interne) et produisant un compte rendu après traitement de l'événement (CRE)"
"À quelles règles d'urbanisation un bloc fonctionnel obéit-il ?","L'appartenance à un seul quartier, l'autonomie du bloc par rapport aux autres, l'asynchronisme dans le traitement des événements et la donnée mono-propriétaire"
"Qu'est-ce qu'un serveur logique consolidé ?","Un regroupement d'un ou plusieurs blocs fonctionnels à l'intérieur d'un même quartier, selon des critères de données communes, de mêmes unités fonctionnelles et de liens forts ; il est à rapprocher du serveur applicatif"
"Par quels trois modèles une application se caractérise-t-elle ?","Un modèle de données, un modèle de traitements ou de services applicatifs, et un modèle de présentation (interface homme-machine)"
"En combien de grands domaines le système d'information du Trésor public a-t-il été découpé ?","Huit : recouvrement, dépense, comptabilité, trésorerie/épargne, secteur public local, redevance, ressources et moyens généraux, et services communs"
"Quelles sont les quatre grandes phases de la démarche d'urbanisation ?","La cartographie du SI existant, l'urbanisation du SI existant et son diagnostic, le plan d'urbanisme cible, et la trajectoire de migration"
"Quels sont les principaux livrables d'une étude d'urbanisation ?","Une cartographie détaillée des processus, applications et flux, accompagnée d'un diagnostic de capacité d'évolution ; un plan d'urbanisme décrivant un SI cible ; et une trajectoire de migration de l'existant vers la cible"
"Que permet le diagnostic de l'urbanisation du SI existant ?","De détecter les incohérences, chevauchements, imbrications et doublons en rapprochant les applications du schéma général d'urbanisation, et de porter un diagnostic sur la maintenabilité, l'évolutivité et la pérennité des applications"
"Que sont les chemins de migration identifiés lors du plan d'urbanisme cible ?","Les options d'évolution des applications : conservation, réécriture, remplacement, serveur d'échanges, désimbrication"
"Qu'est-ce que le RGI et par quel texte a-t-il été créé ?","Le Référentiel Général d'Interopérabilité, créé par l'ordonnance du 8 décembre 2005, qui définit un ensemble de règles pour améliorer l'interopérabilité des systèmes d'information des administrations"
"Quels sont les trois volets du RGI ?","Le volet sémantique, le volet technique et le volet organisationnel"
"Comment définit-on l'interopérabilité ?","La possibilité pour des moyens logiciels et matériels appartenant à plusieurs plates-formes dotées de systèmes hétérogènes de communiquer et de travailler ensemble"
"Quelle est la principale différence entre le RGI et le CCI qui l'a précédé ?","Le CCI (Cadre Commun d'Interopérabilité) ne fournissait que de simples recommandations d'utilisation, alors que le RGI, au sens de l'ordonnance du 8 décembre 2005, a force d'obligation auprès des administrations"
"Quand la version 1.0 puis la version 2.0 du RGI ont-elles été publiées ?","La version 1.0 par l'arrêté du 11 novembre 2009 ; la version 2.0, en vigueur, par l'arrêté du 20 avril 2016"
"Qu'est-ce qu'une « autorité administrative » (AA) au sens du RGI et quels sont les trois cas d'échanges ?","Une organisation publique au sens large (administration, service déconcentré, établissement public, collectivité, organisme social ou hospitalier) ; les trois cas sont A2A (entre AA), A2B (AA vers entreprise) et A2C (AA vers citoyen)"
"Qu'est-ce que l'EIF et à quoi sert-il ?","Le European Interoperability Framework : le cadre européen visant à favoriser les services publics européens en facilitant la coopération entre administrations, avec des recommandations aux niveaux organisationnel, sémantique et technique ; les cadres nationaux doivent s'y aligner (observatoire NIFO)"
"Qu'est-ce qu'une RIT dans le RGI et quels sont ses quatre niveaux de préconisation ?","Une Règle d'Interopérabilité Technique ; les quatre niveaux sont Obligatoire (exigence absolue), Recommandé, Déconseillé et Interdit (prohibition absolue)"
"Que doit faire une équipe qui ne respecte pas une RIT selon son niveau ?","Pour les niveaux Recommandé et Déconseillé, spécifier et justifier les circonstances du non-respect ; pour les niveaux Obligatoire et Interdit, transmettre un dossier de justification des exceptions à la DGME"
"Quel format le RGI recommande-t-il pour les images fixes non photographiques, et lequel déconseille-t-il ?","Il recommande le format PNG v1.2 (norme ISO 15948, format ouvert basé sur une version publique de LZW) et déconseille le format GIF (propriétaire, limité à 256 couleurs)"
"Quelle règle du RGI concerne les protocoles TCP et UDP, et quel est son niveau ?","La règle RIT0077, de niveau Obligatoire : il est obligatoire d'utiliser TCP ou UDP pour transporter les flux de données provenant des couches applicatives ; UDP est privilégié pour le temps réel, TCP pour fiabiliser HTTP, SMTP et FTP"
"Quel programme a été annoncé en août 1997 par Lionel Jospin et qu'a-t-il programmé ?","Le PAGSI (Programme d'Action Gouvernemental pour la Société de l'Information), qui a programmé la généralisation des sites internet publics et la mise en ligne de formulaires administratifs"
"Que signifie RE/SO 2007 et quels sont ses trois volets ?","« Pour une RÉpublique numérique dans la SOciété de l'information », présenté en novembre 2002 par Jean-Pierre Raffarin ; ses trois volets sont l'action sur l'offre, l'action sur la demande et l'intervention directe de l'État"
"Quelles sont les trois phases de l'administration électronique selon RE/SO 2007 ?","La mise à disposition d'informations statiques, la mise à disposition de formulaires téléchargeables, puis l'acheminement vers les téléprocédures"
"Quelle succession de structures a piloté l'administration électronique entre 1998 et 2003 ?","La MTIC (décret du 27 août 1998), puis l'ATICA (décret du 22 août 2001), puis l'ADAE (décret du 21 février 2003)"
"De la fusion de quels services l'ADAE est-elle née ?","De l'ATICA, de la mission utilisation des TIC par l'administration de la DIRE, et du pôle formulaires et téléprocédures de la COSA (Commission pour les Simplifications Administratives)"
"Quand l'ADAE a-t-elle été intégrée à la DGME et à quel ministère celle-ci était-elle rattachée ?","Par le décret du 30 décembre 2005, l'ADAE a été intégrée à la Direction Générale de la Modernisation de l'État, rattachée au ministère de l'Économie, des Finances et de l'Industrie"
"En quels trois services la DGME était-elle organisée ?","Le service de la qualité et de la simplification, le service de la modernisation de la gestion publique et le service du développement de l'administration électronique"
"Qu'est-ce que la charte Marianne ?","Une charte générique de la qualité des services rendus aux usagers, promue par la DUSA (Délégation aux usagers et aux simplifications administratives) au sein de la DGME"
"Qu'est-ce que le programme ADELE et quand a-t-il été annoncé ?","Le programme ADministration ELEctronique, annoncé en février 2004 : un cadre pluriannuel et coordonné reprenant 140 mesures (Adèle 1 à 140), décliné en un plan stratégique (PSAE) et un plan d'action (P2AE) pour 2004-2007"
"En quoi consiste le numéro 3939 « Allô service public » ?","Un numéro de téléphone unique permettant à toute personne d'obtenir en moins de trois minutes une réponse ou une orientation à tout renseignement administratif"
"Qu'apporte la carte nationale d'identité électronique (CNIE) au-delà des fonctions classiques ?","Outre l'attestation de l'état civil et de la nationalité, elle simplifie l'obtention d'autres titres comme le passeport et permet à son détenteur de s'authentifier et de signer électroniquement"
"À quoi sert la carte d'agent public ?","À gérer des habilitations pour l'accès partagé aux dossiers, à autoriser la signature de pièces dans le cadre de la dématérialisation, et à sécuriser l'accès aux locaux et à certains services"
"Quel texte a rendu la version électronique du Journal Officiel légalement valable ?","Une ordonnance a donné à la version électronique du Journal Officiel une valeur légale et a garanti son authenticité par rapport à la version papier"
"Par quel article du Code des marchés publics la dématérialisation des achats publics a-t-elle été mise en œuvre ?","L'article 56 du Code des marchés publics de 2004, réaffirmé par le Nouveau Code des Marchés Publics de 2006"
"Qu'est-ce qu'un système d'acquisition dynamique (SAD) ?","Un processus d'acquisition entièrement électronique pour des achats d'usage courant, mis en place en suivant les phases de l'appel d'offres ouvert et avec un accès libre et complet aux documents de la consultation jusqu'à l'expiration du système"
"Qu'est-ce qu'une enchère électronique et à quels marchés est-elle exclue ?","Une procédure de sélection des offres par voie électronique permettant aux candidats de réviser leur prix à la baisse ; elle ne peut pas être mise en œuvre pour les marchés de fournitures et de services inférieurs à 133 000 euros HT"
"Qu'est-ce que le projet ACTES ?","Aide au Contrôle de légalité dématérialisé : la dématérialisation des actes des collectivités locales visant à alléger les tâches, rationaliser le contrôle et concentrer l'expertise sur les actes à enjeu majeur"
"Que couvre le schéma directeur de l'administration électronique (SDAE) ?","L'ensemble des systèmes d'information de l'administration centrale et déconcentrée ; il devient un élément incontournable de l'élaboration des schémas directeurs des ministères"
"Quelles sont les finalités du schéma directeur de l'administration électronique ?","Synchroniser et mutualiser les travaux pour éviter la redondance des investissements, apporter un pilotage consolidé par indicateurs, et s'inscrire dans une vision cible du système d'information"
"Qu'est-ce qu'une « initiative » dans le schéma directeur de l'administration électronique ?","Un regroupement de projets et d'actions communes d'expertise technique, fonctionnelle, juridique ou organisationnelle formant un ensemble cohérent sur un domaine ; 47 initiatives ont structuré la période 2006-2010, avec un chef de file par initiative"
"Comment les initiatives du schéma directeur sont-elles regroupées ?","En trois domaines : le socle commun (fonctionnel, infrastructure, services de confiance, informatique), les domaines sectoriels (métier de chaque ministère) et les nouveaux services (services usagers globaux)"
"Quelles sont les instances de décision du schéma directeur de l'administration électronique ?","Le Comité des Secrétaires Généraux (plus haut niveau), le comité de pilotage de l'initiative (seule instance décisionnelle interne à l'initiative) et le chef de file"
"Quels référentiels le schéma directeur met-il en place ?","Le RGI (interopérabilité), le RGS (sécurité), le RGAA (accessibilité), le R2GA (gestion des archives), complétés par la Charte Internet de l'État (CIE) et le SILL"
"Qu'est-ce que le programme AdER (Administration En Réseau) ?","Un « intranet global » inter-administrations lancé par le CISI du 19 janvier 1999 pour décloisonner et faire coopérer les services de l'État, s'appuyant sur le méta-annuaire MAIA, un service d'interconnexion de messagerie interministérielle et un service de transport (SETI)"
"Qu'est-ce qu'un système d'information territorial (SIT) ?","Un « extranet des services de l'État » dans un département ou une région, décidé par le CISI du 19 janvier 1999, où les services partenaires d'une politique publique locale partagent informations et procédures"
"Comment l'interconnexion de fichiers est-elle encadrée pour l'administration électronique ?","Elle n'est pas interdite mais strictement encadrée : assimilée à un traitement, elle est soumise à l'avis de la CNIL, doit être portée à la connaissance des personnes, et ne peut utiliser le NIR (détenu par l'INSEE) que si les deux administrations y sont autorisées"
"Quels sont les cinq points du cahier des charges des téléservices dégagé par la CNIL ?","L'identification de l'usager, l'authentification des usagers, le recours à la signature électronique, le recours au chiffrement pour la confidentialité des données sensibles, et l'information et le droit d'accès des usagers"
"Pourquoi la CNIL recommande-t-elle un identifiant spécifique pour la télédéclaration de revenus ?","Parce qu'elle a jugé préférable de recommander un identifiant annuel non signifiant plutôt que le numéro FIP (numéro de foyer fiscal), qui n'est pas confidentiel car porté notamment sur les avis d'imposition"
"Quel projet révélé en 1974 a conduit à la création de la CNIL ?","Le projet SAFARI (Système Automatisé pour les Fichiers Administratifs et le Répertoire des Individus), première ébauche de fichiers interconnectés à l'aide d'un identifiant unique"
"Quelle loi a créé la CNIL et quelle loi l'a modifiée en 2004 ?","La loi n° 78-17 du 6 janvier 1978 « informatique et libertés » ; la loi du 6 août 2004 l'a modifiée pour transposer la directive 95/46 du 24 octobre 1995"
"Qu'a changé la loi du 6 août 2004 par rapport à la loi de 1978 ?","Elle est passée des « données nominatives » aux « données personnelles » (élargissant le champ, y compris l'identification indirecte), a supprimé la référence au seul « traitement automatisé », et a accru les pouvoirs de la CNIL"
"Quelles sont les conditions de licéité d'un traitement selon l'article 6 de la loi ?","Collecte loyale et licite, finalité déterminée et spécifique, données pertinentes adéquates et non excessives, données exactes et mises à jour, conservation proportionnée à l'utilisation, et interdiction de tout traitement ultérieur incompatible avec les finalités (sauf fins statistiques ou scientifiques)"
"Quelles données sont dites « sensibles » selon l'article 8 et quelles sont les principales dérogations à leur interdiction ?","Les données tenant aux origines raciales, aux opinions politiques, philosophiques ou religieuses, aux mœurs ; dérogations : consentement exprès, sauvegarde de la vie humaine, associations religieuses/politiques/syndicales pour leur objet, traitements statistiques de l'INSEE"
"Quel est le régime de droit commun des traitements depuis la loi du 6 août 2004 ?","La déclaration, sans distinction entre personnes publiques et privées ; les données sensibles relèvent d'un contrôle a priori (autorisation, ou autorisation après avis de la CNIL)"
"Dans quel délai la CNIL se prononce-t-elle sur une demande d'autorisation, et que se passe-t-il si elle ne répond pas ?","Dans un délai de deux mois ; à défaut de réponse dans ce délai, la demande d'autorisation est réputée rejetée"
"En quoi consiste le régime d'autorisation après avis de la CNIL ?","Il concerne les traitements de « souveraineté de la personne publique » (sûreté, sécurité, défense de l'État, impositions, statistiques) ; l'autorisation est délivrée par arrêté ministériel après avis motivé et publié de la CNIL, avis qui n'est pas contraignant"
"Comment la CNIL est-elle qualifiée et composée ?","C'est une autorité administrative indépendante ; un collège pluraliste de 18 personnalités, au mandat de 5 ans, qui élit son Président et ne reçoit d'instruction d'aucune autorité"
"Quelles sont les quatre grandes missions de la CNIL ?","Informer et protéger, accompagner et conseiller (CIL, labels, packs de conformité, BCR), contrôler et sanctionner, et anticiper (veille, laboratoire, privacy by design, comité de la prospective)"
"Quels droits la loi informatique et libertés garantit-elle aux personnes ?","Le droit d'information (articles 32 et 39), le droit d'opposition pour raisons légitimes (article 38, sauf obligation légale), le droit d'accès direct ou indirect via la CNIL (articles 39 et suivants), et le droit de rectification"
"Quelles sanctions pénales le Code pénal prévoit-il en cas de non-respect des formalités préalables auprès de la CNIL ?","5 ans d'emprisonnement et 300 000 euros d'amende (articles 226-16 à 226-24), sanction également applicable au non-respect de l'obligation de sécurité, à la collecte déloyale, au traitement de données sensibles sans consentement exprès ou au détournement de finalité"
"Qu'est-ce que le correspondant à la protection des données (CIL) créé par la loi du 6 août 2004 ?","Un collaborateur désigné au sein de chaque organisme, notifié à la CNIL sans agrément, qui tient une liste des traitements accessible à tous et dont la désignation exonère de la déclaration préalable des traitements ordinaires (mais pas de ceux soumis à autorisation)"
"Un site web doit-il être déclaré à la CNIL ?","Non, depuis juillet 2006 il n'y a plus de déclaration spécifique de site web ; c'est la finalité du site qui détermine les démarches : déclaration simplifiée pour un site de commerce collectant des données, dispense pour un site vitrine, un blog personnel ou une association à but non lucratif"
"Comment la réglementation du spamming distingue-t-elle l'opt-in de l'opt-out ?","L'opt-in exige le consentement préalable de l'internaute à recevoir des sollicitations ; l'opt-out lui permet de s'y opposer a posteriori ; la CNIL recommande une case à cocher, et la LCEN de 2004 impose l'opt-in pour la prospection par courriel sauf coordonnées fournies lors d'une vente"
"Que garantit la loi du 10 juillet 1991 et comment la jurisprudence traite-t-elle le courrier électronique ?","Elle garantit le secret des correspondances émises par la voie des communications électroniques ; la jurisprudence assimile le courrier électronique à une correspondance, qui relève donc du secret des correspondances"
"Qu'a établi l'arrêt Nikon de la Cour de cassation du 2 octobre 2001 ?","Que le salarié a droit au respect de sa vie privée sur son lieu de travail, donc au secret des correspondances ; les messages marqués « personnel » ne sont pas consultables par l'employeur, et l'absence de cette mention confère par défaut un caractère professionnel"
"Que prévoit l'article 226-15 du Code pénal en matière de correspondances électroniques ?","Un an d'emprisonnement et 45 000 euros d'amende pour le fait d'intercepter, détourner, utiliser ou divulguer de mauvaise foi des correspondances émises par voie de télécommunications, ou d'installer des appareils conçus pour de telles interceptions"
"Quels trois grands principes le rapport de la CNIL du 5 février 2002 sur la cybersurveillance retient-il ?","Le principe de proportionnalité, le principe d'information préalable des salariés, et le principe de consultation et de discussion préalable du comité d'entreprise ou des représentants du personnel"
"Un logiciel d'analyse des journaux de connexion doit-il être déclaré à la CNIL ?","Oui, dès lors qu'il permet de collecter de l'information individuelle et qu'il est destiné à contrôler l'activité des utilisateurs ; les fichiers de journalisation eux-mêmes sont une mesure de sécurité préconisée par la CNIL, sans vocation première de contrôle"
"Quel article pose le principe de la protection du droit d'auteur et quels attributs ce droit comporte-t-il ?","L'article L.111-1 du code de la propriété intellectuelle : l'auteur d'une œuvre de l'esprit jouit d'un droit de propriété incorporelle exclusif et opposable à tous, comportant des attributs d'ordre intellectuel et moral et des attributs d'ordre patrimonial"
"Que signifie que la propriété du droit d'auteur est de nature incorporelle ?","Elle porte sur la création de l'œuvre et non sur l'objet matériel qui l'incorpore ; la vente du support (tableau, CD, CD-ROM) n'emporte pas cession des droits d'auteur"
"Quels sont les droits patrimoniaux de l'auteur ?","Le droit de reproduction (ou d'édition) et le droit de communication (représentation) ; ils permettent de tirer un bénéfice économique et peuvent faire l'objet d'une cession ou d'une concession"
"Quelle est la différence entre la cession et la licence (concession) d'un logiciel ?","La cession emporte cession des droits patrimoniaux sur les codes sources ; la licence ne confère qu'un simple droit d'usage, généralement non exclusif et sur un seul poste, l'auteur conservant les codes sources et ne remettant que le code objet ou exécutable"
"Quels sont les droits moraux de l'auteur ?","Le droit de divulgation, le droit de paternité, le droit à l'intégrité de l'œuvre et le droit de s'opposer à toute atteinte préjudiciable à son honneur et à sa réputation ; ils ne peuvent pas être cédés entièrement"
"Quelle formalité est nécessaire pour obtenir la protection du droit d'auteur ?","Aucune : la protection est conférée du simple fait de la création d'une œuvre de l'esprit ; un dépôt ou un enregistrement peut seulement faciliter la preuve de la paternité et de la date de création"
"Quelle est la durée de protection des droits d'exploitation d'un auteur ?","La vie de l'auteur, puis l'année civile en cours et les soixante-dix ans qui suivent son décès au profit de ses ayants droit (loi du 27 mars 1997) ; ensuite l'œuvre tombe dans le domaine public, sous réserve du droit moral qui est perpétuel"
"Comment la loi DADVSI de 2004 a-t-elle réglé la question du droit d'auteur des fonctionnaires ?","Elle reconnaît expressément aux agents publics la qualité d'auteur pour les œuvres qu'ils créent, même dans le cadre de leurs fonctions, mais confère à l'administration le droit d'exploitation de l'œuvre à des fins non commerciales dans l'accomplissement de sa mission de service public"
"Quels sont les droits d'une personne publique sur un logiciel « sur étagère » et sur un logiciel qu'elle développe elle-même ?","Sur un logiciel sur étagère, elle n'a qu'un droit d'usage (concession) ; sur un logiciel qu'elle développe elle-même, elle dispose du droit d'exploitation dans l'accomplissement de sa mission de service public, sans qu'on puisse lui opposer de droits d'auteur"
"Quels deux CCAG sont utilisés dans le monde informatique et quelle est leur limite ?","Le CCAG FCS (Fournitures Courantes et Services) et le CCAG PI (Prestations Intellectuelles) ; aucun des deux ne traite de façon satisfaisante de la cession des droits pour une mutualisation sous licence de logiciel libre"
"À quelle condition un programme d'ordinateur est-il protégé par le droit d'auteur ?","À la condition qu'il soit original, c'est-à-dire qu'il porte la marque intellectuelle de son auteur ; la directive européenne du 14 mai 1991 consacre cette protection, qui couvre aussi le matériel de conception préparatoire"
"Qu'est-ce que la loi DADVSI et quelle directive transpose-t-elle ?","La loi sur le Droit d'Auteur et les Droits Voisins dans la Société de l'Information, adoptée le 30 juin 2006, qui transpose la directive européenne du 22 mai 2001 (EUCD), portant sur le droit de reproduction, de communication et de distribution"
"Qu'a censuré le Conseil constitutionnel dans la loi HADOPI par sa décision du 10 juin 2009 ?","Les dispositions confiant à une autorité administrative le pouvoir de restreindre ou d'empêcher l'accès à Internet : la coupure de l'accès nécessite une décision judiciaire ; il a aussi censuré les « mouchards filtrants », si bien que la riposte graduée en trois phases n'a pu voir le jour en l'état"
"Quelle est la triple mission de la HADOPI ?","Encourager l'offre légale et observer l'utilisation des œuvres, protéger les œuvres, et réguler et veiller dans le domaine des mesures techniques de protection et d'identification des œuvres"
"Quelles sont les quatre libertés qui définissent un logiciel libre ?","L'exécution du programme pour tous les usages, la liberté de l'étudier et de l'adapter (accès au code source), la liberté de redistribuer des copies (avec ou sans contrepartie financière) et la liberté de le modifier ; « libre » ne signifie pas « gratuit »"
"Quelle est la différence entre un logiciel libre et un gratuiciel (freeware) ou un partagiciel (shareware) ?","Les gratuiciels et partagiciels sont distribués sous forme binaire, avec le seul code exécutable et sans le code source, et leur licence concède rarement plus que le droit d'exécuter le logiciel"
"Qu'est-ce que le copyleft et quelle est sa mise en œuvre la plus répandue ?","Le « gauche d'auteur » : des conditions de distribution qui utilisent les lois du droit d'auteur pour empêcher de transformer du logiciel libre en logiciel propriétaire, en interdisant d'ajouter des restrictions ; sa mise en œuvre la plus répandue est la GPL (General Public License)"
"Quelle loi affirme la valeur juridique de la signature électronique en France et dans quel contexte ?","La loi du 13 mars 2000, qui modifie le code civil et le droit de la preuve ; elle s'inscrit dans le cadre de la directive européenne du 13 décembre 1999 et est complétée par des décrets (30 mars 2001, 13 décembre 2001)"
"Quelles deux catégories de signatures électroniques la directive européenne du 13 décembre 1999 reconnaît-elle ?","La signature « simple » (donnée servant de méthode d'authentification, recevable comme preuve mais sans valeur équivalente à la signature manuscrite) et la signature « avancée » (basée sur un certificat qualifié et un dispositif sécurisé, équivalente à la signature manuscrite)"
"Quelles sont les quatre conditions de l'équivalence entre support électronique et support papier selon la loi du 13 mars 2000 ?","La personne dont émane l'écrit doit être identifiable par un procédé fiable ; l'écrit doit être créé et conservé dans des conditions garantissant son intégrité ; un procédé fiable doit garantir le lien de la signature avec l'acte"
"Quelle est la différence entre la signature électronique simple et la signature présumée fiable ?","Pour la signature simple, le procédé n'est pas présumé fiable et il faut prouver sa fiabilité en cas de contestation ; pour la signature présumée fiable, la fiabilité est présumée et c'est au demandeur de prouver qu'elle ne l'est pas"
"Quels trois éléments interviennent dans une signature électronique ?","Un chiffrement (algorithme et clé, la loi française autorisant une clé limitée à 128 bits), une empreinte (hash obtenu par une fonction de hachage, version synthétique et unique du document) et un certificat électronique (fichier public de 8 à 10 Ko identifiant l'émetteur avec sa clé publique)"
"Qu'est-ce qu'un espiogiciel (spyware) et est-il illégal en soi ?","Un petit programme installé le plus souvent à l'insu de l'utilisateur, qui collecte des données sur son comportement et sa machine et les transmet à son créateur à des fins publicitaires ; il n'est pas illégal en soi, sa licéité étant conditionnée au consentement exprès de l'utilisateur"
"Qu'est-ce que la RFID et quel risque présente-t-elle pour la vie privée ?","L'identification par radiofréquence : de petites puces à antenne (« radio tags » ou « étiquettes intelligentes ») insérées dans les étiquettes des produits ; le risque est la lecture à distance des informations stockées dans la puce"
"Que transpose la loi n° 2004-669 du 9 juillet 2004 et quelle simplification apporte-t-elle ?","Elle transpose le « paquet télécoms » européen ; elle supprime les autorisations pour installer les réseaux et offrir les services, remplacées par une simple déclaration auprès de l'Autorité de régulation des télécommunications, seules subsistant les autorisations pour les fréquences radioélectriques assignées"
"De quoi le service public des télécommunications est-il constitué ?","Du service universel, des services obligatoires et des missions d'intérêt général ; le service universel doit permettre un accès téléphonique avec un débit suffisant pour un accès fonctionnel à Internet, et le télex a été retiré des services obligatoires"
"Comment les opérateurs du service universel sont-ils désormais désignés ?","Par appel à candidatures lancé par le ministre chargé des communications électroniques, portant sur les conditions de fourniture et le coût ; chaque composante est attribuée au niveau national, et le financement se fait selon le chiffre d'affaires des opérateurs"
"Quel est le rôle de l'Agence nationale des fréquences (ANFR), créée en 1997 ?","La gestion des fréquences en France, avec un rôle en matière de santé publique : elle peut s'opposer à tout projet d'installation d'une station radioélectrique ne respectant pas les valeurs limites d'exposition du public aux champs électromagnétiques"
"Quelle directive la LCEN du 21 juin 2004 transpose-t-elle et autour de quels titres s'articule-t-elle ?","La directive 2000/31/CE du 8 juin 2000 sur le commerce électronique ; elle s'articule en cinq titres : liberté de communication en ligne, commerce électronique, sécurité dans l'économie numérique, systèmes satellitaires, développement des TIC"
"Comment la LCEN encadre-t-elle la responsabilité des hébergeurs ?","Leur responsabilité n'est engagée que s'ils ont une connaissance effective de l'activité ou de l'information illicite et n'ont pas agi promptement pour la retirer ou en rendre l'accès impossible ; ils n'ont aucune obligation générale de surveiller les contenus"
"Que prévoit l'article 1369-4 du code civil issu de la LCEN pour la conclusion d'un contrat électronique ?","Que l'acceptation de l'offre par le consommateur prenne la forme d'un « double clic » (ou d'un protocole équivalent), accompagné des informations récapitulatives du contrat, et qu'un accusé de réception rapide soit émis par le professionnel"
"Pour quelles catégories de contrats le formalisme papier est-il préservé malgré la LCEN ?","Les contrats relatifs à des sûretés (sauf s'ils sont passés à titre professionnel), les contrats soumis à autorisation ou homologation de l'autorité judiciaire, et les contrats sous seing privé passés en droit de la famille et des personnes"
"Quelles étapes le statut de France Télécom a-t-il connues jusqu'à sa privatisation ?","Direction générale des télécommunications (années 1980), puis exploitant public doté de la personnalité juridique (loi du 2 juillet 1990), puis société anonyme (loi de juillet 1996), enfin fin de l'obligation de détention majoritaire par l'État (loi du 31 décembre 2003) et transfert au secteur privé (décret du 3 mai 2004)"
"Quels sont les trois principes fondamentaux de la commande publique ?","La liberté d'accès à la commande publique, l'égalité de traitement des candidats et la transparence des procédures"
"Que recouvre le principe d'égalité de traitement des candidats ?","Toute personne candidate doit être traitée comme une autre placée dans la même situation ; la personne publique doit donner à tous la même information sur le marché, notamment en transmettant à tous les candidats les questions posées et leurs réponses"
"Quelle est la différence entre la publicité et la publication d'un marché public ?","La publication est la diffusion d'un avis via les organismes officiels comme le BOAMP (Bulletin Officiel des Annonces des Marchés Publics) ; la publicité est l'utilisation de tous les moyens possibles pour faire connaître le marché : la publication est une modalité de publicité, mais la publicité ne s'y limite pas"
"À partir de quels montants la publicité puis la publication deviennent-elles obligatoires ?","En principe la publicité doit être mise en œuvre dès le premier euro, mais les marchés inférieurs à un certain seuil (20 000 puis 25 000 euros HT) en sont dispensés ; la publication devient obligatoire à partir de 133 000 euros HT pour les marchés de fournitures et de services"
"Qu'est-ce que le SAE (Service des Achats de l'État) et quand a-t-il été créé ?","Un service à compétence nationale créé par le décret du 19 mars 2009 dans le cadre de la RGPP, qui remplace l'Agence centrale des Achats ; il agit à trois niveaux : globalisation des achats, maîtrise des consommations et simplification des procédures"
"Qu'est devenue la commission d'appel d'offres (CAO) après les modifications du Code des marchés publics de décembre 2008 ?","La CAO des collectivités locales est maintenue, mais la CAO pour les marchés de l'État est supprimée (article 21) ; un comité d'expertise réunissant les techniciens à l'origine du marché et le représentant du pouvoir adjudicateur la remplace de fait"
"Qu'est-ce que la CMPE et quel est le caractère de son contrôle ?","La Commission des Marchés Publics de l'État, mise en place le 1er février 2005 en remplacement de la CSMI, chargée de contrôler les marchés informatiques à partir de 6 millions d'euros HT ; son contrôle est facultatif et non obligatoire"
"Quels sont les deux CCAG intéressant le domaine informatique ?","Le CCAG « Fournitures courantes et services » (FCS), pour les consommables et les logiciels sur étagère, et le CCAG « Prestations Intellectuelles » (PI), pour les prestations spécifiques comme les études ou les développements d'applications"
"Où figure désormais le chapitre relatif aux marchés informatiques, autrefois chapitre VII du CCAG FCS ?","Dans le CCAG TIC (Techniques de l'Informatique et de la Communication), publié en 2009, le nouveau CCAG FCS approuvé par arrêté du 19 janvier 2009 ne comportant plus ce chapitre"
"Comment choisit-on entre le CCAG FCS et le CCAG PI quand un marché mêle acquisition de matériels et prestations d'intégration ?","On se réfère au CCAG FCS si les prestations d'acquisition de matériels sont financièrement les plus importantes, et au CCAG PI si ce sont les prestations de développement qui dominent"
"Que contient le CCAP et que contient le CCTP ?","Le CCAP (cahier des clauses administratives particulières) fixe les engagements contractuels du titulaire : nature et durée du marché, modalités d'exécution et de paiement, obligations ; le CCTP (cahier des clauses techniques particulières) donne la description précise des prestations à réaliser"
"Comment le CCTP doit-il décrire les prestations sans être discriminatoire ?","Par référence à des normes ou en termes de performance et d'exigences fonctionnelles, sans mentionner un mode ou procédé de fabrication particulier ni une provenance ; une référence à une marque n'est admise que si elle est justifiée par l'objet du marché et accompagnée de la mention « ou équivalent »"
"Qu'est-ce que l'acte d'engagement ?","La pièce signée par un candidat à un marché public dans laquelle il présente son offre et adhère aux clauses rédigées par la personne publique, puis signée par cette dernière ; les bons de commande ne font plus partie des pièces constitutives du marché"
"Quelles sont les deux catégories de marchés fractionnés ?","Les marchés à bons de commande et les marchés à tranches conditionnelles"
"Quelles sont les caractéristiques d'un marché à bons de commande ?","Il s'impose quand le besoin est connu mais pas la date exacte ; sa durée ne peut excéder quatre ans ; il est conclu avec un minimum et un maximum, les obligations de publicité et de mise en concurrence se déterminant sur le maximum, l'acheteur devant commander au moins à hauteur du minimum et s'adresser exclusivement au titulaire"
"Comment fonctionne un marché à tranches conditionnelles ?","Il comprend une tranche ferme qui sera réalisée et une ou plusieurs tranches conditionnelles affermies selon le choix de la personne publique ; l'acheteur n'est engagé que sur la tranche ferme, mais les seuils de procédure et de publicité s'apprécient en additionnant l'ensemble des tranches"
"Qu'est-ce que la multi-attribution et quand y recourt-on ?","La conclusion de marchés avec plusieurs titulaires, remis en compétition lors de chaque bon de commande ; on y recourt pour les biens dont les caractéristiques techniques et le prix varient fortement, comme le matériel micro-informatique"
"Qu'est-ce que l'allotissement ?","Le procédé qui divise un marché en plusieurs lots selon la nature des fournitures et prestations, afin d'étendre la concurrence à des entreprises compétitives qui ne sont pas nécessairement aptes à réaliser l'intégralité du marché"
"Sur quoi porte la distinction entre marché unique et marché à lots, et entre marché à tranches et marché à bons de commande ?","Marché unique / marché à lots porte sur le titulaire (un ou plusieurs) ; marché à tranches / marché à bons de commande porte sur les modalités d'acquisition ou de réalisation de la prestation ; un marché unique comme un marché à lots peuvent être à tranches ou à bons de commande"
"Qu'est-ce qu'un groupement de commande et quel est le rôle du coordonnateur ?","La coordination et le regroupement des achats de plusieurs personnes publiques via une convention constitutive précisant les besoins de chacun ; le coordonnateur est chargé soit de signer et notifier le marché, soit de le signer, le notifier et l'exécuter au nom des membres"
"Qu'est-ce qu'un accord-cadre et quelle est sa durée maximale ?","Un dispositif qui sélectionne un certain nombre de prestataires, ensuite remis en concurrence lors de la survenance du besoin ou selon une périodicité fixée ; il est conclu pour une durée maximale de quatre ans et fixe les caractéristiques essentielles des prestations, complétées par les marchés subséquents"
"Quel est le seuil de dispense de publicité et de mise en concurrence pour les marchés de l'État après 2016 ?","25 000 euros HT (l'article 40 du CMP 2015 ayant relevé ce seuil de 20 000 à 25 000 euros, et le décret du 25 mars 2016 dispensant ces marchés d'obligations de publicité et de mise en concurrence)"
"Quand recourt-on à la procédure adaptée (MAPA) et qu'apporte-t-elle ?","Lorsque le montant prévisionnel est estimé entre 25 000 et 134 000 euros HT pour les fournitures et services de l'État ; l'acheteur détermine lui-même la procédure de publicité et de mise en concurrence, adaptée à l'objet, au montant et à sa taille, et peut favoriser la négociation et les échanges dématérialisés"
"À partir de quel montant l'appel d'offres est-il obligatoire pour les marchés de fournitures et services, et quelles en sont les deux variantes ?","Au-dessus de 134 000 euros HT ; les deux variantes sont l'appel d'offres ouvert et l'appel d'offres restreint"
"Quelle est la différence entre l'appel d'offres ouvert et l'appel d'offres restreint ?","Dans l'appel d'offres ouvert, le nombre de candidats n'est pas limité et le pli contient une seule enveloppe (candidature et offre), avec un délai de réception des offres d'au moins 52 jours ; dans l'appel d'offres restreint, il y a une sélection préalable des candidatures (délai d'au moins 37 jours), et seuls les candidats sélectionnés reçoivent les cahiers des charges et peuvent remettre une offre"
"Pour quel type d'achats la procédure négociée est-elle notamment utilisée, et quelles en sont les formes ?","Pour l'achat de matériels ou de logiciels protégés par des droits d'auteur, comme les packs Microsoft ; ses formes sont : avec publicité et mise en concurrence, sans publicité préalable mais avec mise en concurrence, ou sans publicité ni mise en concurrence"
"Dans quels cas le dialogue compétitif est-il possible ?","Uniquement lorsque le marché est considéré comme complexe : le pouvoir adjudicateur n'est pas en mesure de définir seul les moyens techniques répondant à ses besoins, ou n'est pas en mesure d'établir le montage juridique ou financier de son projet ; cette procédure combine négociation et appel d'offres"
"Quels sont les trois types de capacités des candidats examinés au titre des critères de candidature ?","Les capacités techniques (moyens matériels et humains), les capacités financières (crédibilité financière, chiffre d'affaires, attestations bancaires, bilans) et les capacités professionnelles (qualifications requises pour la bonne exécution du marché)"
"La pondération des critères s'applique-t-elle aux critères de candidature ?","Non, la pondération n'est valable que pour les critères de choix ; les critères de candidature (capacités, références, potentialités) ne sont pas pondérés et ne peuvent en aucun cas constituer un critère de choix des offres"
"Quelles sont les trois grandes étapes de vérification dans un marché de fournitures courantes et de services ?","La mise en ordre de marche (MOM), réalisée par le titulaire dans un délai d'un mois après la livraison ; la vérification d'aptitude (VA), qui constate que les prestations sont aptes à remplir leurs fonctions ; la vérification de service régulier (VSR), qui s'observe pendant un mois"
"Selon le CCAG, quand un service est-il réputé régulier lors de la VSR ?","Si la durée cumulée sur le mois des indisponibilités imputables à chaque élément de matériel ne dépasse pas 2 % de la durée d'utilisation effective, celle-ci s'étendant de 8 heures à 18 heures, du lundi au vendredi, jours fériés exclus ; en règle générale, la VSR vaut admission"
"À quelles conditions un titulaire peut-il recourir à la sous-traitance et qui demeure responsable ?","Il doit obtenir du pouvoir adjudicateur l'acceptation de chaque sous-traitant ; le titulaire demeure personnellement responsable de l'exécution de toutes les obligations du marché, car il n'existe pas de relation contractuelle entre le maître d'ouvrage et le sous-traitant ; le paiement direct s'applique si le contrat de sous-traitance est égal ou supérieur à 600 euros TTC"
"Qu'est-ce qu'un avenant et quelles sont ses limites ?","L'acte juridique par lequel les parties conviennent de modifier ou compléter une ou plusieurs clauses du marché ; il ne peut bouleverser l'économie du marché, ni en changer l'objet, ni toucher à des éléments substantiels comme le prix ; le seuil au-delà duquel il constitue un nouveau marché est apprécié au cas par cas par le juge administratif"
"Quelles échéances de dématérialisation des marchés publics faut-il retenir ?","À partir du 1er janvier 2010, pour les marchés de plus de 90 000 euros HT : publication électronique des avis d'appel public à la concurrence et du DCE, réponse électronique obligatoire pour les candidats du secteur informatique ; à partir du 1er janvier 2012, le pouvoir adjudicateur ne peut plus refuser les documents transmis par voie électronique"
"Sur quel réseau s'appuie la téléphonie traditionnelle et comment l'appelle-t-on en anglais ?","Sur le Réseau Téléphonique Commuté public (RTCP ou RTC), en anglais Public Switched Telephone Network (PSTN)"
"Quelles sont les contraintes de latence de la téléphonie interactive ?","Latence inférieure à 300 ms pour une interaction humaine acceptable, inférieure à 150 ms pour une bonne qualité de conversation, et idéalement inférieure à 28 ms pour que l'écho ne soit pas sensible ; en pratique les terminaux embarquent des suppresseurs d'écho"
"Qu'est-ce qu'un PABX ?","Private Automatic Branch eXchange : un commutateur téléphonique privé d'entreprise qui relie les lignes internes entre elles et vers le réseau public"
"À quoi sert la signalisation téléphonique ?","À localiser le destinataire via son numéro, faire sonner son poste, établir la liaison, la maintenir, la relâcher en fin de communication et assurer la facturation ; le RNIS y a ajouté la présentation du numéro, le transfert d'appel, etc."
"Quel ensemble de protocoles définit la signalisation téléphonique et par quel organisme ?","Le Signaling System #7 (SS7), défini par l'Union Internationale des Télécommunications (UIT) ; aujourd'hui les flux de signalisation et de voix circulent sur des canaux dédiés"
"Qu'est-ce qu'un codec et quel constat permet le multiplexage de la voix numérisée ?","Un codeur-décodeur qui numérise le son en une suite de bits ; comme on ne parle en moyenne que 35 % du temps d'une conversation, le multiplexage exploite les silences pour optimiser les ressources"
"Qu'est-ce que la VoIP et à quoi ne se limite-t-elle pas ?","La voix sur IP : au-delà de la téléphonie sur IP, elle couvre aussi la vidéo sur IP, la visioconférence, la gestion des autocommutateurs sur IP (IPBX) et les messages échangés avec les postes IP ou leur interface logicielle"
"Quels sont les objectifs de la VoIP ?","Convergence des réseaux vers un réseau unique (données, voix, vidéo) ; réduction des coûts grâce aux abonnements IP forfaitaires ; nouveaux services (présence par exemple) ; gestion simplifiée par la disparition des commutateurs locaux et l'administration des téléphones à distance en IP"
"Quels impacts propres le transport par paquets a-t-il sur la voix par rapport au transport par circuit ?","Absence de réservation de ressource : les délais de transit varient d'un paquet à l'autre, ce qui déforme le débit de parole (accélération, ralentissement, saccades) ; l'ordre initial des paquets peut ne pas être respecté"
"Quels sont les deux principaux protocoles de signalisation de la VoIP et leurs organismes ?","H.323 (en fait H.225 et H.245), défini par l'UIT, et SIP, issu de l'IETF (Internet Engineering Task Force)"
"Qu'est-ce que l'effet de gigue ?","Le décalage variable introduit dans les signaux de parole par le transport asynchrone en mode paquet ; il doit être compensé par les équipements et applications d'extrémité"
"Quels rôles jouent respectivement RTP et RTCP ?","RTP (Real-time Transport Protocol) compense les effets de gigue et les changements d'ordre des paquets pour les données isochrones (voix, vidéo) ; RTCP (Real-time Transport Control Protocol) transporte les informations sur la qualité de transmission et sur l'identité des participants"
"Par quel protocole de transport RTP et RTCP sont-ils le plus souvent véhiculés et avec quelle influence sur la QoS ?","Le plus souvent par UDP ; ils n'ont aucune influence sur la qualité de service fournie par le réseau IP sous-jacent"
"Qu'est-ce que le MOS et sur quelle échelle se mesure-t-il ?","Le Mean Opinion Score : la qualité d'un flux mesurée de 2 à 5 ; 5 correspond à la haute qualité des flux RNIS, 2 à l'équivalent d'une voix robotisée"
"Citez des exemples de codecs audio et vidéo utilisés en VoIP.","Audio : G711, G722, G726, G728, G729 ; vidéo : H261, H263, H264 (MPEG4 AVC)"
"Pourquoi le codec G711 reste-t-il une référence et que fournit le G722 ?","G711, le plus ancien, obtient un score MOS de 4,2, ce qui en fait un référent ; G722 fournit un codage large bande utilisé pour les applications de conférence mais très gourmand en bande passante"
"Qu'est-ce que la norme H.323 et qui la définit ?","Un ensemble de normes de l'UIT pour les communications multimédia dans les réseaux IP, à la fois pour le cœur de réseau et pour le dialogue avec les autocommutateurs IPBX ; la dernière version 7.1 date de mars 2013"
"Comment H.323 établit-il un appel au niveau transport ?","Il recourt à deux connexions TCP différentes, verrouillées sur des ports distincts et chargées de fonctions précises ; les équipements échangent leurs capacités audio et vidéo et définissent éventuellement un maître (responsable par exemple de la transmission des clés de chiffrement) et un esclave"
"Quels sont les deux inconvénients du recours à TCP pour la signalisation H.323 ?","En cas de congestion du réseau de transport, les paquets IP peuvent arriver trop tard ; TCP est orienté flux et non messages, ce qui oblige H.323 à adapter et transformer la nature des trames selon les besoins de synchronisation"
"Qu'est-ce que SCCP et par quoi H.323 est-il remplacé aujourd'hui ?","SCCP (Skinny Call Control Protocol) est une évolution propriétaire de H.323 utilisée par Cisco ; H.323 est aujourd'hui remplacé par SIP"
"Qu'est-ce que le protocole SIP et par quel organisme est-il défini ?","Session Initiation Protocol, protocole orienté session (premiers développements en 1999), défini par l'IETF, en particulier la RFC 3261 complétée par plusieurs dizaines d'autres RFC ; c'est le protocole principal de signalisation en VoIP"
"Quelles fonctions SIP assure-t-il et que ne transporte-t-il pas ?","Il établit, modifie et termine des sessions multimédia, gère l'authentification et la localisation des participants et la négociation des types de média en encapsulant des messages SDP (Session Description Protocol) ; il ne transporte pas les données de la session (voix, vidéo), assurées le plus souvent par RTP"
"Quels sont les avantages de SIP par rapport à H.323 ?","Plus souple, plus rapide et plus modulaire ; la mobilité (personal mobility) y est centrale : avec la même identité un utilisateur est joignable par différents moyens (domicile, travail, portable, tablette) ; son architecture distribuée le rend plus apte à la montée en charge"
"Qu'est-ce que le MOS traduit et à quoi correspond un rapport signal/bruit dégradé pour les signaux faibles ?","Le MOS traduit la qualité perçue ; le rapport signal/bruit est linéaire jusqu'à saturation mais pénalise les signaux faibles : on peut tomber à 15 dB pour les faibles signaux, ce qui est franchement mauvais (échelle : 90 dB haute fidélité, 50 excellent, 30 bon, 20 moyen, 10 inexploitable)"
"D'après le théorème de Shannon, quelle fréquence d'échantillonnage retient le codec G.711 et pourquoi ?","La bande téléphonique étant limitée à fmax = 3400 Hz, la fréquence d'échantillonnage est fixée à 8000 Hz, soit environ 2,35 fmax"
"Quels éléments de réseau la norme H.323 définit-elle ?","Les terminaux, les garde-barrières (gatekeepers), les passerelles (gateways H.323 vers H.320/H.324) et les contrôleurs multipoints (MCU, avec MC Multipoint Controller et MP Multipoint Processor)"
"Quels sont les rôles du garde-barrière (gatekeeper) H.323 ?","La traduction d'adresse (association entre un alias H.323 et une adresse IP, aussi appelée localisation), la gestion des autorisations (permission d'appeler, limitation de bande passante, gestion du trafic LAN), la gestion des appels, la journalisation et la génération d'états"
"À quoi sert un MCU (Multipoint Control Unit) ?","À gérer les conférences, c'est-à-dire les communications mettant en jeu plus de deux interlocuteurs ; le multipoint est assuré par les Multipoint Controller (MC) et Multipoint Processor (MP)"
"Quels sont les principaux protocoles utilisés dans H.323 ?","H.323 (System Document), H.225.0 (signalisation d'appel, empaquetage, enregistrement au garde-barrière, admission et état), H.245 (contrôle), T.120 (contrôle des données et des conférences), RTP et RTCP (IETF)"
"Pourquoi utilise-t-on UDP plutôt que TCP pour la vidéo temps réel ?","TCP est trop lent pour du trafic temps réel ; UDP, protocole de niveau 4, a un en-tête de 8 octets (trois fois moins que TCP) réduit aux ports source et destination, à la longueur et à un checksum optionnel ; il se contente de multiplexer/démultiplexer, sans acquittement ni contrôle de congestion, ce qui accélère la communication"
"Quelle limite d'UDP RTP doit-il compenser pour la vidéo ?","UDP ne donne pas d'information sur le séquencement des paquets ni d'horodatage : il ne gère ni la synchronisation ni la remise en ordre ; cette fonction est implémentée sur les couches supérieures par un protocole ad hoc de type RTP"
"En quoi le caractère « best effort » d'Internet gêne-t-il la visioconférence et qu'apporte IPv6 ?","Internet est conçu pour les données informatiques : la gigue (paquets à intervalles irréguliers) dégrade fortement les performances ; IPv6 apporte des réponses via le flow label et les indices de priorité qui préservent l'intégrité d'un flux et tiennent compte des contraintes de temps dans le routage"
"Qu'est-ce que le CTI (Computer Telephony Integration) ?","Un concept apparu à la fin des années 80 qui vise à associer dynamiquement l'informatique et la téléphonie ; il est aujourd'hui natif dans les serveurs centraux de téléphonie (IPBX)"
"Dans sa définition générale, que relie le CTI et dans quel but ?","Il relie le PABX de l'entreprise au serveur CTI pour raccorder le réseau téléphonique au réseau informatique : le PABX communique en temps réel l'état du réseau téléphonique à l'informatique, qui peut en retour générer des commandes téléphoniques"
"Qu'est-ce qu'un IPBX par rapport à un PABX ?","Un autocommutateur interconnecté au réseau local Ethernet ; les IPBX sont des serveurs spécialisés qui apportent les fonctions du couplage téléphonie/informatique, les interfaces PABX-LAN se raréfiant"
"Qu'est-ce que la TAO et de quelles briques se compose-t-elle ?","La téléphonie assistée par ordinateur : elle relie via un lien CTI une application informatique au poste téléphonique ; ses briques sont le pôle téléphonique, le pôle informatique et éventuellement un serveur vocal interactif (SVI / IVR) qui qualifie l'appel ; les trois réunies constituent un centre d'appel"
"Quelle est la différence entre un applicatif CTI « First Party » et « Third Party » ?","First Party : gestion d'un seul poste de travail considéré comme extrémité active d'une communication, orienté bureautique simple ; Third Party : gestion simultanée de n postes depuis un applicatif sur une seule machine serveur, pour les applications verticales (bureautique complexe, call center)"
"Qu'est-ce qu'un ACD (Automatic Call Distribution) ?","Un distributeur d'appels automatique qui écoule au mieux les flux d'appels entrants placés dans les files d'attente"
"Quelle est la différence entre l'émission d'appel CTI en mode prédictif et en mode preview ?","En mode prédictif, l'appel est déclenché par l'application CTI du serveur et n'est transféré à un agent libre que lorsqu'il y a réponse ; en mode preview, l'appel est déclenché après que le téléacteur l'a prévisualisé au travers de son application client"
"Sur quels quatre éléments repose un système de CTI ?","L'autocommutateur, le serveur de couplage, le serveur vocal et le middleware"
"Quel est le rôle du serveur de couplage dans un système CTI ?","C'est la clé de voûte du système : il centralise les commandes téléphoniques et les échanges avec l'informatique, de sorte que le bon dossier se présente sur l'écran de la personne qui prend l'appel"
"À quoi sert le middleware dans un système CTI ?","À parfaire l'intégration avec les grands progiciels de gestion ou d'autres applications : ses interfaces de programmation (TAPI, TSAPI, CSTA) et ses outils permettent de développer les commandes d'appel téléphonique liées à l'application"
"Quels sont les quatre services simples du CTI ?","Établissement d'appel, notification des appels reçus, réponse (prise de l'appel après notification) et libération de l'appel en cours"
"Citez des services complexes du CTI.","Double appel, transfert (mise en relation des deux demandés après retrait du demandeur), conférence à trois, reprise (reprise de l'appel en garde), déviation pendant la sonnerie, suivi des appels, envoi de fréquences vocales Q23, suivi de communication"
"Quels sont les quatre grands types d'applications du CTI identifiés par IDC ?","Le CTI bureautique (synchronisation appels-données, messagerie unifiée, annuaires, télécopie), l'intégration CTI/Internet (fax et téléphonie sur Internet), le Web Call Centre et les centres d'appels"
"Quels apports le CTI offre-t-il à la bureautique communicante ?","Améliorer l'accueil par un service personnalisé, accéder immédiatement au dossier client et à l'historique de ses appels, associer voix et données lors d'un transfert, gérer les absences, planifier les appels, appliquer des règles de priorité, permettre le travail coopératif et garder l'accès aux ressources où qu'on soit"
"Quelles questions faut-il se poser avant de choisir une solution CTI ?","Quel type d'application CTI déployer ? Jusqu'où pousser l'intégration du CTI dans l'entreprise ? Quel type d'architecture mettre en place ? L'autocommutateur est-il compatible ? Sans sous-estimer l'élaboration du cahier des charges et l'évolutivité de la solution"
"Pourquoi la téléphonie mobile 4G recourt-elle à la VoIP ?","La 4G (LTE-Advanced) utilise nativement la VoIP pour les communications ; la voix sur IP s'est aussi imposée chez les FAI, qui proposent des communications gratuites, et via des offres logicielles comme Skype"
"À quelles problématiques de sécurité la VoIP doit-elle répondre ?","Confidentialité, authentification, intégrité et disponibilité"
