Que désigne l'acronyme NOS ?;Network Operating System;Networked Object Server;New Operating Standard;Native OS Scheduler;2;NOS signifie Network Operating System : un logiciel qui contrôle les activités du réseau et fournit des services aux machines connectées.
Combien de raisons principales justifient la construction d'un système réparti ?;Deux;Quatre;Six;Trois;3;Le cours en cite quatre : partage de ressources, accélération du calcul, fiabilité et communication.
Quel mécanisme de bas niveau est le plus couramment utilisé par un système de fichiers réparti ?;Le protocole SMTP;La commutation de circuits;Le montage automatique;L'appel de procédure à distance (RPC);5;La fonction de bas niveau la plus commune est le RPC, message structuré adressé à un démon qui écoute un port sur le système distant.
Parmi ces éléments, lequel relève de l'authentification par attribut utilisateur ?;Une carte à puce;Un mot de passe;Une empreinte digitale;Un identifiant de connexion;4;L'attribut utilisateur correspond à ce que l'utilisateur est : empreinte digitale, reconnaissance rétinienne ou signature.
Quel est le principal problème de la mise en cache d'un fichier distant côté client ?;Le maintien de la cohérence avec le fichier principal;L'absence de chiffrement;La taille des paquets;La lenteur du réseau;2;Le problème réside dans le maintien d'une cohérence entre les copies en mémoire cache et le fichier principal.
À quoi servent les estampilles dans un système réparti ?;À chiffrer les messages;À offrir un ordre cohérent des événements;À supprimer les interblocages;À compresser les données;3;Sans horloge ni mémoire commune, on utilise des estampilles pour offrir un ordre cohérent des événements dans un système réparti.
Quel protocole de validation garantit l'atomicité d'une transaction répartie ?;Le codage Manchester;Le protocole 2PC (validation en deux phases);Le protocole RIP;Le protocole ARP;3;Pour assurer l'atomicité, tous les sites doivent s'accorder sur le dénouement, le protocole de validation le plus répandu est le 2PC.
Que détermine un algorithme d'élection dans un système réparti ?;La taille du quantum de temps;Le nouveau coordinateur après une panne;Le masque de sous-réseau;L'ordre des couches OSI;3;Les algorithmes d'élection déterminent où redémarrer une nouvelle copie du coordinateur une fois l'ancien tombé en panne.
Qu'est-ce qu'un système d'exploitation dit préemptif ?;Un système qui alloue un quantum puis reprend le processeur;Un système monoprocesseur uniquement;Un système sans multitâche;Un système sans mémoire virtuelle;2;Un quantum de temps d'exécution est alloué au processus puis le système reprend le processeur : on parle de système préemptif.
Dans un serveur partitionné, qu'est-ce qu'une partition ?;Une table du disque dur;Un fichier de configuration;Un segment réseau isolé;Un serveur logique avec sa propre instance d'OS et ses ressources;5;Le partitionnement partage un serveur physique en plusieurs serveurs logiques, chacun appelé partition, avec sa propre instance de système et ses ressources.
Quelle est la différence clé entre partitionnement statique et dynamique ?;Le statique n'utilise pas de mémoire;Le dynamique échange des ressources sans redémarrage;Le statique est plus rapide;Le dynamique est réservé à Linux;3;Le partitionnement dynamique permet d'échanger processeur, mémoire et E/S entre partitions sans arrêt ni redémarrage, contrairement au statique.
Quel est l'objectif principal d'un cluster de serveurs ?;Réduire la consommation électrique;Augmenter la fréquence des processeurs;Assurer un accès continu aux applications malgré une défaillance;Chiffrer les communications;4;Un cluster est un ensemble de nœuds coopératifs assurant la continuité de service malgré la panne d'une machine, d'un OS ou d'une application.
Dans un cluster de failover classique à deux nœuds, quel est l'état du second nœud ?;Inactif, en attente d'une bascule;Dédié à la sauvegarde des journaux;Dédié au routage;Actif et partageant la charge;2;Un nœud est actif et héberge les applications, l'autre est inactif (nœud de backup) et attend une bascule éventuelle.
Comment le logiciel cluster surveille-t-il la disponibilité des nœuds ?;Par lecture du BIOS;Par le protocole HTTP;Par des paquets d'information envoyés en continu sur un réseau privé;Par des requêtes DNS;4;Dans chaque nœud, un process cluster envoie constamment des paquets d'information au logiciel cluster sur un réseau Ethernet privé.
Qu'est-ce qui caractérise physiquement un serveur lame (blade) ?;Un serveur autonome avec sa propre alimentation;Un serveur uniquement virtuel;Un serveur plat enfichable dans un châssis mutualisant alimentations et ventilateurs;Un boîtier de stockage NAS;4;Les serveurs lames sont des serveurs plats enfichables dans un châssis qui partage alimentations, ventilateurs et commutateurs, souvent redondants et remplaçables à chaud.
Quel service a été implémenté pour référencer le nombre croissant de machines connectées ?;Le DNS;Le DHCP;Le NTP;Le NAT;2;Le cours indique qu'un service névralgique permettant de référencer le nombre croissant de machines a été implémenté : le DNS.
Que permet la duplication de fichiers sur plusieurs machines dans un système réparti ?;De supprimer le besoin de sauvegarde;D'améliorer la disponibilité et la performance;De réduire la sécurité;De diminuer la mémoire nécessaire;3;La duplication est une redondance utile qui améliore la disponibilité et peut améliorer la performance en servant une requête depuis une copie proche.
Selon le cours, la protection absolue d'un système contre l'abus malveillant est :;Toujours garantie par le chiffrement;Sans intérêt pratique;Impossible, mais on peut décourager la plupart des tentatives;Assurée par l'authentification simple;4;Le cours précise que la protection absolue est impossible, mais que l'on peut rendre la difficulté assez élevée pour décourager la plupart des tentatives d'accès non autorisé.
Quelle est la fonction essentielle d'un réseau informatique ?;Stocker des données;Chiffrer des fichiers;Accélérer un processeur;Faire communiquer des entités, ici des ordinateurs;5;Le but d'un réseau est de faire communiquer ensemble des entités, pour un réseau informatique ces entités sont des ordinateurs.
À quoi peut-on comparer un protocole réseau ?;À un câble;À un système d'exploitation;À une langue commune régissant l'échange;À une carte réseau;4;Un protocole est une description formelle de règles et de conventions, on le compare à une langue commune entre interlocuteurs.
Quel organisme est à l'origine d'ARPANET ?;Le CERN;L'IEEE;L'ARPA du ministère américain de la Défense;L'ISO;4;ARPANET est un réseau conçu par l'ARPA, agence de recherche du Département de la Défense américain (DoD).
Quelle technologie de commutation ARPANET a-t-il retenue ?;La commutation de circuits;La commutation temporelle;La commutation par paquets en mode datagramme;La commutation optique;4;ARPANET a adopté la commutation par paquets, jugée prometteuse et plus résistante que la commutation de circuits du réseau téléphonique.
En quelle année le premier lien ARPANET a-t-il été établi ?;1983;1965;1974;1969;5;Le premier lien ARPANET a été établi le 21 novembre 1969 entre l'UCLA et le Stanford Research Institute.
Que représentent les RFC pour Internet ?;La mémoire collective interne consignant les normes techniques;Des équipements de commutation;Des logiciels propriétaires;Des adresses IP réservées;2;Les RFC forment un système de documentation ouverte devenu la mémoire collective interne d'Internet, consignant toutes les normes techniques adoptées.
Quel groupe a produit les premiers protocoles d'ARPANET comme Telnet et FTP ?;L'ICANN;L'IETF;Le NWG (Network Working Group);Le W3C;4;Le NWG, groupe de doctorants des quatre sites d'ARPANET dirigé par Steve Crocker, a mis au point les premiers protocoles et applications.
Qu'étaient les IMP dans ARPANET ?;Des terminaux passifs;Des modems analogiques;Des serveurs de fichiers;De petits ordinateurs spécialisés dans la commutation des messages;5;Les IMP (Interface Message Processor), construits par BBN, étaient de petits ordinateurs spécialisés dans la commutation des messages, ancêtres des routeurs.
Quel organisme normalise le modèle OSI ?;L'ISO;Le DoD;L'IEEE;L'ANSI;2;Le modèle OSI (Open Systems Interconnection) est normalisé par l'ISO, International Standard Organization.
Le modèle DoD découle principalement :;Du modèle SNA d'IBM;De l'implémentation des protocoles TCP et IP;De la norme ISO 7498;Du réseau Cyclades;3;Le modèle DoD, aussi appelé modèle TCP/IP, découle de l'implémentation des protocoles TCP et IP créés au milieu des années 1970.
Combien de couches compte le modèle OSI ?;Sept;Quatre;Huit;Cinq;2;Le modèle OSI comporte sept couches : Physique, Liaison, Réseau, Transport, Session, Présentation, Application.
Combien de couches compte le modèle DoD dans sa présentation habituelle ?;Sept;Trois;Six;Quatre;5;Le modèle DoD est habituellement présenté en quatre couches : Application, Transport, Réseau et Accès réseau.
Quelle couche OSI assure le routage et l'acheminement des blocs de données ?;La couche Physique;La couche Liaison de données;La couche Réseau;La couche Session;4;La couche 3 Réseau assure l'acheminement et le routage des blocs de données entre systèmes d'extrémité et définit leur taille.
Quelle couche OSI rend le transport transparent aux couches supérieures et découpe les messages ?;La couche Réseau;La couche Transport;La couche Application;La couche Présentation;3;La couche 4 Transport contrôle le transfert de bout en bout, découpe les messages en paquets et les reconstitue pour les couches supérieures.
Quelle couche OSI convertit les codes comme ASCII ou EBCDIC et peut chiffrer ou compresser ?;La couche Présentation;La couche Session;La couche Application;La couche Liaison;2;La couche 6 Présentation met en forme les données, convertit les codes et peut assurer le chiffrement et la compression.
Dans le modèle DoD, la couche Application reprend quelles couches OSI ?;Application, Présentation et Session;Réseau et Transport;Transport et Session;Physique et Liaison;2;La couche Application du modèle DoD reprend les fonctionnalités des couches Application, Présentation et Session d'OSI.
Quelle est la différence entre TCP et UDP ?;TCP est sans connexion, UDP orienté connexion;Les deux sont non fiables;UDP assure le contrôle de flux mais pas TCP;TCP est fiable et orienté connexion, UDP non fiable et sans connexion;5;TCP est fiable, orienté connexion, avec contrôle de flux, UDP est non fiable et sans connexion, utilisé par exemple pour la voix.
Quels protocoles, outre IP, implémentent la couche Réseau du modèle DoD ?;Telnet et TFTP;ARP, RARP et ICMP;SMTP, HTTP et FTP;TCP et UDP;3;Outre IP, la couche Réseau du modèle DoD est implémentée par ARP, RARP et ICMP.
Que regroupe la couche Accès réseau du modèle DoD ?;Les couches Transport et Réseau d'OSI;Uniquement la couche Application;Les couches Session et Présentation;Les couches Physique et Liaison de données d'OSI;5;La couche Accès réseau regroupe les couches Physique et Liaison de données d'OSI et gère les adresses physiques et les erreurs matérielles.
Pourquoi le modèle TCP/IP s'est-il imposé face à OSI ?;Il était imposé par l'ISO;Il était entièrement propriétaire;Par sa souplesse et son pragmatisme;Il comptait davantage de couches;4;Le modèle pragmatique issu de DoD a progressivement pris le dessus sur le modèle OSI, plus normatif et théorique, grâce à sa souplesse.
Qui a mis au point le premier système Unix ?;Linus Torvalds;Ken Thompson;Richard Stallman;Bill Joy;3;Le premier Unix a été mis au point par Ken Thompson dans les laboratoires Bell d'AT&T dans la seconde moitié des années 1960.
De quel projet Unix est-il la version réduite ?;Minix;GECOS;VMS;MULTICS;5;Unix (d'abord appelé UNICS) est une réécriture réduite du projet MULTICS.
Quelle date est retenue comme naissance d'Unix ?;21 novembre 1969;1er janvier 1984;7 avril 1969;1er janvier 1970;5;Le 1er janvier 1970 est considéré comme la naissance d'Unix, ce qui explique l'origine des horloges système Unix.
Pourquoi Unix a-t-il gagné en portabilité en 1973 ?;Il a adopté POSIX;Il a intégré TCP/IP;Il a été entièrement réécrit en langage C;Il a été porté sur PDP-7;4;En 1973 l'ensemble du système fut réécrit en langage C, ce qui lui donna une portabilité sur de nombreuses plates-formes matérielles.
Pourquoi AT&T a-t-elle diffusé les sources d'Unix aux universités ?;Pour respecter la licence GPL;À cause d'un décret lui interdisant de commercialiser hors télécoms;Pour concurrencer IBM;Sur demande de la DARPA;3;Un décret de 1956 empêchait AT&T de commercialiser autre chose que des équipements télécoms, les sources furent donc distribuées aux universités à des fins éducatives.
Que signifie BSD ?;Berkeley Software Distribution;Bell System Design;Basic System Distribution;Binary Standard Definition;2;BSD signifie Berkeley Software Distribution, version d'Unix redéveloppée à l'université de Californie à Berkeley.
Pourquoi les systèmes Unix sont-ils nativement compatibles TCP/IP ?;Ils utilisent le modèle OSI;TCP/IP est écrit en langage C;Ils ont été conçus par l'IETF;Le développement de BSD s'inscrivait dans un projet DARPA sur TCP/IP;5;BSD a été développé dans le cadre d'un financement DARPA destiné au réseau expérimental TCP/IP, d'où la compatibilité native.
Le « schisme » Unix oppose quelles deux souches ?;POSIX et X/Open;AIX et HP-UX;Linux et Windows;System V (AT&T) et BSD (Berkeley);5;À partir de 1983, deux écoles rivales se séparent : la souche System V commerciale d'AT&T et la souche BSD universitaire.
Pourquoi Solaris est-il dit « hybride » ?;Il est à la fois libre et propriétaire;Il fonctionne sur SPARC et x86;Il est passé de 4.1BSD à System V Release 4;Il mélange Linux et Unix;4;Solaris 1 reposait sur 4.1BSD puis Solaris 2 est passé à System V Release 4 : il hérite des deux familles d'Unix.
Qu'est-ce que POSIX ?;Un noyau Unix libre;Une distribution Linux;Une série de standards IEEE pour la portabilité entre Unix;Un système de fichiers journalisé;4;POSIX (IEEE P1003), publié en 1984, est une série de standards visant à assurer la portabilité maximale entre systèmes Unix.
Qui a fondé la Free Software Foundation et lancé le projet GNU ?;Richard Stallman;Ken Thompson;Linus Torvalds;Dennis Ritchie;2;Richard Stallman a créé la Free Software Foundation en 1984 et lancé le projet GNU, dont l'acronyme signifie GNU's Not Unix.
Quel est le principe de la licence GPL (copyleft) ?;Limiter l'usage aux universités;Rendre le logiciel propriétaire;Autoriser copie et modification si le produit final reste sous GPL;Interdire toute copie;4;La GPL autorise copie, modification et distribution à condition que le produit final soit lui-même sous licence GPL, ce qui empêche l'appropriation propriétaire.
Quelle brique Linus Torvalds a-t-il apportée au système GNU en 1991 ?;Le noyau (kernel);L'interface graphique;Le compilateur;Le shell;2;Le projet GNU n'avait pas de noyau fonctionnel, Linus Torvalds lance en 1991 le développement du noyau Linux pour la famille x86.
Quel outil GNU a été déterminant pour la naissance de Linux ?;Le serveur graphique X;La commande tar;Le compilateur gcc;L'éditeur vi;4;L'apport du compilateur gcc de la Free Software Foundation a grandement aidé la naissance du code de Linus Torvalds.
Quel format de paquets utilisent Red Hat, Fedora, CentOS et SuSE ?;deb;tgz;rpm;pkg;4;Ces distributions utilisent le format de paquets binaires rpm, et srpm pour les sources.
Quel format de paquets utilisent Debian et Ubuntu ?;deb;rpm;tgz;msi;2;Debian et son dérivé Ubuntu utilisent le format de paquets deb.
Quelle distribution est décrite comme la plus proche de l'esprit GNU ?;Slackware;Red Hat;Debian;Gentoo;4;Debian est un projet non commercial animé par des volontaires, le plus proche de l'esprit GNU, Ubuntu en est un dérivé.
Qu'apporte la série de noyaux Linux 2.6 ?;Le premier support réseau;Un noyau préemptible, un nouvel ordonnanceur et le support 64 bits;Le passage au format deb;La suppression du multitâche;3;La série 2.6 introduit un noyau préemptible, un nouvel ordonnanceur, un meilleur multithreading et le support des processeurs 64 bits.
Qu'est-ce que l'ODM sous AIX ?;Une base de données système orientée objet décrivant les ressources;Un éditeur de texte;Un gestionnaire de paquets;Un pare-feu;2;L'Object Data Manager d'AIX est une base de données système orientée objet, fournie en standard, qui stocke la configuration des ressources.
Quelle fonctionnalité la série de noyaux Linux 4.x introduit-elle ?;La commutation par paquets;Le support de l'USB;La mise à jour du noyau à la volée sans redémarrage (livepatch);Le premier système de fichiers journalisé;4;La série 4.x introduit livepatch, un système de mise à jour du noyau à la volée sans redémarrer l'ordinateur.
Qu'est-ce qu'un terminal sous Unix ?;Une fenêtre exécutant un shell qui affiche un prompt;Une carte réseau;Un serveur de fichiers;Un pilote de périphérique;2;Un terminal ou émulateur de terminal est une fenêtre dans laquelle s'exécute un shell affichant un prompt : c'est la base de ce type de système.
Quelle variable d'environnement indique le type de terminal utilisé ?;PATH;SHELL;HOME;TERM;5;On connaît le terminal utilisé en affichant la valeur de la variable d'environnement TERM.
Pourquoi Telnet est-il considéré comme dangereux ?;Il consomme trop de mémoire;Le login et le mot de passe circulent en clair sur le réseau;Il est trop lent;Il n'existe que sous Windows;3;Via Telnet, toutes les informations, dont le couple login et mot de passe, circulent en clair sur le réseau, d'où une faille de sécurité importante.
Que faut-il préférer à Telnet pour l'administration distante ?;SSH;SMTP;RARP;ICMP;2;On préfère SSH, qui chiffre les données dans un tunnel pour la connexion et la prise en main à distance.
Comment s'appelle le super-utilisateur d'un système Unix ?;root;admin;superuser;sudo;2;Le super-utilisateur, qui a tous les droits sur le système, est appelé root, et on limite volontairement leur nombre.
Comment un processus accède-t-il à un périphérique matériel sous Unix ?;Par l'intermédiaire d'un fichier spécial;Directement via le BIOS;Par une requête réseau;En modifiant le noyau;2;Aucun processus n'accède directement au matériel : on passe par un fichier spécial du périphérique, vu comme un fichier classique.
Que désigne le mot « mémoire » dans le vocabulaire Unix/Linux ?;Le disque dur;La mémoire volatile (RAM);La partition de swap;La mémoire cache du processeur;3;Par convention dans le cours, le mot mémoire sous-entend la mémoire volatile, c'est-à-dire la RAM.
Dans un multitâche préemptif, qui décide qu'un processus a eu assez de temps CPU ?;Le système d'exploitation;Le BIOS;Le processus lui-même;L'utilisateur;2;En multitâche préemptif c'est l'OS qui détermine quand un processus a eu assez de temps CPU, en non préemptif, c'est le processus.
Quelles sont les deux composantes principales du noyau ?;Le BIOS et le bootloader;Le gestionnaire de processus et le système de gestion de fichiers;Le shell et l'éditeur;Telnet et SSH;3;Le noyau comprend le gestionnaire de processus (scheduler) et le système de gestion de fichiers, qui gère notamment les droits d'accès.
Quel est le rôle premier du shell ?;Compiler les programmes;Router les paquets;Interpréter les commandes avant de les transmettre au noyau;Gérer la mémoire virtuelle;4;Le shell est l'interpréteur de commandes : il interprète les commandes de l'utilisateur avant leur transmission au noyau.
Quel shell est le shell standard GNU, sur-ensemble du Bourne Shell ?;csh;tcsh;bash;ksh;4;bash (Bourne Again Shell) est le shell standard GNU, sur-ensemble du Bourne Shell et compatible avec sh.
Que contient le fichier /etc/shells ?;Les variables d'environnement;Les groupes d'utilisateurs;La liste des shells connus du système;Les mots de passe des utilisateurs;4;Le fichier /etc/shells donne un aperçu des shells connus du système, par exemple /bin/bash, /bin/sh ou /bin/tcsh.
Quel est le seul éditeur de texte standard sous Unix/Linux ?;vi;nedit;nano;emacs;2;vi (Visual interface) est le seul éditeur de texte standard sous Unix/Linux : il fonctionne sur tout terminal texte et tout Unix.
Quels sont les deux modes de fonctionnement de vi ?;Lecture et écriture;Mode local et mode distant;Mode commande et mode insertion;Mode texte et mode binaire;4;vi possède un mode commande (édition) et un mode insertion (saisie du texte), on bascule avec la touche ESC.
Où sont le plus souvent situés les fichiers de configuration sous Unix ?;/home;/bin;/var;/etc;5;Les fichiers de configuration sont le plus souvent localisés dans le répertoire /etc, par exemple /etc/hosts ou /etc/group.
Sur quels utilitaires puissants s'appuie souvent le scripting shell ?;telnet, ftp et ssh;ping, traceroute et netstat;grep, sed et awk;man, info et locate;4;Le scripting s'appuie notamment sur grep, sed et awk, ainsi que sur find et les commandes de tri, souvent enchaînés dans des tubes.
Comment est organisée la documentation affichée par la commande man ?;En une page unique;En 5 chapitres;En 2 volumes et 3 sections;En 3 volumes et 4 sections par page;5;La documentation man est répartie en 3 volumes (utilisation, administration, programmeur) avec 4 sections par page : nom, synopsis, description, voir aussi.
Quel démon assure l'exécution périodique de programmes et de scripts sous Unix ?;init;syslogd;cron;inetd;4;cron est le démon qui permet l'exécution périodique de programmes et de scripts, la table des tâches planifiées est la crontab.
Que désigne le terme « bootstrapping » ?;La sauvegarde du noyau;L'ensemble des processus de démarrage d'un OS Unix/Linux;L'arrêt du système;Le chiffrement du disque;3;Le bootstrapping décrit l'ensemble des processus de démarrage : le noyau est monté en mémoire puis de nombreuses phases d'initialisation s'enchaînent.
Combien d'octets constituent le Master Boot Record (MBR) ?;1024;512;128;256;3;Le MBR est constitué des 512 premiers octets du périphérique de démarrage et contient un programme indiquant où lire le boot loader.
Quel boot loader est utilisé par défaut sur de nombreuses distributions Unix/Linux x86 ?;systemd;NTLDR;GRUB;LILO;4;GRUB (Grand Unified Boot Loader), développé par le projet GNU, est le boot loader par défaut de nombreuses distributions Unix et Linux sur x86.
Que représente la notation (hd0,0) dans GRUB ?;Le disque 0 secteur 0;Le noyau numéro 0;La partition de swap;La première partition du premier disque;5;(hd0,0) désigne la première partition (0) du premier disque (hd0) tel que défini dans le BIOS.
Quel PID le processus init porte-t-il toujours ?;2;1;100;0;3;Le processus init a toujours le PID 1, sur les Unix, sched a en principe le PID 0.
Quelle commande affiche les messages du noyau relatifs à l'inventaire matériel ?;ps;top;fsck;dmesg;5;La commande dmesg permet de consulter les messages du noyau, notamment ceux produits lors de la détection du matériel.
Que permet le mode single-user (maintenance) ?;Un démarrage plus rapide en production;Le chiffrement automatique du disque;Un accès réseau complet;De charger la console sans monter tous les périphériques ni le réseau;5;Le mode single-user charge la console sans monter tous les périphériques, le réseau est désactivé, il faut être présent en salle machine.
Comment remonter la racine en lecture-écriture en mode single-user ?;mount -o rw,remount /;fsck /;chkconfig --add /;telinit 6;2;Si la racine est montée en lecture seule, on la remonte en lecture-écriture avec mount -o rw,remount /
À quoi sert la commande fsck ?;À vérifier et réparer un système de fichiers endommagé;À formater un disque;À lancer les services réseau;À changer de niveau d'exécution;2;fsck vérifie et répare un système de fichiers endommagé, automatique au boot normal, elle doit souvent être lancée à la main en single-user.
Que représente le niveau d'exécution 0 ?;Le mode single-user;Le mode graphique;L'arrêt complet du système;Le redémarrage;4;Le niveau 0 correspond à l'arrêt complet du système, le niveau 6 correspond au redémarrage.
Quel niveau d'exécution correspond à l'affichage graphique (serveur X) sous Linux ?;5;3;6;2;2;Sous Linux, le niveau 5 est utilisé pour l'affichage graphique et donc le serveur X, un serveur utilise plutôt le niveau 2 ou 3.
Quel fichier décrit ce qu'effectue chaque niveau d'exécution ?;/etc/passwd;/etc/inittab;/etc/fstab;/boot/grub/menu.lst;3;Le fichier /etc/inittab décrit ce qu'effectue chaque niveau d'exécution, telinit permet d'en changer.
Dans les répertoires rcN.d, que signifient les préfixes S et K des liens ?;Start et Kill;Save et Keep;Single et Kernel;System et Kernel;2;Les liens Snn<service> lancent le service (Start), les liens Knn<service> l'arrêtent (Kill), exécutés dans l'ordre des numéros.
Que fait la commande chkconfig sous Red Hat ?;Elle vérifie l'intégrité du noyau;Elle chiffre les fichiers de configuration;Elle compile le noyau;Elle ajoute ou retire un script de démarrage dans les niveaux d'exécution;5;chkconfig permet d'ajouter ou d'enlever un script de démarrage dans un ou tous les niveaux d'exécution et de lister les services.
Qu'est-ce que systemd ?;Un système de fichiers;Un boot loader;Un gestionnaire de système et de services, remplaçant de sysvinit;Un éditeur de texte;4;systemd est un gestionnaire de système et de services pour Linux, il gère les dépendances, parallélise le démarrage et suit les processus via les cgroups.
Comment fonctionne le démon Upstart d'Ubuntu ?;En lisant le fichier inittab;Par événements comme l'ajout d'un périphérique ou d'un câble réseau;Par une séquence figée de scripts;Uniquement en mode graphique;3;Upstart fonctionne à l'aide d'événements et non d'une séquence de scripts, il a ensuite été abandonné au profit de systemd.
En combien de phases s'exécute le script /sbin/rc.boot au démarrage d'AIX ?;Sept;Deux;Trois;Cinq;4;rc.boot s'exécute en 3 phases : initialisation du matériel, montage des systèmes de fichiers, démarrage de /etc/init décrit par /etc/inittab.
Dans SMF de Solaris, comment est identifié chaque service ?;Par une adresse IP;Par un PID;Par un numéro de niveau d'exécution;Par un FMRI (fault management resource identifier);5;Dans SMF, chaque service est identifié par son FMRI, les commandes svcs et svcadm permettent d'en vérifier et d'en changer le statut.
Que contient une inode ?;Tous les attributs du fichier sauf son nom;La liste des utilisateurs;Uniquement le contenu du fichier;Le nom du fichier;2;L'inode décrit et stocke tous les attributs d'un fichier (propriétaire, taille, type, droits, dates, adressage des blocs) à l'exception de son nom.
Qu'est-ce qu'un répertoire du point de vue du système Unix ?;Un fichier spécial en mode bloc;Une zone réservée du disque;Une partition;Un fichier contenant une table nom de fichier vers numéro d'inode;5;Un répertoire est un fichier (avec sa propre inode) contenant une table de correspondance entre des noms de fichiers et des numéros d'inode.
Sur quel périmètre un numéro d'inode est-il unique ?;Sur un même répertoire;Sur une même partition;Sur un même disque physique;Sur tout le système;3;Un numéro d'inode n'est unique qu'au sein d'une même partition, le système manipule les objets via le couple disque et inode.
Combien de blocs directs une inode Unix classique adresse-t-elle avant les indirections ?;16;10;24;5;3;L'inode d'un fichier normal contient la liste des 10 premiers blocs, complétée si besoin par des blocs d'indirection simple, double puis triple.
Quelle est la longueur maximale d'un nom de fichier sous Unix ?;255 caractères;1024 caractères;14 caractères;64 caractères;2;Un nom de fichier comporte au maximum 255 caractères, la casse est significative et certains caractères sont interdits.
Que représente « .. » dans un répertoire ?;La racine;Le répertoire parent (père);Le répertoire personnel;Le répertoire courant;3;À la création d'un répertoire, le système crée « . » (le répertoire lui-même) et « .. » (le répertoire père).
Quelle est la particularité de l'inode d'un fichier spécial ?;Elle contient plus de blocs directs;Elle est stockée en RAM;Elle n'a pas de droits d'accès;Elle ne contient pas d'adresses de blocs mais l'identification du pilote et du périphérique;5;L'inode d'un fichier spécial ne contient pas d'adresses de blocs de données mais l'identification du dispositif d'entrée-sortie et de son pilote.
Quel mode de fichier spécial utilise un tampon pour des E/S bloc par bloc ?;Le mode direct;Le mode FIFO;Le mode caractère;Le mode bloc;5;Le mode bloc effectue les E/S bloc par bloc via un buffer (disques, bandes), le mode caractère transfère directement caractère par caractère.
Que désigne le numéro majeur d'un fichier périphérique ?;La taille du fichier;Le numéro de partition;La date de création;Le pilote et le contrôleur du périphérique;5;Le numéro majeur identifie le pilote et donc le contrôleur, le numéro mineur identifie le périphérique précis ou une de ses particularités.
Quelle est la différence entre un lien dur et un lien symbolique ?;Le lien symbolique ne fonctionne pas entre répertoires;Le lien dur partage l'inode de la cible, le symbolique a sa propre inode;Le lien dur pointe vers un chemin, le symbolique vers une inode;Le lien dur devient cassé si la cible disparaît;3;Un lien dur partage l'inode du fichier cible (impossible entre partitions), un lien symbolique a sa propre inode et pointe vers un chemin.
Qu'est-ce qu'un tube nommé (FIFO) ?;Un fichier spécial nommé permettant une communication inter-processus en flot d'octets;Un fichier normal partagé;Un lien symbolique;Une zone de swap;2;Un tube nommé est un fichier spécial portant un nom dans l'arborescence, permettant une communication entre processus premier entré premier sorti, avec lecture destructive.
Qu'apporte la socket par rapport au tube ?;Elle conserve les données après lecture;Une communication bidirectionnelle et entre machines distantes;Elle ne nécessite pas d'inode;Elle est plus rapide en local uniquement;3;La socket, apparue sous BSD, permet une communication bidirectionnelle et entre processus sur des machines distantes, contrairement au tube unidirectionnel.
Quel répertoire contient les fichiers de configuration primordiaux du système ?;/var;/bin;/dev;/etc;5;Le répertoire /etc contient les fichiers de configuration des utilitaires primordiaux (passwd, group, hosts, fstab, inittab...).
Quelle est la différence entre /tmp et /var/tmp ?;/var/tmp est en lecture seule;/var/tmp n'existe que sous Linux;/tmp est en principe vidé au démarrage, pas /var/tmp;/tmp est réservé à root;4;/tmp est en principe vidé au boot de la machine, tandis que /var/tmp n'est pas vidé au démarrage.
Que contient le répertoire /proc sous Linux ?;Une représentation virtuelle d'informations sur les processus, le matériel et le noyau;Les processus arrêtés;Les fichiers de configuration;Les journaux système;2;/proc contient une représentation sous forme de fichiers et répertoires virtuels d'informations sur les processus, le matériel et le noyau.
Dans le système de fichiers System V (s5fs), quel élément est qualifié de critique ?;La i-list;Les data blocks;Le super block;Le boot block;4;Le super block contient des informations vitales (état, table d'inodes, blocs et inodes libres) et constitue un élément critique du système de fichiers.
Qu'apporte le FFS de Berkeley pour la fiabilité ?;Des blocs plus petits;Le chiffrement;Un super bloc répliqué et des inodes répartis dans des groupes de cylindres;La suppression des inodes;4;Le FFS réplique le super bloc et répartit les inodes dans des groupes de cylindres, ce qui améliore la récupération des données après un dommage localisé.
Quel est le principal avantage de la journalisation d'un système de fichiers ?;Une plus grande capacité;Une meilleure compression;Un chiffrement automatique;Une restauration rapide et cohérente après un crash sans long fsck;5;Le journal enregistre les changements des métadonnées, ce qui permet une restauration rapide en conservant la cohérence, au lieu d'un long fsck.
Qu'introduit ext4 en remplacement de l'adressage indirect de blocs d'ext3 ?;Les fragments;Les snapshots;Les extents (plages de blocs consécutifs);Les cylindres logiques;4;ext4 remplace l'adressage indirect de blocs par les extents, plages de blocs consécutifs qui réduisent la fragmentation et accélèrent l'accès aux gros fichiers.
Quel est le principal risque d'ext4 par rapport à ext3 ?;Une taille de fichier limitée;L'incompatibilité totale avec ext3;Un risque accru de perte de données à cause de l'allocation différée;L'absence de journalisation;4;L'allocation différée (allocate-on-flush) d'ext4 peut retarder l'écriture jusqu'à 60 secondes, contre 5 pour ext3, d'où un risque accru de perte en cas de crash.
Quelle est la particularité de ZFS ?;Il est réservé à Linux;C'est un système 32 bits;C'est le premier système de fichiers 128 bits, avec auto-réparation et snapshots;Il ne gère pas le RAID;4;ZFS, apparu sous Solaris en 2005, est le premier système de fichiers 128 bits, il s'auto-répare avec des disques redondants et gère snapshots, compression et RAID intégré.
Qu'est-ce qu'un point de montage ?;Une partition de swap;Le secteur de boot;Un fichier spécial;Le répertoire auquel on raccorde une partition;5;Le point de montage est le répertoire de l'arborescence auquel on greffe une partition, monter sur un répertoire non vide fait perdre l'accès à son contenu.
Que produit le formatage de bas niveau d'un disque ?;La division de la surface en pistes, secteurs et cylindres;Le partitionnement;La création du système de fichiers;Le disk label;2;Le formatage de bas niveau divise la surface des plateaux en pistes, secteurs et cylindres, il précède le partitionnement.
Combien de disques minimum le RAID 5 nécessite-t-il ?;Deux;Quatre;Trois;Cinq;4;Le RAID 5 nécessite au minimum 3 disques, l'espace utile est de n-1 disques et la parité est répartie sur l'ensemble des disques.
Quelle est la limite majeure du RAID 0 ?;Une lecture lente;Un coût élevé;Un minimum de 4 disques;Aucune tolérance aux pannes;5;Le RAID 0 répartit les données par bandes sans redondance : la panne d'un seul disque entraîne la perte de toutes les données.
Combien de disques le RAID 6 peut-il perdre simultanément sans perte de données ?;Deux;Aucun;Trois;Un;2;Le RAID 6 utilise deux fonctions de parité sur deux disques dédiés et tolère donc l'avarie simultanée de deux disques (minimum 4 disques).
Pourquoi le RAID 10 est-il préféré au RAID 01 ?;Il est moins cher;À performances égales il tolère la perte de bien plus de disques;Il nécessite moins de disques;Il n'utilise pas de parité;3;À performances égales, le RAID 10 (miroirs agrégés) tolère la perte de beaucoup plus de disques que le RAID 01 (agrégats mis en miroir).
Quelle commande donne le shell réellement en cours d'exécution ?;ps -p $$;which shell;echo $SHELL;cat /etc/shells;2;echo $SHELL donne le shell par défaut, pour le shell courant réel on utilise ps -p $$ ou echo $0, car $SHELL peut être erroné si on a changé de shell.
Combien de consoles virtuelles trouve-t-on souvent sous Linux ?;10;5;7;3;4;On trouve souvent 7 consoles virtuelles : 6 en mode texte et 1 graphique, accessibles par Ctrl+Alt+F suivi du numéro.
Quelle commande indique si une commande est interne ou externe au shell ?;whereis;file;which;type;5;La commande type permet de savoir s'il s'agit d'une primitive du shell (interne) ou d'une commande appelée (externe).
Que fait le caractère « & » placé après une commande ?;Il lance la commande en tâche de fond;Il enchaîne deux commandes;Il redirige la sortie;Il crée un fichier;2;Le « & » lance l'application en tâche de fond (background).
Que renvoie la commande id ?;L'UID, le GID et les groupes de l'utilisateur;Le PID du shell;Le numéro d'inode;L'adresse IP;2;La commande id indique l'UID, le GID et les groupes de l'utilisateur, whoami ne donne que le nom.
Que fait la commande which ?;Elle affiche le contenu d'un fichier;Elle affiche le chemin de l'exécutable d'une commande;Elle liste les processus;Elle change de répertoire;3;which affiche l'emplacement dans l'arborescence de l'exécutable d'une commande, trouvé via le PATH.
Quelle est la différence entre clear et reset ?;reset est réservé à root;Aucune;clear efface l'écran, reset efface aussi le buffer de défilement;clear redémarre le terminal;4;clear efface l'écran et revient en haut, reset efface en plus le buffer de l'écran, donc l'historique de défilement.
En combien de sections principales est structuré le manuel man ?;5;9;15;3;3;Le manuel de référence est structuré en 9 (parfois 10) sections : commandes utilisateur, appels système, bibliothèque C, fichiers spéciaux, formats, jeux, divers, administration, noyau.
Que fait la commande man -k (apropos) ?;Elle recherche par mot-clé dans les descriptions de commandes;Elle affiche la version courte;Elle configure le manuel;Elle imprime la page de manuel;2;man -k (synonyme apropos) recherche un mot-clé dans les lignes de description, man -f (whatis) donne une description succincte.
Quelle action de find exécute une commande sur chaque fichier trouvé ?;-ls;-print;-exec;-name;4;L'action -exec exécute la commande indiquée sur chaque fichier trouvé, tandis que -ok demande confirmation avant chaque exécution.
Sur quoi s'appuie la commande locate pour être rapide ?;Sur une base de données mise à jour par updatedb;Sur le fichier /etc/fstab;Sur le PATH;Sur le noyau;2;locate utilise une base de données (locatedb) généralement mise à jour périodiquement par updatedb via une tâche cron.
Comment suivre en temps réel un fichier journal ?;grep -f;tail -f;more -f;cat -f;3;tail -f /var/log/syslog affiche les dernières lignes avec une actualisation en temps réel.
Dans une ligne de crontab, que représente le premier champ ?;Le mois;Les minutes (0 à 59);L'heure;Le jour du mois;3;La syntaxe est mm hh jj MMM JJJ : le premier champ correspond aux minutes (0 à 59).
Dans une crontab, que signifie la notation */5 pour un champ ?;De 0 à 5;5 fois par heure;Les unités 5 uniquement;Toutes les 5 unités de temps;5;*/5 signifie toutes les 5 unités de temps (0, 5, 10...) pour le champ concerné.
Quelle commande édite la table cron de l'utilisateur ?;crontab -d;crontab -r;crontab -l;crontab -e;5;crontab -e édite la table cron, crontab -l la liste.
Que fait la commande dmesg ?;Elle mesure l'espace disque;Elle affiche les messages du noyau au démarrage;Elle envoie un message aux utilisateurs;Elle démonte un système de fichiers;3;dmesg affiche les messages du noyau, notamment les informations relatives au matériel détecté au démarrage.
Dans « ls -l », que signifie un « d » en première position ?;Un répertoire;Un fichier ordinaire;Un périphérique;Un lien symbolique;2;La première lettre indique le type : - fichier ordinaire, d répertoire, l lien symbolique, s socket, b ou c fichier spécial.
Que fait « df -i » ?;Elle vérifie l'intégrité du disque;Elle liste les fichiers cachés;Elle affiche l'espace disque en octets;Elle affiche le nombre d'inodes utilisées et libres;5;df -i affiche le nombre d'inodes utilisées ou libres par système de fichiers, df sans -i affiche l'espace disque.
Quelle est la différence entre > et >> ?;Les deux écrasent;> ajoute à la fin, >> écrase;> écrase ou crée le fichier, >> ajoute à la fin;Les deux ajoutent;4;> crée le fichier ou écrase son contenu, tandis que >> ajoute (append) les données à la fin du fichier.
Que fait l'opérateur && entre deux commandes ?;Il exécute la 2e sans condition;Il exécute la 2e seulement si la 1re a réussi;Il exécute les deux en parallèle;Il exécute la 2e seulement si la 1re a échoué;3;&& exécute la seconde commande uniquement si la première s'est terminée avec succès (code retour 0).
Que fait « mount -a » ?;Elle monte tous les volumes listés dans /etc/fstab;Elle vérifie tous les disques;Elle affiche les partitions montées;Elle démonte toutes les partitions;2;mount -a monte automatiquement tous les volumes mentionnés dans /etc/fstab (ou /etc/vfstab sous Solaris).
Pourquoi umount peut-il échouer avec « Device busy » ?;Le disque est plein;Le fichier fstab est absent;Un processus utilise la partition (fichier ouvert ou répertoire courant);La partition est en lecture seule;4;On ne peut pas démonter une partition si une commande s'y exécute, si des fichiers y sont ouverts ou si le répertoire courant s'y trouve, fuser identifie les processus.
Combien de phases comporte la vérification effectuée par fsck ?;Quatre;Cinq;Sept;Trois;3;fsck effectue 5 phases : blocs et tailles, chemins d'accès, connectivité, compteurs de références, groupes de cylindres.
Quelle règle est essentielle avant de lancer fsck ?;Le lancer uniquement en mode graphique;Toujours répondre non aux questions;Le lancer sur une partition montée;Ne jamais le lancer sur une partition active ou montée, de préférence en single-user;5;Il ne faut jamais lancer fsck sur une partition active ou montée (risque d'instabilité), on le fait en mode single-user.
Dans quel ordre agrandit-on un volume logique LVM ?;mkfs puis lvcreate;resize2fs puis vgcreate;lvextend puis pvcreate;pvcreate, vgextend, lvextend puis resize2fs;5;On crée le volume physique (pvcreate), on l'ajoute au groupe (vgextend), on agrandit le volume logique (lvextend) puis le système de fichiers (resize2fs).
En quelle année est sorti Windows Server 2008 ?;2008;2009;2006;2003;2;Windows Server 2008 est sorti en février 2008, Windows Server 2008 R2 en octobre 2009.
Quelle particularité distingue Windows Server 2008 R2 ?;Il ne supporte pas la virtualisation;Il n'a pas d'interface graphique;Il est gratuit;Il est disponible uniquement pour les processeurs 64 bits;5;Windows Server 2008 R2 est le premier système d'exploitation Windows Server disponible uniquement pour les processeurs 64 bits.
Combien de processeurs physiques l'édition Standard de Windows Server 2008 prend-elle en charge ?;4;64;8;2;2;L'édition Standard prend en charge 4 processeurs physiques, 32 Go de RAM et 1 machine virtuelle plus l'hôte.
Quelle édition de Windows Server 2008 offre des droits de virtualisation illimités ?;Standard;Web;Datacenter;Foundation;4;L'édition Datacenter (64 processeurs, 2 To de RAM) offre des droits de virtualisation illimités et l'ajout à chaud de mémoire et de processeurs.
À quels rôles l'édition Web de Windows Server 2008 se limite-t-elle ?;Active Directory;Fichiers et impression;Hyper-V;Web (IIS) et DNS uniquement;5;L'édition Web est limitée aux rôles Web (IIS) et DNS, avec 4 processeurs et 32 Go de RAM.
Qu'est-ce que l'installation Server Core ?;Une installation sans noyau;Une version d'évaluation;Une édition pour poste de travail;Une installation minimale utilisable uniquement en ligne de commande;5;Server Core est une installation minimale avec le même noyau mais sans interface graphique, l'administration locale se fait via l'invite de commande, pour environ 2 Go de disque.
Sur quels trois fondamentaux s'appuie l'architecture de Windows Server 2008 ?;Fichiers, impression, messagerie;Routage, DNS et DHCP;Sauvegarde, cluster et RAID;Sécurité, virtualisation et Web;5;L'architecture de Windows Server 2008 s'appuie sur la sécurité, la virtualisation et le Web, son noyau fusionne celui de Windows Vista avec le nouveau code.
Quelles sont les deux couches principales de l'architecture de Windows Server 2008 ?;Client et serveur;Mode utilisateur et mode noyau;BIOS et UEFI;Physique et logique;3;L'architecture se compose du mode utilisateur (sous-systèmes, priorité basse) et du mode noyau (accès direct au matériel, mémoire protégée).
Quel sous-système de mode utilisateur est qualifié d'intégral ?;L'émulation d'autres OS;La sécurité, le service poste de travail et le service serveur;Le gestionnaire de mémoire virtuelle;Le pilote WDM;3;Les sous-systèmes intégraux prennent en charge les fonctions essentielles : sécurité, service poste de travail, service serveur.
Que permettent les sous-systèmes environnementaux ?;Gérer la mémoire virtuelle;Contrôler les interruptions;Exécuter des applications écrites pour d'autres systèmes d'exploitation via leurs API;Chiffrer les fichiers;4;Les sous-systèmes environnementaux émulent d'autres systèmes d'exploitation en convertissant les requêtes d'API et en les transférant au mode noyau.
Qu'est-ce que la couche d'abstraction du matériel (HAL) ?;Une bibliothèque de liens dynamiques contenant le code matériel spécifique;Un pilote de carte réseau;Un sous-système environnemental;Le gestionnaire d'objets;2;La HAL est une DLL qui gère les éléments matériels des plateformes : interfaces d'E/S, contrôleurs d'interruption, communication multiprocesseur.
Qu'est-ce qu'un rôle serveur sous Windows Server 2008 ?;Une partition système;Un compte utilisateur privilégié;La fonction qu'aura le serveur après son installation;Un profil réseau;4;Un rôle serveur définit la fonction du serveur après installation, plusieurs rôles peuvent coexister et un rôle peut être prédéfini ou applicatif.
Combien d'informations l'administrateur fournit-il lors d'une installation manuelle de Windows Server 2008 ?;Dix;Quatre;Six;Deux;3;L'installation manuelle ne demande que quatre informations : langue et paramètres régionaux, numéro de licence, acceptation du contrat, disque ou partition d'installation.
Quel format d'image accélère l'installation de Windows Server 2008 ?;WIM (Windows Imaging Format);ISO;GHO;VHD;2;Windows Server 2008 utilise le format d'image fichier WIM, plus rapide que l'installation traditionnelle fichier par fichier.
Combien de jours de période de grâce a-t-on pour activer Windows Server 2008 ?;30;15;60;90;4;On dispose de 60 jours pour activer la licence, la commande slmgr -rearm permet de prolonger 3 fois, soit 240 jours au total.
Que recommande Microsoft entre mise à jour et nouvelle installation vers Windows Server 2008 ?;La mise à niveau interplateforme;Peu importe;Une nouvelle installation complète;La mise à jour;4;Microsoft recommande toujours une nouvelle installation, car une mise à jour impose de reconfigurer la plupart des services avec un risque élevé d'incompatibilité.
Quel système de fichiers est privilégié pour Windows Server 2008 ?;FAT32;exFAT;FAT;NTFS;5;NTFS est le système de fichiers privilégié : correction d'erreurs, grands disques, sécurité (autorisations, chiffrement EFS), compression et indexation.
Quelle est la taille maximale d'une partition FAT32 dans Windows Server 2008 ?;Illimitée;2 To;4 Go;32 Go;5;Dans cette version de Windows, une partition FAT32 ne peut dépasser 32 Go et un fichier ne peut dépasser 4 Go, FAT32 n'offre aucune sécurité.
Dans quel cas doit-on recourir à une partition FAT plutôt que NTFS ?;Toujours;Pour activer le chiffrement;En configuration multiboot avec des systèmes non compatibles NTFS;Pour améliorer les performances;4;FAT est nécessaire quand des fichiers doivent être lus localement par des OS non compatibles NTFS, ou en multiboot où la partition active doit être reconnue de tous.
Qu'est-ce qu'une CAL sous Windows Server 2008 ?;Une licence d'accès client requise pour chaque utilisateur ou périphérique;Un rôle serveur;Un pilote signé;Une clé d'activation;2;Une CAL (Client Access License) est requise pour chaque utilisateur ou périphérique accédant au logiciel serveur, en plus de la licence du serveur.
Quel magasin remplace le fichier Boot.ini dans Windows Server 2008 ?;Le MBR;Le magasin BCD (Boot Configuration Data);Le fichier bootmgr.exe;Le registre;3;Le magasin BCD remplace le fichier texte Boot.ini, il est mieux sécurisé, multiplateforme et géré par l'utilitaire bcdedit.exe.
Quel fichier est chargé depuis la racine de la partition active au démarrage de Windows Server 2008 ?;bootmgr.exe;winload.exe;ntoskrnl.exe;ntldr.exe;2;Après le POST et la lecture du MBR, bootmgr.exe est chargé depuis la racine de la partition active, puis lit le magasin BCD.
Quel exécutable bootmgr charge-t-il pour Windows Server 2008 après avoir lu le BCD ?;command.com;io.sys;winload.exe;ntldr.exe;4;Pour Windows Vista et 2008, bootmgr charge winload.exe (ou winresume.exe en cas d'hibernation), qui charge les pilotes de boot puis passe la main à ntoskrnl.exe.
À quoi sert la « Dernière configuration valide connue » ?;À installer un nouveau pilote;À revenir à l'état du dernier démarrage réussi après un écran bleu;À passer en mode Core;À réinitialiser le mot de passe administrateur;3;Elle permet de revenir à l'état du registre du dernier démarrage réussi lorsqu'une modification (pilote critique) provoque un écran bleu, elle est écrasée dès qu'un utilisateur se connecte.
Quelle touche affiche les options de démarrage avancées de Windows Server 2008 ?;F10;F2;Échap;F8;5;On appuie sur F8 après le démarrage du BIOS pour afficher les options de démarrage avancées (mode sans échec, journalisation, VGA...).
Que crée l'option « Inscrire les événements de démarrage dans le journal » ?;Un point de restauration;Le fichier ntbtlog.txt listant les pilotes chargés;Le magasin BCD;Le fichier boot.ini;3;Cette option crée le fichier ntbtlog.txt qui contient la liste de tous les pilotes chargés au démarrage, y compris le dernier avant un problème.
Sur quelle notion repose le concept de mémoire virtuelle ?;Le cluster;La page;Le cylindre;Le secteur;3;La mémoire virtuelle repose sur la page : les programmes et les données sont segmentés en blocs de longueur fixe dont la situation physique est gérée par le système.
Comment la taille d'une mémoire virtuelle est-elle limitée ?;Par la taille du disque dur;Par les capacités d'adressage du système;Par la capacité de la mémoire physique;Par le nombre de processeurs;3;La taille d'une mémoire virtuelle n'est limitée que par les capacités d'adressage du système, pas par la mémoire physique réelle.
Comment définit-on l'architecture 32 ou 64 bits d'un processeur ?;Par sa fréquence;Par le nombre de cœurs;Par la taille de ses registres généraux;Par la taille du cache;4;Par convention, l'architecture d'un processeur est définie par la taille de ses registres généraux (GPR).
Qui a sorti le premier processeur 64 bits pour PC sous Windows ?;Intel avec l'Itanium;DEC avec l'Alpha;IBM avec le PowerPC;AMD avec l'Athlon 64;5;AMD a sorti dès 2003 l'Athlon 64, premier processeur 64 bits pour PC sous Windows, en conservant la compatibilité avec le noyau x86 32 bits.
Quelle est la particularité de l'architecture Itanium (IA-64) ?;Elle est entièrement 64 bits et incompatible avec les architectures précédentes;Elle est réservée aux postes de travail;Elle n'existe qu'en 32 bits;Elle est compatible avec les applications 32 bits natives;2;L'Itanium est entièrement 64 bits et totalement incompatible avec les architectures précédentes : il nécessite son propre OS et ses propres applications 64 bits.
Un processeur 64 bits adresse-t-il réellement la mémoire physique sur 64 bits ?;Oui, sur 64 bits;Oui, mais seulement sur Itanium;Non, sur 36 à 40 bits selon les processeurs;Non, sur 32 bits;4;En pratique l'adressage physique se fait sur 36 à 40 bits (AMD K8/K10 : 40 bits soit 1 To, Intel Core 2 : 36 bits).
Qu'est-ce que l'environnement WoW64 ?;La couche de compatibilité qui exécute les applications 32 bits sur Windows x64;Un émulateur de jeux;Un protocole réseau;Un gestionnaire de disques;2;WoW64 est la couche de compatibilité de Windows x64 qui exécute les applications 32 bits nativement avec les registres 32 bits, avec un impact négligeable.
Sur une plate-forme x64, à combien passe l'espace d'adressage d'une application 32 bits ?;Il reste à 2 Go;Il passe à 128 Go;Il passe à 8 To;Il passe de 2 Go à 4 Go;5;Comme l'OS x64 ne partage plus l'espace 32 bits avec le mode noyau, l'espace d'adressage d'une application 32 bits passe de 2 Go à 4 Go.
Quels sont les deux rôles principaux du gestionnaire de mémoire ?;Allouer la mémoire virtuelle et la traduire, puis paginer vers le disque si surengagée;Formater et partitionner le disque;Chiffrer et compresser les fichiers;Gérer les processus et les threads;2;Le gestionnaire de mémoire alloue l'espace virtuel d'un processus et le traduit en mémoire physique, et pagine le contenu vers le disque quand la mémoire est surengagée.
Quelle est la taille standard d'une page mémoire ?;512 octets;2048 octets;8192 octets;4096 octets;5;La mémoire est allouée par pages indivisibles, généralement des blocs de 4096 octets.
Qui peut accéder directement à la mémoire physique sous Windows ?;Le gestionnaire de tâches;Chaque processus;Seul le noyau;Les threads en mode utilisateur;4;Seul le noyau accède directement à la mémoire physique, il fait le lien entre les pages virtuelles vues par un processus et les pages physiques.
À quoi sert la pile (stack) d'un processus ?;À stocker temporairement paramètres, variables locales et adresses de retour des fonctions;À stocker le code exécutable;À mapper les DLL;À l'allocation dynamique de mémoire;2;La pile stocke temporairement les paramètres, variables locales et adresses de retour des fonctions, le noyau l'agrandit automatiquement au besoin.
Combien de réserves paginées possède un système multiprocesseur ?;Huit;Une;Deux;Quatre;5;Un système monoprocesseur a deux réserves paginées, un système multiprocesseur en a quatre, ce qui réduit les blocages sur appels simultanés.
Qu'est-ce que le TLB (Translation Look-aside Buffer) ?;Un fichier d'échange;Une mémoire associative de couples page virtuelle / page physique;Un cache disque;Une liste de processus;3;Le TLB est une mémoire associative contenant des couples numéro de page virtuelle / numéro de page physique, pour accélérer la traduction d'adresses.
Que fait le gestionnaire de mémoire lors d'un défaut de page avec regroupement ?;Il vide toute la mémoire;Il chiffre la page;Il redémarre le processus;Il charge la page demandée plus quelques pages voisines;5;En pagination à la demande avec regroupement, le gestionnaire charge la page demandée et quelques pages voisines pour diminuer le nombre de défauts de page.
Quel algorithme de remplacement local le gestionnaire de mémoire utilise-t-il ?;LFU;LRU;FIFO (First In First Out);Aléatoire;4;Le gestionnaire de mémoire utilise une stratégie de remplacement locale FIFO : il retire la page physique chargée depuis le plus longtemps.
Combien d'états possibles une page physique peut-elle avoir ?;Huit;Quatre;Six;Trois;4;Une page physique peut être dans six états : Valide, À zéro, Libre, En attente, Modifié, Mauvais.
Qu'impose le niveau de sécurité C2 concernant les pages fournies aux threads utilisateur ?;Elles doivent être en réserve non paginée;Elles doivent être initialisées à zéro;Elles doivent être chiffrées;Elles doivent être en lecture seule;3;Le niveau C2 impose que les threads en mode utilisateur ne reçoivent que des pages initialisées à zéro, pour ne pas lire la mémoire d'un thread précédent.
Où se situe le PEB (Process Environment Block) ?;Dans l'espace mémoire du processus;Dans le registre;Sur le disque;Dans l'espace d'adressage système;2;Le PEB se trouve dans l'espace mémoire du processus, contrairement au block du processus qui est dans l'espace d'adressage système.
Qu'est-ce qu'un thread sous Windows ?;Une instance d'application;Un pilote de périphérique;Une entité programme exécutée au sein d'un processus;Un fichier de configuration;4;Un thread (tâche) est une entité programme exécutée au sein d'un processus, un processus a besoin d'au moins un thread principal pour exécuter du code.
Pourquoi les threads sont-ils appelés « processus légers » ?;Ils ne peuvent pas être préemptés;Ils s'exécutent uniquement en mode noyau;Ils consomment peu de CPU;Ils n'ont pas d'espace mémoire propre et utilisent celui du processus;5;Un thread n'a pas d'espace mémoire propre : il utilise celui du processus auquel il est attaché et en partage les ressources.
Combien de niveaux de priorité préemptive Windows WIN32 gère-t-il ?;64;32;16;7;4;WIN32 gère 32 niveaux de priorité, du plus faible (0) au plus fort (31), un thread actif préempte tout thread de priorité inférieure.
Comment sont ordonnancés des threads de même priorité ?;Ils ne s'exécutent jamais ensemble;Par ordre de création uniquement;En temps partagé (round robin), tranche fixe de temps CPU;Par ordre alphabétique;4;Entre threads de même priorité, l'ordonnancement se fait en temps partagé : le système alloue cycliquement à chacun une tranche fixe de temps CPU (round robin).
Combien de partitions principales un disque MBR accepte-t-il ?;28;128;4;2;4;Un disque MBR accepte jusqu'à 4 partitions principales, ou 3 partitions principales et une partition étendue contenant des lecteurs logiques.
Combien de partitions un disque GPT accepte-t-il ?;4;2000;32;128;4;Un disque GPT accepte jusqu'à 128 partitions et des volumes jusqu'à 18 exaoctets, avec des tables de partition primaire et de sauvegarde redondantes.
Qu'apportent les disques dynamiques par rapport aux disques de base ?;Des volumes s'étendant sur plusieurs disques et des volumes à tolérance de pannes;Un chiffrement automatique;Un démarrage plus rapide;Une compatibilité MS-DOS;2;Les disques dynamiques permettent des volumes agrégés/fractionnés sur plusieurs disques et des volumes à tolérance de pannes (miroir, RAID-5).
Sur quels supports les disques dynamiques ne sont-ils PAS pris en charge ?;Les disques GPT;Les disques SATA internes;Les ordinateurs portables et les disques amovibles USB ou FireWire;Les serveurs de fichiers;4;Les disques dynamiques ne sont pas pris en charge sur les portables, les disques amovibles USB ou IEEE 1394, ni sur les bus SCSI partagés.
Qu'est-ce qu'un cluster (unité d'allocation) ?;La plus petite unité de disque gérée par le système, faite d'un ou plusieurs secteurs;Une partition étendue;Un volume dynamique;Un groupe de serveurs;2;Un cluster est la plus petite unité de disque que l'OS peut gérer, constituée d'un ou plusieurs secteurs, un fichier occupe un ou plusieurs clusters.
Où se situe le MBR (secteur de démarrage) sur un disque ?;Au cylindre 0, tête 0, secteur 1;Dans chaque partition;Au centre du disque;À la fin du disque;2;Le MBR est situé au cylindre 0, tête 0, secteur 1, il contient la table des partitions, le code d'amorçage et les informations du disque.
Qu'est-ce que la FAT (File Allocation Table) ?;Le secteur de boot;Une table de sécurité;La liste des utilisateurs;Un tableau où chaque case correspond à un cluster et pointe vers le cluster suivant du fichier;5;La FAT est le cœur du système de fichiers FAT : chaque case correspond à un cluster et indique s'il est utilisé ainsi que l'emplacement du cluster suivant (liste chaînée).
Quelle est la taille maximale d'une partition FAT16 ?;500 Mo;2 Go;2 To;32 Go;3;La FAT16 adresse les clusters sur 16 bits (65 535 clusters max), avec des clusters de 32 ko, la taille maximale d'une partition est de 2 Go.
Qu'apporte la FAT32 par rapport à la FAT16 ?;Les autorisations;La journalisation;Des entrées sur 32 bits, des partitions jusqu'à 2 To et des clusters plus petits;Le chiffrement des fichiers;4;La FAT32 utilise des entrées 32 bits, autorise beaucoup plus de clusters (donc des partitions jusqu'à 2 To) et des clusters plus petits qui réduisent le gaspillage.
Quels systèmes d'exploitation peuvent lire une partition NTFS ?;MS-DOS et Windows 95;Tous les systèmes Windows;Uniquement ceux basés sur Windows NT (NT, 2000, 2003, XP, 2008);Linux uniquement;4;Aucun système autre que ceux basés sur Windows NT n'est en mesure de lire une partition NTFS.
Quelle taille maximale les fichiers NTFS peuvent-ils théoriquement atteindre ?;4 Go;2 To;128 Go;16 exaoctets;5;Les offsets de fichier NTFS étant sur 64 bits, les fichiers et partitions peuvent atteindre jusqu'à 16 exaoctets.
Qu'est-ce que la MFT (Master File Table) ?;La table de fichiers principale d'une partition NTFS, un enregistrement par fichier;Un fichier journal;Une table de partitions;Une clé de chiffrement;2;La MFT est la table de fichiers principale d'une partition NTFS : chaque fichier ou répertoire y est un enregistrement regroupant des attributs détaillés.
Combien d'enregistrements NTFS réserve-t-il pour les metafiles ?;8;4;32;16;5;NTFS réserve les 16 premiers enregistrements de la MFT (index 0 à 15) pour les metafiles : $MFT, $MFTMirr, $LogFile, $Bitmap, $Boot, $BadClus...
Que sont les attributs résidents dans la MFT ?;Des attributs stockés directement dans l'enregistrement MFT;Des attributs de partage;Des attributs stockés sur un autre disque;Des attributs chiffrés;2;Les attributs résidents sont stockés directement dans l'enregistrement MFT, un petit fichier peut y tenir entièrement, sinon les données vont dans des extensions (attributs non résidents).
Qu'est-ce qu'un jeton d'accès (access token) ?;Une clé EFS;Une structure recréée à chaque connexion contenant l'identité du sujet;Une entrée de la MFT;Un mot de passe;3;Le jeton d'accès contient l'identité du sujet, il est recréé à chaque connexion et comparé aux entrées de contrôle d'accès de l'objet.
Quelle est la différence entre une ACL et une ACE ?;Une ACL concerne un fichier, une ACE un dossier;Une ACE autorise ou refuse un accès, l'ACL regroupe toutes les ACE d'un objet;Aucune;Une ACE est chiffrée;3;Une ACE (entrée de contrôle d'accès) autorise ou refuse un comportement, l'ACL (liste de contrôle d'accès) regroupe l'ensemble des ACE d'un objet.
Que fait le sous-système de sécurité s'il atteint la fin d'une ACL sans réponse explicite ?;Il demande à l'administrateur;Il refuse l'accès;Il applique l'héritage;Il autorise l'accès;3;Si l'accès n'est ni autorisé ni refusé explicitement à la fin de l'ACL, le sous-système de sécurité refuse l'accès à l'objet.
Quelle est la différence entre autorisations et droits d'utilisateur ?;Les droits concernent les fichiers, les autorisations les comptes;Les autorisations sont liées aux objets, les droits sont liés au compte;Aucune;Les autorisations ne s'héritent pas;3;Les autorisations sont liées aux objets (accès sur un objet), les droits d'utilisateur sont liés au compte (ouverture de session, sauvegarde...) et se gèrent via la Stratégie de sécurité locale.
Qui peut toujours modifier les autorisations d'un objet ?;Tout utilisateur du groupe Tout le monde;Seul l'administrateur du domaine;Personne;Le propriétaire de l'objet;5;Quelles que soient les autorisations définies, le propriétaire de l'objet (par défaut son créateur) peut toujours les modifier.
Quelle est la priorité entre autorisation explicite et autorisation Refuser héritée ?;L'accès est bloqué;Elles s'annulent;L'autorisation explicite l'emporte;La Refuser héritée l'emporte;4;Les autorisations explicites sont prioritaires sur les autorisations héritées, y compris sur une autorisation Refuser héritée.
Comment se combinent autorisations de partage et autorisations NTFS pour un accès réseau ?;On applique les plus restrictives des deux ensembles;On additionne les deux;Seules les autorisations de partage comptent;Seules les autorisations NTFS comptent;2;Les deux ensembles étant indépendants, l'accès effectif à un dossier partagé retient les autorisations les plus restrictives des autorisations de partage et NTFS.
Quelle est la portée des autorisations de partage ?;Uniquement Terminal Server;Locale et distante;Uniquement les accès réseau (partages);Uniquement les accès locaux;4;Les autorisations de partage ne s'appliquent qu'aux accès réseau, les autorisations NTFS s'appliquent en local comme à distance, quel que soit le protocole.
Combien d'autorisations NTFS standard existe-t-il sur un dossier ?;Quatre;Six;Dix;Trois;2;Il existe six autorisations NTFS standard sur un dossier : Contrôle total, Modification, Lecture & exécution, Affichage du contenu du dossier, Lecture, Écriture.
Que contient la SACL d'un descripteur de sécurité ?;Les groupes autorisés;Le propriétaire;La clé de chiffrement;Les informations d'audit (qui auditer, quelles opérations, réussite ou échec);5;La SACL (System Access Control List) contient les informations d'audit, la DACL contient les groupes autorisés et les types d'accès accordés.
Sur quoi repose le Gestionnaire d'autorisations (Authorization Manager) ?;Le partitionnement GPT;L'administration basée sur les rôles (rôles, tâches, opérations);La compression NTFS;Les quotas de disque;3;Le Gestionnaire d'autorisations est un composant MMC d'administration basée sur les rôles : on y définit des rôles, des tâches et des opérations.
Dans un groupe d'application de base, qu'est-ce qui prime ?;L'appartenance;Le nom du groupe;La non-appartenance;L'ordre d'ajout;4;La non-appartenance prime sur l'appartenance : l'appartenance est calculée en retirant tous les non-membres du groupe.
Sur quel type de volume EFS peut-il chiffrer des fichiers ?;FAT32;FAT16;exFAT;NTFS;5;Le système de fichiers EFS (Encrypting File System) permet de chiffrer des fichiers et dossiers uniquement sur des volumes NTFS.
Quel utilitaire en ligne de commande gère le chiffrement EFS ?;COMPACT;CONVERT;DIRQUOTA;CIPHER;5;L'utilitaire en ligne de commande CIPHER permet de chiffrer et déchiffrer fichiers et dossiers avec EFS.
Peut-on chiffrer et compresser simultanément un fichier avec NTFS ?;Oui, sans restriction;Oui, mais seulement pour les dossiers;Oui, avec les droits d'administrateur;Non, les deux sont mutuellement exclusifs;5;Un fichier compressé avec la compression NTFS ne peut pas être chiffré, et inversement : les deux attributs sont mutuellement exclusifs.
Quel avantage la fonctionnalité « Dossiers compressés (zippés) » a-t-elle sur la compression NTFS ?;Elle est réservée aux administrateurs;Elle chiffre les fichiers;Elle est plus transparente;Elle fonctionne sur FAT et NTFS, permet un mot de passe et n'affecte pas les performances;5;Les dossiers compressés zippés restent compressés sur FAT et NTFS, peuvent être protégés par mot de passe et ne diminuent pas les performances, contrairement à la compression NTFS.
Que devient un fichier déplacé au sein du même lecteur NTFS vers un dossier compressé ?;Il est chiffré;Il conserve son état d'origine (compressé ou non);Il est toujours décompressé;Il est toujours compressé;3;Un déplacement au sein du même lecteur NTFS conserve l'état d'origine du fichier, une copie ou un déplacement depuis un autre lecteur NTFS le compresse.
Quel composant permet de créer des quotas automatiques sur un serveur de fichiers ?;Le Gestionnaire d'autorisations;Le Gestionnaire de ressources du serveur de fichiers (FSRM);La Gestion des disques;L'Observateur d'événements;3;Le Gestionnaire de ressources du serveur de fichiers permet de créer des quotas, des quotas automatiques s'appliquant à tous les sous-dossiers et des modèles de quotas.
À quoi servent les clichés instantanés de dossiers partagés ?;À défragmenter le disque;À obtenir des copies ponctuelles permettant de récupérer un fichier supprimé ou écrasé;À compresser les dossiers;À chiffrer les partages;3;Les clichés instantanés fournissent des copies ponctuelles des fichiers d'un partage, permettant de récupérer une version antérieure d'un fichier supprimé ou écrasé et de comparer des versions.
Qu'est-ce qu'un espace de noms DFS ?;Une représentation virtuelle des dossiers partagés d'une organisation, avec chemin de type UNC;Un volume dynamique;Une clé de registre;Un serveur DNS;2;Un espace de noms DFS est une représentation virtuelle des dossiers partagés, composée d'un serveur d'espaces de noms, d'une racine, de dossiers et de cibles de dossiers (chemins UNC réels).
Quelle norme définit les exigences de sécurité que respecte Windows Server 2008 ?;PCI-DSS;TCSEC (Trusted Computer System Evaluation Criteria);RGPD;ISO 27001;3;Les exigences fondamentales de sécurité satisfaites par Windows Server 2008 sont définies dans la norme TCSEC.
Que protège le mécanisme PatchGuard de Windows Server 2008 ?;Les partitions;Le noyau système contre les rootkits et les modifications;Les mots de passe;Les fichiers utilisateur;3;PatchGuard protège le système d'exploitation en mettant fin aux rootkits et à toute attaque cherchant à modifier le noyau système.
Que vérifie le KMCS (Kernel Mode Code Signing) ?;La taille des clusters;Le mot de passe administrateur;Que le code du noyau a une signature d'une autorité de certification approuvée;L'intégrité des fichiers utilisateur;4;Le KMCS vérifie que le code du noyau possède une signature fournie par une autorité de certification approuvée.
Dans quel composant s'exécute le SRM (Security Reference Monitor) ?;Explorer.exe;Lsass.exe;Winlogon.exe;Ntoskrnl.exe (l'exécutif);5;Le SRM est un composant de l'exécutif Ntoskrnl.exe, il gère la structure du jeton d'accès, les contrôles d'accès et les messages d'audit.
Où est stockée la base de données du service SAM ?;Dans le registre sous HKLM\SAM;Dans la mémoire vive;Dans Active Directory;Dans un fichier texte;2;La base SAM (utilisateurs et groupes locaux, mots de passe, attributs) est stockée dans le registre sous HKLM\SAM.
Quel processus gère les sessions et crée le shell à l'ouverture de session ?;Winlogon;Netlogon;SRM;LSASS;2;Winlogon.exe, en mode utilisateur, gère les sessions et crée le shell (interface utilisateur) quand un utilisateur ouvre une session.
Quel service crée le canal sécurisé vers un contrôleur de domaine ?;KSecDD;Netlogon;SAM;Winlogon;3;Le service d'ouverture de session Netlogon crée le canal sécurisé vers un contrôleur de domaine dans lequel transitent les requêtes de sécurité.
Comment sont gérées les ressources sous Windows ?;Sans contrôle d'accès;Uniquement via le registre;Sous forme de fichiers texte;De façon générique sous forme d'objets protégés par un descripteur de sécurité;5;Toutes les ressources sont gérées sous forme d'objets (File, Process, Key...) protégés par un descripteur de sécurité définissant les accès autorisés.
Où sont stockées les informations d'un compte de domaine ?;Dans Active Directory;Dans le fichier hosts;Dans le BIOS;Dans la base SAM locale;2;Les informations d'un compte de domaine sont stockées dans Active Directory, un compte local est stocké dans la base SAM de l'ordinateur.
Quel RID identifie le compte Administrateur local dans un SID ?;1000;500;1;21;5;Le SID de l'Administrateur d'un système local se termine par le RID 500 (par exemple S-1-5-21-...-500).
Quelle est la longueur maximale d'un mot de passe dans une base SAM ?;127 caractères;256 caractères;8 caractères;14 caractères;5;Un mot de passe stocké dans une base SAM comporte 14 caractères maximum, un compte de domaine Active Directory autorise jusqu'à 127 caractères.
Quels sont les deux types de groupes sous Windows Server 2008 ?;Publics et privés;Locaux et globaux;Sécurité et distribution;Système et utilisateur;4;Windows Server 2008 distingue les groupes de sécurité (gestion des éléments de sécurité) et les groupes de distribution (listes de distribution).
Qu'est-ce qu'une stratégie de groupe (GPO) ?;Un journal d'événements;Un ensemble de paramètres appliqués automatiquement aux utilisateurs ou groupes d'un conteneur;Un pilote de périphérique;Un compte de service;3;Une GPO est un ensemble de paramètres formant une règle qui s'applique automatiquement aux utilisateurs ou groupes situés dans un conteneur (site, domaine ou unité d'organisation).
Quels sont les trois services de sécurité fondamentaux du modèle Windows ?;Pare-feu, antivirus, VPN;Authentification, contrôle d'accès et audit;Chiffrement, compression, sauvegarde;Login, logout, session;3;Le modèle de sécurité Windows supporte trois services fondamentaux : authentification, contrôle d'accès et audit.
Quel est le protocole d'authentification principal dans un domaine Windows Server 2008 ?;Digest;NTLM;Passport;Kerberos V5;5;Kerberos V5 est le protocole de sécurité principal pour les authentifications réalisées dans un domaine, il réalise une authentification mutuelle.
Que vérifie l'authentification mutuelle de Kerberos V5 ?;Uniquement l'identité du serveur;L'identité de l'utilisateur et celle du serveur;Le mot de passe administrateur;Uniquement l'identité de l'utilisateur;3;Kerberos V5 vérifie à la fois l'identité de l'utilisateur qui demande l'authentification et celle du serveur qui la fournit.
Dans quel cas Windows Server 2008 utilise-t-il le protocole NTLM ?;Pour les serveurs web;Quand le client ou le serveur utilise une version antérieure de Windows (NT 4.0 ou moins);Pour tous les accès;Pour le chiffrement EFS;3;NTLM est utilisé quand le client ou le serveur exécute Windows NT 4.0 ou une version antérieure, ces réseaux sont dits en mode mixte, paramètre par défaut.
À quel moment le contrôle d'accès à un objet a-t-il lieu ?;Une seule fois, à l'ouverture de l'objet;Uniquement à la fermeture;À chaque lecture ou écriture;Jamais;2;Le contrôle d'accès a lieu lors de l'ouverture de l'objet (obtention d'un handle), ensuite l'objet est simplement utilisé dans les limites autorisées à l'ouverture.
Sur quel rapprochement repose le contrôle d'accès ?;L'ACL et la SACL uniquement;Le SID et le RID;Les permissions demandées, le descripteur de sécurité de l'objet et le jeton du processus;Le login et le mot de passe;4;Le contrôle d'accès rapproche trois éléments : les permissions demandées à l'ouverture, le descripteur de sécurité de l'objet et le jeton du processus.
Quelles sont les trois informations principales d'un descripteur de sécurité ?;Le SID du propriétaire, la DACL et la SACL;Nom, taille, date;Le login, le mot de passe et le SID;Le chemin, l'inode et les droits;2;Un descripteur de sécurité contient le SID du propriétaire de l'objet, sa DACL (contrôle d'accès discrétionnaire) et sa SACL (contrôle d'accès système pour l'audit).
Pourquoi le contrôle d'accès Windows est-il qualifié de discrétionnaire ?;Il dépend de l'heure;Il est géré par le noyau uniquement;Il est facultatif;Le propriétaire peut toujours lire et modifier la DACL de ses objets;5;Le propriétaire d'un objet a toujours le droit de modifier la DACL des objets lui appartenant : le contrôle est à sa discrétion.
Que peut être une ACE dans une DACL ?;Neutre;Uniquement positive;Uniquement négative;Positive (accorde un accès) ou négative (refuse un accès);5;Une ACE peut être positive (elle accorde un type d'accès) ou négative (elle refuse un type d'accès), le type étant spécifié par un masque de permissions.
Avec quel outil configure-t-on la politique d'audit du système local ?;Le Gestionnaire de tâches;L'éditeur de politique de sécurité locale (Local Security Policy Editor);L'Explorateur Windows;La Gestion des disques;3;La politique d'audit du système local se configure avec l'éditeur de politique de sécurité locale, les événements sont consignés dans le journal sécurité.
Quel composant Windows gère l'ouverture et la fermeture de session interactive ?;smss.exe;LSASS;Winlogon;csrss.exe;4;Winlogon gère l'ouverture et la fermeture de session interactive : fenêtre interactive, descripteur de sécurité de la station, deux bureaux, time-out.
Combien de bureaux Winlogon crée-t-il ?;Trois;Un;Quatre;Deux;5;Winlogon crée deux bureaux : un pour les applications (accessible aux utilisateurs) et un réservé à Winlogon.
Y a-t-il un seul processus Winlogon par machine ?;Non, un par utilisateur connecté;Oui, sauf en mode Core;Non, un par session graphique;Oui, toujours;2;Un processus Winlogon est créé pour chaque utilisateur connecté.
Que représente la SAS (Secure Attention Sequence) par défaut sous Windows ?;Alt-Tab;Ctrl-Alt-F1;Windows-L;Ctrl-Alt-Suppr;5;La SAS est par défaut la combinaison Ctrl-Alt-Suppr, interceptée par Winlogon pour déclencher LogonUI.
Lequel de ces processus est un processus système critique de Windows ?;explorer.exe;notepad.exe;lsass.exe;services.msc;4;Les processus critiques (non arrêtables) sont winlogon.exe, lsass.exe, smss.exe, csrss.exe et wininit.exe.
Que fait LSASS une fois la connexion authentifiée ?;Il crée le jeton d'accès et le fournit à Winlogon;Il vide la base SAM;Il redémarre le service Netlogon;Il ouvre l'Explorateur;2;LSASS vérifie autorisations et privilèges, crée le jeton d'accès, le duplique pour Winlogon, audite si nécessaire et renvoie un succès.
Sous quel shell l'utilisateur travaille-t-il après authentification ?;L'Explorateur Windows (explorer.exe);Winlogon;PowerShell;cmd.exe;2;Après authentification, l'utilisateur travaille sous un shell graphique, en général l'Explorateur Windows (explorer.exe).
Quel est l'objectif du système d'entrée-sortie (E/S) de Windows ?;Fournir aux applications une couche d'abstraction pour les périphériques;Gérer la mémoire virtuelle;Chiffrer les fichiers;Router les paquets;2;Le système d'E/S fournit une couche d'abstraction pour les périphériques, rendant leur utilisation simple et uniforme.
Quel est le composant central du système d'E/S ?;Le gestionnaire d'E/S;Le gestionnaire d'alimentation;La HAL;Le gestionnaire PnP;2;Le gestionnaire d'E/S est le cœur du système d'E/S : il relie applications et composants système aux périphériques et transmet les requêtes aux pilotes.
Qu'est-ce qu'un IRP ?;Un pilote de bus;Une clé de registre;Une interruption matérielle;Le paquet représentant la plupart des requêtes d'E/S;5;L'IRP (Input-Output Request Packet) représente la plupart des requêtes d'E/S, le gestionnaire d'E/S le crée, le passe au pilote, puis le supprime.
Que sont les fichiers virtuels dans le système d'E/S de Windows ?;Des liens symboliques;Des fichiers temporaires;Des fichiers chiffrés;Une abstraction : les threads font leurs E/S sur des fichiers virtuels même pour du matériel;5;Sous Windows, les threads font des E/S sur des fichiers virtuels même s'il s'agit de matériel, le gestionnaire d'E/S redirige vers le pilote concerné.
Quel gestionnaire alloue les IRQ, ports d'E/S et canaux DMA ?;Le gestionnaire d'alimentation;Le gestionnaire Plug and Play;La HAL;Le gestionnaire de mémoire;3;Le gestionnaire Plug and Play alloue les ressources matérielles (IRQ, ports d'E/S, canaux DMA) au démarrage et en cours de fonctionnement.
À quoi sert un fichier CAT (.cat) pour un pilote ?;À décrire le périphérique;À stocker les logs;À installer le pilote;À contenir la signature numérique de certification du pilote;5;Les fichiers CAT contiennent les signatures numériques que Windows utilise pour vérifier qu'un pilote a passé les tests de certification, les fichiers INF décrivent et installent le pilote.
Quel est le rôle de la HAL (Hardware Abstraction Layer) ?;Gérer les sessions;Publier les imprimantes;Chiffrer la mémoire;Isoler les pilotes des spécificités du processeur et du contrôleur d'interruptions;5;La HAL isole les pilotes des spécificités du processeur et du contrôleur d'interruptions et sert de pilote de bus des périphériques non contrôlés par d'autres pilotes.
Combien d'états d'alimentation système la norme ACPI définit-elle ?;Huit (S0 à S7);Six (S0 à S5);Deux (allumé, éteint);Quatre (S0 à S3);3;ACPI définit six états système, de S0 (consommation maximale, aucune latence) à S5 (ordinateur entièrement éteint), S1 à S4 sont des états de veille.
Dans quel fichier le contenu de la mémoire est-il enregistré avant l'hibernation (état S4) ?;Hiberfil.sys;boot.ini;pagefile.sys;ntbtlog.txt;2;Avant le passage à S4, le gestionnaire d'alimentation enregistre le contenu compressé de la mémoire dans Hiberfil.sys, à la racine du volume système.
Combien d'états d'alimentation ACPI définit-elle pour les périphériques ?;Huit;Six;Quatre (D0 à D3);Deux;4;ACPI définit quatre états pour les périphériques : D0 (entièrement allumé) à D3 (entièrement éteint), les états D1 et D2 étant définis par les pilotes.
Entre le gestionnaire d'alimentation et les pilotes, qui décide de la mise en veille ?;Le BIOS;Les pilotes;Le gestionnaire d'alimentation;L'utilisateur;4;Le gestionnaire d'alimentation est prioritaire : c'est lui qui décide de l'état électrique et du moment de la mise en veille.
Quelles sont les trois politiques de signature de pilote sous Windows Server 2008 ?;Local, réseau, domaine;Lire, écrire, exécuter;Autoriser, Refuser, Auditer;Ignorer, Avertir, Interdire;5;Les trois politiques sont Ignorer (installe tout), Avertir (message avant un pilote non signé) et Interdire (bloque l'installation d'un pilote non signé).
Quel laboratoire Microsoft teste et signe les pilotes ?;HAL;WMI;WRP;WHQL (Windows Hardware Quality Labs);5;Le WHQL (Windows Hardware Quality Labs) teste les pilotes, un pilote qui réussit le test est signé par Microsoft.
Quel utilitaire protège les fichiers système critiques par des ACL (protection des ressources Windows) ?;Sfc.exe;Devmgmt.msc;Verifier.exe;Cipher.exe;2;Le mécanisme WRP (Windows Resource Protection) protège les fichiers système critiques par des ACL, son utilitaire est Sfc.exe.
Comment lancer le Gestionnaire de périphériques en ligne de commande ?;services.msc;diskmgmt.msc;gpedit.msc;mmc devmgmt.msc;5;Le Gestionnaire de périphériques se lance avec mmc devmgmt.msc, ou via le Panneau de configuration ou Gestion de l'ordinateur.
Dans le Gestionnaire de périphériques, que signale une icône barrée d'une croix rouge ?;Un périphérique désactivé;Un pilote non signé;Un périphérique caché;Un conflit de ressources;2;Une croix rouge signale un périphérique désactivé, un point d'exclamation indique un problème de ressource ou des pilotes manquants.
Quels pilotes les cartes réseau utilisent-elles sous Windows ?;SCSI;NDIS (Network Driver Interface Specification);NTFS;WDM;3;Les cartes réseau font appel aux pilotes NDIS (Network Driver Interface Specification) pour la prise en charge des réseaux Windows.
Quelle est la différence entre une imprimante et un périphérique d'impression ?;L'imprimante est le matériel, le périphérique le logiciel;Ce sont deux serveurs distincts;Aucune;L'imprimante est l'interface logicielle, le périphérique d'impression est le matériel;5;Le périphérique d'impression est le matériel, l'imprimante est l'interface logicielle entre ce matériel et Windows.
Quelle est l'échelle des priorités d'impression sous Windows Server 2008 ?;De 0 à 10;De -20 à 19;De 1 à 32;De 1 (faible, par défaut) à 99 (forte);5;Les priorités d'impression se fixent en créant plusieurs imprimantes logiques vers le même périphérique, sur une échelle de 1 (la plus faible, par défaut) à 99 (la plus forte).
Qu'est-ce qu'un pool d'impression (Print Pooling) ?;Une file d'attente prioritaire;Une imprimante logique reliée à plusieurs périphériques identiques, le travail allant au premier disponible;Un dossier de spoule chiffré;Un groupe d'utilisateurs;3;Le pool d'impression relie une imprimante logique à plusieurs périphériques identiques (locaux ou réseau), un travail est envoyé au premier périphérique disponible.
Que devient une imprimante partagée sous Windows Server 2008 ?;Elle est chiffrée;Elle est désactivée par défaut;Elle est automatiquement publiée dans Active Directory;Elle passe en lecture seule;4;Une imprimante partagée est automatiquement publiée dans Active Directory, sans AD, les utilisateurs doivent parcourir le réseau pour la trouver.
Qu'est-ce qu'un signal en transmission de données ?;Un équipement d'interconnexion;Une suite ordonnée de bits;Une table de routage;La transcription d'une information sous une forme physique compatible avec le support;5;Le signal est la transcription d'une information sous une forme physique compatible avec le support (variation de tension, de fréquence, de lumière).
Quelle est la différence entre un signal analogique et un signal numérique ?;Le numérique ne se transmet pas sur cuivre;Le numérique est plus lent;L'analogique est chiffré;L'analogique varie de façon continue, le numérique de façon discrète dans le temps;5;Un signal analogique varie de manière continue dans le temps, un signal numérique varie de façon discrète.
Qu'énonce le théorème de Shannon ?;La fréquence d'échantillonnage doit être égale à la fréquence du signal;Le débit est égal à la bande passante;Le bruit double tous les 100 mètres;La fréquence d'échantillonnage doit être au minimum le double de la fréquence maximale du signal;5;Le théorème de Shannon impose F_échantillonnage supérieure ou égale à 2 fois la fréquence maximale du signal (fréquence de Nyquist).
Dans un circuit de données, quel équipement module et démodule le signal ?;L'ETTD;Le concentrateur;Le répéteur;L'ETCD;5;L'ETCD (Équipement de Terminaison du Circuit de Données, ex. un modem) module le signal côté émission et le démodule côté réception, l'ETTD (ex. un PC) génère et traite les données.
Comment appelle-t-on aussi la transmission asynchrone ?;Transmission arythmique ou START/STOP;Transmission full-duplex;Transmission synchrone;Transmission en bande transposée;2;La transmission asynchrone est aussi appelée transmission arythmique ou START/STOP, la ligne est au repos entre deux trames.
Que signifie half-duplex (semi-duplex) ?;Transmission chiffrée;Transmission dans un seul sens;Transmission dans les deux sens mais pas en même temps;Transmission simultanée dans les deux sens;4;En half-duplex, la transmission est possible dans les deux sens mais pas simultanément, le full-duplex autorise les deux sens en même temps, le simplex un seul sens.
Dans quelle unité s'exprime la rapidité de modulation ?;En baud (Bd);En hertz;En décibel;En bit/s;2;La rapidité de modulation correspond au nombre d'intervalles élémentaires par seconde et s'exprime en bauds.
Quelle est la relation entre débit binaire, valence et rapidité de modulation ?;d = 2 x n;d = R / n;d = n x R;d = n + R;4;Le débit binaire d (bit/s) est égal à la valence n multipliée par la rapidité de modulation R (en bauds) : d = n x R.
Quel est le débit binaire d'une ligne de 100 bauds avec une valence de 2 ?;400 bit/s;100 bit/s;150 bit/s;200 bit/s;5;d = n x R = 2 x 100 = 200 bit/s.
Qu'est-ce que le bruit blanc gaussien ?;Un signal aléatoire de densité spectrale de puissance constante en fréquence et dans le temps;Une interférence entre paires;Un écho de satellite;Un bruit concentré dans de brefs intervalles;2;Le bruit blanc gaussien est un signal aléatoire dont la densité spectrale de puissance est constante en fréquence et dans le temps, le bruit impulsif, lui, est bref et intense.
D'où provient le bruit de quantification ?;Du mouvement des électrons dans les conducteurs;De la foudre;De la diaphonie entre paires;De la conversion analogique-numérique et de la précision limitée de la représentation;5;Le bruit de quantification résulte de la conversion analogique-numérique et de la précision limitée de la représentation numérique du signal.
À quel type de câble la paradiaphonie est-elle spécifique ?;À la fibre optique;À la liaison hertzienne;Au câble coaxial;Au câble à paires torsadées;5;La paradiaphonie est spécifique aux câbles à paires torsadées : elle exprime le couplage électromagnétique d'une paire sur l'autre, la torsade la diminue.
Où la transmission en bande de base est-elle principalement utilisée ?;Dans les liaisons satellite;Dans la télévision câblée;Dans les réseaux WAN longue distance;Dans les réseaux locaux, sur de courtes distances;5;La transmission en bande de base (signal simplement codé, non transposé) est principalement utilisée dans les réseaux locaux, la liaison ne dépassant pas quelques centaines de mètres.
Comment le codage Manchester représente-t-il un bit à 1 ?;Par un front montant de la ligne;Par une absence de signal;Par un front descendant de la ligne;Par une tension nulle;2;Dans le codage Manchester (Ethernet des premières versions), un bit à 1 correspond à un front montant et un bit à 0 à un front descendant.
Quel est un avantage du codage Manchester ?;Il double le débit;La synchronisation aisée des horloges car le signal change d'état à chaque bit;Il n'utilise aucune bande passante;Il supprime tout besoin de câblage soigné;3;Le codage Manchester change d'état à chaque bit, ce qui facilite la synchronisation des horloges, sa composante continue est nulle et son spectre est étalé vers les hautes fréquences.
Que fait varier la modulation de fréquence (FSK) ?;Le débit de la ligne;L'amplitude de la porteuse;La fréquence de la porteuse;La phase de la porteuse;4;La modulation de fréquence (FSK, Frequency Shift Keying) utilise deux fréquences de part et d'autre de la porteuse pour coder 0 et 1.
Que combine la modulation MAQ (modulation d'amplitude en quadrature) ?;Le multiplexage et le codage Manchester;Deux codages en bande de base;Une modulation d'amplitude et une modulation par saut de phase;Deux modulations de fréquence;4;La MAQ combine une modulation d'amplitude et une modulation par saut de phase et permet de coder jusqu'à 4 bits par état de phase avec deux porteuses en quadrature.
En quoi consiste le multiplexage fréquentiel (FDMA) ?;À découper statiquement la bande passante en canaux séparés par des bandes de garde;À alterner les émetteurs dans le temps;À émettre plusieurs longueurs d'onde sur une fibre;À compresser les en-têtes;2;Le multiplexage fréquentiel (FDMA / AMRF) découpe statiquement la bande passante du support en canaux, chacun réservé à un utilisateur et séparé par des bandes de garde.
Combien de niveaux la hiérarchie PDH comporte-t-elle en Europe ?;Quatre (TN1 à TN4);Huit;Deux;Trois;2;La hiérarchie numérique plésiochrone PDH comporte 4 niveaux en Europe, numérotés de TN1 à TN4 (de 2,048 à 139,264 Mbit/s).
Qu'apporte la hiérarchie SDH/SONET par rapport à PDH ?;Un débit plus faible;Un fonctionnement plésiochrone;La possibilité d'insérer ou d'extraire des voies sans multiplexage/démultiplexage complet, avec un fonctionnement synchrone;L'abandon de la fibre optique;4;SDH/SONET est synchrone (horloge unique) et permet d'identifier, insérer ou extraire des voies sans opérations complètes de multiplexage/démultiplexage, contrairement à PDH.
Dans la norme ISO 11801, que désigne la partie à gauche du « / » (ex. F/UTP) ?;La catégorie;Le blindage global du câble;L'impédance;Le blindage des paires individuelles;3;Dans la dénomination ISO 11801, la partie à gauche du « / » se réfère au blindage global du câble et la partie à droite au blindage des paires prises individuellement.
Quelle est la différence entre catégorie et classe d'un système de câblage ?;La catégorie qualifie un composant isolé, la classe qualifie l'ensemble du système installé;La classe concerne le cuivre, la catégorie la fibre;Aucune;La catégorie est plus élevée que la classe;2;La catégorie (1 à 7) qualifie un composant pris indépendamment, la classe (A à F) qualifie l'ensemble du système installé.
Quelle application Ethernet correspond à la classe E (catégorie 6, 250 MHz) ?;10base-T;10Gbase-T;100base-TX;1000base-T;5;La classe E (catégorie 6, 250 MHz) correspond à 1000base-T, la classe EA (catégorie 6A, 500 MHz) correspond à 10Gbase-T.
Quelle impédance caractérise le câble coaxial large bande utilisé pour la télévision câblée (CATV) ?;120 ohms;100 ohms;75 ohms;50 ohms;4;Le câble coaxial large bande, à 75 ohms, sert à la transmission de l'image en télévision câblée, le câble bande de base est à 50 ohms.
Quelle bande passante atteint une fibre multimode à gradient d'indice sur 1 km ?;600 MHz;50 MHz;100 GHz;500 MHz;5;Une fibre multimode à gradient d'indice atteint jusqu'à 500 MHz sur 1 km, à saut d'indice, 50 MHz, la monomode, 100 GHz.
Qu'est-ce que le multiplexage WDM sur fibre optique ?;L'émission simultanée de signaux de longueurs d'onde différentes sur la même fibre;La compression des trames;Le multiplexage temporel;Le multiplexage par saut de phase;2;Le WDM (Wavelength Division Multiplexing) émet simultanément des signaux de longueurs d'onde différentes sur une même fibre, on le rencontre dans les cœurs de réseau des opérateurs.
À quelle couche du modèle OSI opère un répéteur ?;Couche 2 (liaison);Couche 1 (physique);Couche 3 (réseau);Couche 4 (transport);3;Le répéteur opère à la couche 1 (physique) : sa fonction principale est la régénération du signal pour relier des segments et étendre le réseau.
Quelle est la fonction principale d'un pont (bridge) ?;Convertir les protocoles applicatifs;Filtrer les trames selon l'adresse MAC pour ne pas diffuser inutilement d'un segment à l'autre;Amplifier le signal;Router les datagrammes IP;3;Le pont (couches 1 et 2, norme IEEE 802.1d) filtre les trames : une trame n'est pas diffusée aux autres segments si le destinataire est sur le même segment que l'émetteur.
Quelle est la structure physique et la topologie logique d'un concentrateur (hub) Ethernet ?;Anneau physique et anneau logique;Étoile physique et bus logique;Maille physique et étoile logique;Bus physique et étoile logique;3;Le hub duplique chaque signal reçu sur tous les autres ports : la structure physique est une étoile mais la topologie logique reste un bus.
En quoi un switch Ethernet se comporte-t-il comme un pont ?;Il mémorise les adresses des périphériques par port et partitionne le réseau en autant de segments que de ports;Il régénère seulement le signal;Il diffuse chaque trame partout;Il route sur adresse IP;2;Le switch stocke les adresses MAC connectées à chaque port et partitionne le réseau en segments, limitant le broadcast et le trafic.
À quelle couche opère un routeur et que fait-il des adresses MAC ?;Couche 3, les adresses MAC ne sont pas transmises d'un segment à un autre;Couche 1, il régénère le signal;Couche 4, il segmente les messages;Couche 2, il transmet les adresses MAC d'un segment à l'autre;2;Le routeur opère à la couche 3 (réseau), il transmet les datagrammes IP mais les adresses MAC ne traversent pas le routeur (correspondance IP-MAC via ARP/RARP en local).
Qu'est-ce qu'un B-routeur (brouter) ?;Un routeur pouvant basculer en mode pont quand le protocole réseau lui est étranger;Un répéteur multiport;Un pont qui chiffre les trames;Un switch de niveau 3;2;Un B-routeur est un routeur pouvant basculer en mode pont lorsque le protocole réseau de la trame lui est étranger.
Quelle est la différence entre topologie physique et topologie logique ?;La physique régit le câblage, la logique décrit le mode de circulation des données;La logique concerne le cuivre, la physique la fibre;Aucune;La physique change avec les protocoles;2;La topologie physique décrit la répartition spatiale des équipements et régit le câblage, la topologie logique décrit la méthode d'accès aux données.
Quelle topologie physique et logique caractérise Ethernet 10baseT ?;Étoile physique et anneau logique;Étoile physique et bus logique;Anneau physique et anneau logique;Bus physique et étoile logique;3;Ethernet 10baseT utilise une topologie physique en étoile (avec un hub) et une topologie logique de bus.
Qui a inventé Ethernet ?;Vinton Cerf;Linus Torvalds;Tim Berners-Lee;Robert Metcalfe et David Boggs;5;Ethernet a été inventé en 1973 par Robert Metcalfe et David Boggs pour Xerox au Palo Alto Research Center.
Quelle norme IEEE de 1997 marque la fin de la méthode d'accès CSMA/CD ?;802.3x (full-duplex);802.3u;802.3i;802.3z;2;La norme 802.3x de 1997 définit le mode full-duplex qui, avec la généralisation des commutateurs, marque la fin de CSMA/CD.
En quelles deux sous-couches la couche liaison de données est-elle scindée ?;MAC et LLC;PMD et PMI;DSAP et SSAP;RTS et CTS;2;La couche liaison est scindée en MAC (contrôle de l'accès partagé, adressage MAC) et LLC (lien logique, indépendante du réseau physique).
Quel type de service LLC est le seul quasi utilisé dans les réseaux locaux ?;LLC-3 (datagramme acquitté);LLC-4;LLC-2 (sur connexion);LLC-1 (sans connexion ni acquittement);5;LLC-1, service minimum sans connexion ni acquittement, est pratiquement le seul utilisé en LAN car ce sont les couches supérieures qui assurent les fonctions manquantes.
Pourquoi l'encapsulation SNAP a-t-elle été créée par rapport à LLC ?;Pour supprimer les collisions;Parce que LLC n'identifie pas tous les protocoles de niveau 3 (ex. ARP) et son codage sur 3 octets nuit aux performances;Pour augmenter la MTU;Pour chiffrer les trames;3;LLC n'identifie pas tous les protocoles de niveau 3 et son codage sur 3 octets ne respecte pas les mots machine, SNAP (5 octets) gère plus de 128 protocoles.
Sur combien de bits une adresse MAC est-elle codée ?;32 bits;24 bits;64 bits;48 bits;5;Une adresse MAC est codée sur 48 bits (6 octets), dont 22 bits pour le constructeur et 24 bits pour le numéro de série.
Que fait un routeur des trames de broadcast Ethernet ?;Il les convertit en multicast;Il les stocke;Il ne les laisse pas passer;Il les diffuse sur tous les ports;4;Un routeur ne laisse pas passer les trames de broadcast (FF:FF:FF:FF:FF:FF) d'un segment à un autre.
Pourquoi l'adressage MAC est-il qualifié d'adressage « à plat » ?;Parce qu'il est hiérarchique;Parce qu'on ne peut pas déduire la position d'une machine sur le réseau à partir de son adresse;Parce qu'il permet le routage;Parce qu'il est codé sur 32 bits;3;L'adressage MAC est « à plat » : chaque machine a une adresse unique mais on ne peut l'atteindre que par diffusion, l'adressage hiérarchique (IP) permet lui le routage.
Quelle est la taille maximale du champ de données d'une trame Ethernet (MTU) ?;1500 octets;9000 octets;1000 octets;576 octets;2;La MTU d'Ethernet est de 1500 octets, au-delà, les datagrammes doivent être fragmentés avant transmission.
Comment distingue-t-on une trame Ethernet 802.3 d'une trame V2 ?;Par la taille du préambule;Par l'adresse de destination;Si le champ de 2 octets après l'adresse MAC source est inférieur à 1500, c'est une trame 802.3;Par la présence d'un tag VLAN;4;Toutes les valeurs d'Ethertype étant supérieures à 1500, un champ inférieur à 1500 après l'adresse MAC source indique une trame 802.3 (champ Longueur), sinon c'est une trame V2 (champ Ethertype).
Jusqu'à combien d'octets peut aller le padding d'une trame 802.3 et pourquoi ?;Jusqu'à 18 octets;Jusqu'à 1500 octets;Jusqu'à 64 octets;Jusqu'à 46 octets, pour atteindre la taille minimale de 64 octets;5;Le padding peut atteindre 46 octets pour compléter une trame vide jusqu'à la taille minimale de 64 octets requise par CSMA/CD.
Que fait une station émettrice juste après avoir détecté une collision en CSMA/CD ?;Elle envoie une séquence de jamming de 32 bits à 1 puis attend une durée aléatoire;Elle retransmet immédiatement;Elle passe en full-duplex;Elle éteint sa carte réseau;2;Après une collision, la station cesse d'émettre, envoie 32 bits à 1 (jamming) puis attend une durée aléatoire (Binary Exponential Backoff) avant de retransmettre, dans la limite de 16 tentatives.
Quelle est la longueur minimale d'une trame Ethernet à 10 Mb/s ?;128 octets;64 octets;46 octets;512 octets;3;La longueur minimale d'une trame est de 64 octets, ce qui garantit un temps d'émission suffisant (51,2 µs à 10 Mb/s sur 2500 m) pour détecter une collision.
Pourquoi CSMA/CD est-il qualifié de protocole « probabiliste » ?;Il chiffre aléatoirement les trames;Il choisit le débit au hasard;Il est impossible de prévoir précisément le délai avant émission car le temps d'attente après collision est aléatoire;Il perd aléatoirement des trames;4;Le temps d'attente après collision étant aléatoire, la durée entre le moment où une trame est prête et son émission réelle est imprévisible : le protocole est probabiliste, à l'inverse des protocoles déterministes à jeton.
Sur quel support fonctionne la norme 10Base5 (Thick Ethernet) ?;Câble coaxial épais 50 ohms;Paire torsadée UTP;Fibre optique;Câble coaxial fin;2;10Base5 fonctionne sur câble coaxial épais 50 ohms, jusqu'à 5 segments de 500 m et 100 stations, avec un transceiver MAU fixé par prise vampire.
Quelle est la longueur maximale d'un segment 10Base2 (Thin Ethernet) ?;500 m;100 m;2500 m;185 m;5;Un segment 10Base2 sur câble coaxial fin mesure 185 m au maximum et relie jusqu'à 30 stations, avec un connecteur en T vissé BNC.
Qu'est-ce qui disparaît dans un réseau Ethernet entièrement commuté ?;Le champ FCS;Les collisions et donc la méthode CSMA/CD;L'adressage MAC;Le préambule;3;En mode commuté, chaque station est reliée en point à point à un port du commutateur : il n'y a plus de collision, donc plus de CSMA/CD ni de limite de distance interne.
Comment un commutateur construit-il sa table de commutation ?;Par configuration manuelle uniquement;Par requête DNS;Par le protocole ARP;Par autoapprentissage : il ajoute l'adresse source d'une trame et le port d'arrivée;5;L'autoapprentissage ajoute une ligne (adresse source, port d'arrivée) quand une trame arrive d'une adresse inconnue, mais ce mécanisme n'est pas standardisé.
Quelle tension le PoE (Power over Ethernet, 802.3af) fournit-il aux appareils ?;48 V;24 V;230 V;12 V;2;Le PoE fournit une alimentation de 48 V sur le câble RJ45 qui transporte les données, avec une puissance terminale de 12 W maximum.
Quelle méthode d'accès utilise le Token Ring (IEEE 802.5) ?;CSMA/CA;CSMA/CD;DPAM;Un jeton circulant sur l'anneau logique (accès déterministe);5;Le Token Ring utilise un accès déterministe par jeton circulant sur l'anneau logique, la topologie physique peut être un anneau ou une étoile via un répartiteur MAU.
Quelle méthode d'accès le Wi-Fi (IEEE 802.11) utilise-t-il ?;Le jeton;CSMA/CD;CSMA/CA avec échange RTS/CTS;Le polling;4;Le Wi-Fi utilise CSMA/CA (Collision Avoidance) : comme la détection de collision est impossible (nœud caché), les stations réservent le canal par un échange RTS (Request To Send) / CTS (Clear To Send).
Qu'est-ce qu'un VLAN ?;Un type de commutateur;Un câble virtuel;Un protocole de routage;Un réseau local regroupant des stations de façon logique et non physique;5;Un VLAN (réseau local virtuel) regroupe un ensemble de stations de façon logique et non physique, l'aiguillage étant assuré par des commutateurs de niveau 2.
Un VLAN par adresse IP se situe à quel niveau du modèle OSI ?;Niveau 1;Niveau 4;Niveau 3;Niveau 2;4;Le VLAN par adresse IP se situe au niveau 3, devoir lire l'adresse de niveau 3 rend la commutation plus lente que pour un VLAN par port (niveau 1) ou par MAC (niveau 2).
Quelle est la taille du tag IEEE 802.1Q inséré dans une trame Ethernet ?;2 octets;4 octets;30 octets;8 octets;3;Le tag 802.1Q ajoute 4 octets : le champ VPID (0x8100) et le champ TCI (priorité 802.1p sur 3 bits, CFI, identifiant de VLAN sur 12 bits soit 4094 VLAN), son ajout impose de recalculer le FCS.
Combien de VLAN un identifiant IEEE 802.1Q sur 12 bits permet-il d'adresser ?;65536;4094;1024;256;3;Les 12 bits d'identifiant de VLAN du champ TCI permettent d'adresser 4094 VLAN.
Quel étiquetage de VLAN est propriétaire et incompatible avec le standard IEEE ?;IEEE 802.3af;ISL (Inter-Switch Link) de Cisco;IEEE 802.1p;IEEE 802.1Q;3;L'étiquetage ISL (Inter-Switch Link) de Cisco complète l'en-tête de 30 octets et n'est pas compatible avec le standard IEEE 802.1Q.
Cite un avantage majeur d'un VLAN.;Il permet de modifier l'architecture par simple paramétrage des commutateurs et réduit la diffusion du trafic;Il supprime le besoin de commutateurs;Il augmente le débit physique;Il chiffre automatiquement toutes les trames;2;Le VLAN apporte souplesse d'administration (paramétrage des commutateurs), gain en sécurité et réduction de la diffusion du trafic par segmentation virtuelle du domaine de broadcast.
Quel support de communication le CPL utilise-t-il ?;La fibre optique;Une nouvelle paire torsadée;Les ondes radio 2,4 GHz;Le réseau électrique existant;5;Le CPL (Courant Porteur en Ligne) transporte les informations sur le câblage électrique standard existant, sans travaux d'infrastructure.
Que définit la norme IEEE 1901 de 2010 pour le CPL ?;Les canaux Wi-Fi;Les équipements BPL avec des débits supérieurs à 500 Mb/s en réseau local;Le format des trames Ethernet;Le chiffrement WEP;3;La norme IEEE 1901 définit les équipements BPL (Broadband over Power Line), avec des débits supérieurs à 500 Mb/s en LAN et un accès Internet jusqu'à 1,5 km.
Quelle technique de modulation la couche physique du CPL haut débit utilise-t-elle ?;La modulation de phase simple;L'OFDM (porteuses orthogonales ne se chevauchant pas);Le multiplexage temporel pur;La modulation Manchester;3;Le CPL haut débit utilise l'OFDM (Orthogonal Frequency Division Multiplexing) : division en de nombreuses porteuses orthogonales avec répétition du signal pour limiter les interférences.
Quelle méthode d'accès la couche liaison du CPL partage-t-elle avec le Wi-Fi ?;Le jeton;CSMA/CA;Le polling;CSMA/CD;3;Comme le Wi-Fi, le CPL utilise CSMA/CA (Collision Avoidance) : les données ne sont transmises que si le support est libre, avec échange DIFS/RTS/CTS/ACK.
Quel couplage CPL est le plus efficace pour réduire l'atténuation ?;Le couplage résistif;Le couplage capacitif;Le couplage inductif;Le couplage optique;4;Le couplage inductif réduit l'atténuation de 10 à 15 dB pour certaines fréquences par rapport au couplage capacitif, le plus utilisé.
Quel chiffrement les versions récentes du CPL (HomePlug AV, UPA DS2) utilisent-elles ?;AES 128 bits;DES 56 bits;RC4;Aucun;2;Les premiers standards utilisaient DES 56 bits, les versions récentes (UPA DS2, HomePlug AV) sont passées à AES 128 bits, beaucoup plus résistant.
Jusqu'à quelle distance environ le rayonnement d'un module CPL peut-il porter ?;10 km;1 km;100 m;10 m;4;Le circuit électrique non blindé se comporte comme une antenne : le rayonnement des ondes haute fréquence du CPL porte jusqu'à une centaine de mètres.
Quelle bande de fréquences est totalement libérée en usage privé en France ?;La bande des 5,4 GHz;La bande des 60 GHz;La bande des 900 MHz;La bande des 2,4 GHz;5;En France, toute bande est soumise à autorisation sauf la bande des 2,4 GHz en usage privé, totalement libérée par l'ARCEP.
Quels réseaux Wi-Fi doivent faire une déclaration à l'ARCEP ?;Aucun;Tous;Uniquement les réseaux d'entreprise;Uniquement les réseaux ouverts au public;5;Seuls les réseaux ouverts au public doivent être déclarés, les réseaux internes (hôtels, cybercafés) et non ouverts au public (entreprises) sont dispensés.
À quelle norme le WiMax répond-il ?;IEEE 802.16;IEEE 802.3;IEEE 802.11;IEEE 802.15;2;Le WiMax (Worldwide Interoperability for Microwave Access) répond à la norme IEEE 802.16 pour la boucle locale radio.
Quel débit théorique et quelle portée le WiMax (802.16a) prévoit-il ?;70 Mbit/s sur environ 50 km sans ligne de vue;1300 Mbit/s sur 35 m;11 Mbit/s sur 300 m;6,75 Gbit/s sur 10 m;2;Le WiMax prévoit 70 Mbit/s théoriques par cellule sur environ 50 km sans ligne de vue (10 Mbit/s et 20 km en pratique).
Qui a lancé la technologie Bluetooth et en quelle année ?;IBM en 1985;Nokia en 1999;Apple en 2007;Ericsson en 1994;5;Bluetooth a été lancé par Ericsson en 1994 pour permettre des échanges entre appareils numériques, il correspond à la norme IEEE 802.15.1.
Combien d'appareils un piconet Bluetooth peut-il contenir ?;8;4;16;2;2;Un piconet est un petit réseau Bluetooth de 8 appareils au maximum autorisant des communications simultanées.
Quelle technique de codage radio du Wi-Fi permet les plus hauts débits ?;L'infrarouge;Le codage Manchester;DSSS (Direct Sequence Spread Spectrum);FHSS (Frequency Hopping Spread Spectrum);4;Parmi les codages du Wi-Fi (DSSS, FHSS, infrarouge), c'est le DSSS (Direct Sequence Spread Spectrum) qui permet les plus hauts débits.
Sur quelle bande de fréquences opère la norme 802.11a (WiFi 5) ?;5 GHz;60 GHz;900 MHz;2,4 GHz;2;La norme 802.11a opère dans la bande des 5 GHz (8 canaux, 54 Mbps théoriques, portée d'une trentaine de mètres, codage OFDM) et est incompatible avec le 802.11b.
Quelle est la première norme Wi-Fi publiée et son débit théorique ?;802.11g à 54 Mbps;802.11b à 11 Mbps (1999);802.11a à 54 Mbps;802.11n à 300 Mbps;3;La norme 802.11b, publiée en 1999, propose 11 Mbps théoriques dans la bande des 2,4 GHz, avec une portée jusqu'à 300 m en environnement dégagé.
Quelles technologies la norme 802.11n combine-t-elle pour atteindre 300 Mb/s ?;DES et AES;WEP et TKIP;CSMA/CD et le jeton;MIMO et OFDM;5;La norme 802.11n atteint 300 Mb/s théoriques (100 réels) grâce aux technologies MIMO (Multiple Input Multiple Output) et OFDM.
Quels canaux non chevauchants utilise-t-on en 2,4 GHz en entreprise ?;Les canaux 1, 6 et 11;Tous les canaux;Les canaux 3, 8 et 13;Les canaux 2, 7 et 12;2;Il faut laisser 4 bandes libres entre cellules limitrophes : sur la douzaine de canaux, seuls 3 ou 4 sont exploitables, en général le 1, le 6 et le 11.
Qu'apporte la technologie MIMO au Wi-Fi ?;La compression des trames;Le roaming automatique;Le chiffrement;L'émission/réception sur plusieurs antennes, ce qui double la portée maximale;5;La technologie MIMO (Multiple Input Multiple Output) s'appuie sur plusieurs antennes en émission/réception et double la portée maximale par rapport à une seule antenne.
Quelle norme Wi-Fi traite de l'authentification ?;802.11e;802.1x;802.11s;802.11p;3;La norme 802.1x (IETF), initialement pour les réseaux câblés, est devenue le point clé de l'authentification dans les réseaux sans fil : un client non authentifié est bloqué.
Quel protocole de chiffrement le WPA a-t-il introduit en remplacement du WEP ?;DES;AES;RC4;TKIP (Temporal Key Integrity Protocol);5;Le WPA, sous-ensemble de 802.11i, s'appuie sur l'authentification 802.1x et améliore la sécurité avec le protocole TKIP, successeur du WEP.
Qu'est-ce que le NAV (Network Allocation Vector) en CSMA/CA ?;Une adresse réseau;Un algorithme de chiffrement;Un canal de gestion;Un temporisateur qui indique l'instant où le support sera libéré;5;Le NAV est un temporisateur calculé par chaque station à chaque trame émise, qui détermine quand le support sera libéré et retarde les transmissions ultérieures.
Qu'est-ce que le problème de la station cachée en Wi-Fi ?;Deux stations qui entendent un intermédiaire mais pas l'une l'autre;Un point d'accès non déclaré;Une station qui masque son SSID;Une station en veille;2;Deux stations trop éloignées ou séparées par un obstacle entendent chacune un intermédiaire mais pas l'une l'autre, et ne peuvent donc pas détecter une transmission en cours, le VCS (RTS/CTS) limite alors les collisions aux petites trames RTS.
Quelle est la différence entre SSID et BSSID en Wi-Fi ?;Le SSID identifie le réseau (32 caractères), le BSSID est l'adresse MAC de l'équipement Wi-Fi;Le SSID est l'adresse MAC de l'AP;Ils sont identiques;Le BSSID identifie le réseau;2;Le SSID (jusqu'à 32 caractères) identifie le réseau, le BSSID est l'adresse MAC de l'équipement Wi-Fi et l'identifie de manière unique.
Quelle topologie 802.11 fonctionne sans point d'accès ?;Infrastructure;BSS;ESS;IBSS (ad-hoc);5;L'IBSS (Independent Basic Service Set, ad-hoc) permet à des machines de communiquer directement sans point d'accès, en utilisant le routage de niveau IP.
Comment appelle-t-on le regroupement de plusieurs BSS reliés par un système de distribution ?;IBSS;Hotspot;Piconet;ESS (Extended Service Set);5;L'ESS (Extended Service Set) est le regroupement de plusieurs BSS reliés par un Distribution System, tous devant avoir le même SSID.
Combien de types de trames Wi-Fi existe-t-il ?;Un;Cinq;Deux;Trois (données, contrôle, gestion);5;Il existe trois types de trames Wi-Fi : les trames de données, les trames de contrôle (RTS, CTS, ACK) et les trames de gestion (association/désassociation).
Qu'est-ce que HiperLAN 2 ?;Un protocole de routage;Une norme de sécurité Wi-Fi;Le pendant européen de 802.11a avec une couche MAC en TDMA/TDD;Un type de câble;4;HiperLAN 2 est le pendant européen de la norme IEEE 802.11a : même interface radio mais couche MAC en division temporelle (TDMA/TDD) au lieu de CSMA, avec séparation des flux et scheduling.
Quel service le protocole IP offre-t-il ?;Le chiffrement des données;Une simple remise de datagrammes en mode non connecté;Le contrôle de flux;Un service fiable orienté connexion;3;IP n'offre qu'un service de remise de datagrammes en mode non connecté, chaque paquet est indépendant et le contrôle de flux est assuré par TCP.
Sur combien de bits une adresse IPv4 est-elle codée ?;48 bits;32 bits;16 bits;64 bits;3;Une adresse IPv4 est codée sur 32 bits (4 octets), écrite en notation décimale pointée.
De quelles deux parties se compose une adresse IPv4 ?;L'identifiant du réseau (Net-ID) et l'identifiant de l'hôte (Host-ID);En-tête et données;Source et destination;Classe et masque;2;Une adresse IPv4 se compose de l'identifiant du réseau (Net-ID) et de l'identifiant de l'hôte sur ce réseau (Host-ID).
Quel est le premier octet d'une adresse de classe A ?;Entre 192 et 223;Entre 1 et 127;Entre 128 et 191;Entre 224 et 239;3;Une adresse de classe A a son premier bit à 0 et son premier octet compris entre 1 et 127.
Quelle classe d'adresses IPv4 est utilisée par le multicast ?;Classe D;Classe B;Classe A;Classe C;2;Les adresses de classe D sont utilisées par les mécanismes de multicast (envoi de messages à un groupe de machines).
Quel organisme attribue les adresses de réseau IP publiques ?;Le NIC (Network Information Center);L'ARCEP;L'ISO;L'IEEE;2;Seul le NIC (Network Information Center) attribue les adresses de réseau afin qu'elles soient uniques au monde.
Qu'est-ce que la MTU (Maximum Transfer Unit) ?;La taille maximale d'une adresse IP;Le nombre maximal de routeurs traversés;La taille maximale du bloc de données d'une trame de couche Liaison;La durée de vie d'un datagramme;4;La MTU est la taille maximale du bloc de données contenu dans une trame de couche Liaison, elle vaut 1500 octets pour Ethernet et varie selon les réseaux.
Où un datagramme IP fragmenté est-il réassemblé ?;À chaque routeur;Par le premier routeur rencontré;Uniquement par le destinataire final;Par la couche Liaison;4;Le réassemblage n'est réalisé que par le destinataire final, un paquet fragmenté reste fragmenté (ou est re-fragmenté) jusqu'à la fin de son parcours.
En blocs de combien d'octets les données sont-elles découpées lors de la fragmentation IP ?;8 octets (64 bits);4 octets;64 octets;16 octets;2;Les données sont divisées en portions multiples de 8 octets (64 bits), sauf la dernière, le Fragment Offset se mesure en blocs de 8 octets.
Que se passe-t-il si un fragment manque à l'arrivée d'un datagramme IP ?;La couche Transport est prévenue;Tous les autres fragments sont supprimés, sans retransmission;Le datagramme est acheminé incomplet;Le fragment manquant est retransmis;3;Le manque est détecté au réassemblage, tous les autres fragments sont supprimés, il n'y a pas de retransmission et rien n'est remonté à la couche Transport.
Quelles trois contraintes le champ TOS (Type Of Service) permet-il d'arbitrer ?;Priorité, fragmentation, TTL;Coût, latence, sécurité;Source, destination, protocole;Faible retard, faible taux d'erreur et haut débit;5;Le champ TOS arbitre entre faible retard (Delay), faible taux d'erreur (Reliability) et haut débit (Throughput), il est déconseillé d'activer plus de deux optimisations sur trois.
Quelle est la longueur totale maximale d'un datagramme IPv4 ?;4 294 967 296 octets;65 535 octets;576 octets;1500 octets;3;Le champ Longueur totale sur 16 bits permet de coder jusqu'à 65 535 octets, il est recommandé de ne dépasser 576 octets que si la destination peut l'accepter.
À quoi sert le champ TTL (Time To Live) d'un datagramme IP ?;À compter les octets;À indiquer le protocole de couche 4;À limiter la durée de vie du datagramme dans le réseau, décrémenté à chaque routeur;À identifier les fragments;4;Le TTL est décrémenté d'une unité à chaque passage dans un routeur et le datagramme est détruit quand il devient nul, ce qui évite les boucles de routage infinies.
Par qui le champ Protocole de l'en-tête IPv4 est-il utilisé ?;Par la source uniquement;Par la couche physique;Uniquement par le destinataire final;Par chaque routeur;4;Le champ Protocole n'est utilisé que par le destinataire final, pour déterminer à quel protocole de couche 4 remettre les données.
Sur quoi porte le checksum de l'en-tête IPv4 ?;Sur l'en-tête uniquement, recalculé à chaque routeur;Sur l'adresse source seule;Sur l'en-tête et les données;Sur les données uniquement;2;Le checksum est calculé sur l'en-tête uniquement, comme des champs comme le TTL changent en transit, il est recalculé et vérifié à chaque routeur.
À quoi sert le protocole ARP ?;À router les datagrammes;À trouver l'adresse physique (MAC) d'un hôte à partir de son adresse IP;À signaler des erreurs réseau;À trouver sa propre adresse IP;3;ARP (Address Resolution Protocol) permet de trouver l'adresse physique (MAC, 48 bits) d'un hôte à partir de son adresse logique (IP, 32 bits) par une requête en broadcast.
Pourquoi chaque hôte gère-t-il un cache ARP ?;Pour chiffrer les échanges;Pour éviter de diffuser une requête broadcast à chaque échange, mécanisme coûteux;Pour stocker les mots de passe;Pour compter les collisions;3;Le broadcast étant coûteux en ressources, chaque hôte conserve dans un cache les correspondances IP-MAC récemment acquises et le consulte avant de diffuser une requête.
À quoi sert le protocole RARP ?;À trouver l'adresse MAC d'un hôte distant;À fragmenter les datagrammes;À tester la connectivité;À permettre à une station sans disque d'acquérir sa propre adresse logique;5;RARP (Reverse ARP) permet à une station sans disque, qui ne connaît que son adresse physique, d'acquérir sa propre adresse logique auprès d'un serveur d'adresses RARP.
Quand une station sans disque émet-elle sa requête RARP ?;Dès sa mise sous tension, avant de charger l'OS;Après avoir reçu une requête ARP;Uniquement à la demande de l'administrateur;Après avoir chargé son système d'exploitation;2;La station sans disque doit émettre un message RARP dès sa mise sous tension, avant même de charger son système d'exploitation via le réseau.
Le protocole ICMP rend-il IP fiable ?;Oui, il retransmet les datagrammes perdus;Non, il sert seulement à signaler l'apparition d'erreurs dans l'environnement IP;Oui, il garantit l'acheminement;Non, il n'a aucun rôle;3;ICMP sert uniquement à signaler l'apparition d'erreurs, les protocoles de niveau supérieur doivent implémenter leur propre contrôle d'erreur et retransmission.
Où le protocole ICMP est-il implémenté ?;Dans chaque module IP (hôtes et routeurs);Uniquement sur le serveur DNS;Uniquement dans les routeurs;Uniquement dans la couche Transport;2;ICMP fait partie intégrante du protocole IP et doit être implémenté dans chaque module IP, ses datagrammes sont encapsulés dans des datagrammes IP.
Quel message ICMP prévient l'expéditeur qu'un datagramme a été détruit car sa durée de vie a expiré ?;Dépassement de temps;Saturation d'un élément du réseau;Problème de paramètre;Destination injoignable;2;Le message ICMP « Dépassement de temps » prévient l'expéditeur de la destruction d'un datagramme dont le TTL a expiré (par exemple à cause d'une boucle de routage).
Pourquoi aucun message ICMP n'est-il émis en réponse à un autre message ICMP ?;Parce que c'est interdit par le RFC 1122;Parce qu'ICMP n'a pas d'en-tête;Pour économiser la bande passante;Pour éviter un cercle vicieux de messages de contrôle;5;Aucun message ICMP n'est émis en réponse à un ICMP afin d'éviter un cercle vicieux de réémission de messages de contrôle.
Quels messages ICMP la commande ping utilise-t-elle ?;echo request et echo reply;hello et bye;ping et pong;request et response;2;La commande ping envoie un message ICMP « echo request » auquel la machine cible répond par un « echo reply », ce qui teste la connectivité.
Quelle plage d'adresses privées la RFC 1918 réserve-t-elle dans la classe C ?;10.0.0.0/8;172.16.0.0/12;100.64.0.0/10;192.168.0.0/16;5;La RFC 1918 réserve 10.0.0.0/8 (classe A), 172.16.0.0 à 172.31.255.255 (classe B) et 192.168.0.0/16 (classe C).
Quel mécanisme faut-il pour faire communiquer deux réseaux en adresses privées ?;Le NAT (Network Address Translation);Le subnetting;Le routage statique;Le protocole ICMP;2;La translation d'adresses NAT est nécessaire, car aucune garantie d'unicité des adresses ne peut être assurée entre deux organisations utilisant des adresses privées.
Quel est le masque de réseau par défaut d'une adresse de classe B ?;255.255.255.255;255.0.0.0;255.255.0.0;255.255.255.0;4;Le masque par défaut de la classe B est 255.255.0.0 (ou /16), classe A : 255.0.0.0, classe C : 255.255.255.0.
Comment obtient-on l'adresse du réseau à partir d'une adresse d'hôte ?;En soustrayant le masque de l'adresse;En inversant les bits;En additionnant l'adresse et le masque;En effectuant un ET logique entre l'adresse et le masque de sous-réseau;5;Le ET logique bit à bit entre l'adresse de l'hôte et le masque de sous-réseau donne l'adresse du réseau (1 et 1 = 1, sinon 0).
Une adresse de diffusion dirigée peut-elle être une adresse source ?;Oui;Non, elle est toujours adresse de destination;Seulement avec DHCP;Oui, mais uniquement en classe C;3;L'adresse de diffusion dirigée (host-id tout à 1) n'est jamais une adresse source, toujours une adresse de destination.
Que permet l'adresse de diffusion limitée 255.255.255.255 ?;De faire du multicast;De réduire la diffusion au réseau local sans franchir de routeur;D'identifier la passerelle par défaut;De diffuser sur tout Internet;3;L'adresse 255.255.255.255 réduit la diffusion au réseau local lui-même, sans franchir de routeur de niveau 3.
Quel protocole gère les groupes de multidiffusion (adresses de classe D) ?;RARP;ARP;ICMP;IGMP (Internet Group Management Protocol);5;La multidiffusion utilise IGMP pour la gestion des groupes, il ne faut pas le confondre avec ICMP qui signale les erreurs.
Comme quoi l'adresse 0.0.0.0 est-elle utilisée dans une table de routage ?;Comme adresse de multicast;Comme adresse de broadcast;Comme entrée du routeur (passerelle) par défaut;Comme adresse de bouclage;4;Dans une table de routage, 0.0.0.0 indique l'entrée du routeur par défaut (passerelle par défaut), elle ne peut être qu'une adresse source.
Quel est le principe du subnetting (RFC 950) ?;Diviser le champ host-id en subnetwork-id et host-id, ajoutant un 3e niveau hiérarchique;Fusionner plusieurs réseaux en un seul;Éliminer le concept de classe;Chiffrer les adresses;2;Le subnetting ajoute un 3e niveau hiérarchique en divisant le champ host-id en deux parties : le subnetwork-id (identifie le segment) et le host-id.
La structure de sous-réseaux d'une entité est-elle visible sur Internet ?;Oui, en classe C uniquement;Oui, tous les routeurs la voient;Non, sauf avec RIPv1;Non, seul le routeur local différencie les sous-réseaux;5;La structure de sous-réseaux n'est pas visible de l'extérieur, Internet route sur le Network-id parent aligné sur l'octet, seul le routeur local différencie les sous-réseaux.
Combien de bits d'extension faut-il pour coder 8 sous-réseaux ?;3 bits;2 bits;4 bits;8 bits;2;Il faut 3 bits (2 puissance 3 = 8) à ajouter au masque par défaut, par exemple /24 devient /27 (255.255.255.224).
En découpant 192.168.1.0/24 en 8 sous-réseaux, combien d'adresses chaque sous-réseau contient-il ?;32;16;64;128;2;256 - 224 = 32 adresses par sous-réseau (adresse de sous-réseau et adresse de diffusion comprises), soit 2 puissance 5 sur les 5 bits d'hôte restants.
Pour adresser 70 hôtes par sous-réseau, quel masque de sous-réseau faut-il ?;255.255.255.128 (/25);255.255.255.0 (/24);255.255.255.224 (/27);255.255.255.192 (/26);2;70 hôtes plus 2 adresses de service exigent 7 bits d'hôte (2 puissance 7 = 128, 126 hôtes adressables), soit le masque 255.255.255.128 ou /25.
Comment se déduit l'adresse de diffusion d'un sous-réseau ?;Adresse du réseau parent;Adresse du sous-réseau + 1;Adresse du premier hôte - 1;Adresse du sous-réseau suivant - 1;5;L'adresse de diffusion d'un sous-réseau est égale à l'adresse du sous-réseau suivant moins 1 (ou l'adresse du dernier hôte plus 1).
Quel protocole de routage ne permet pas d'utiliser le premier et le dernier sous-réseau ?;OSPF;BGP;RIPv2;RIPv1;5;RIPv1 ne permet pas l'utilisation du premier et du dernier sous-réseau, car il ne véhicule pas les masques, RIPv2 et OSPF les gèrent.
Quelle instruction ajoute-t-on sur un routeur Cisco pour prendre en compte le sous-réseau numéro 0 ?;router rip;ip subnet-zero;ip route 0.0.0.0;no shutdown;3;Sur les routeurs Cisco, la prise en compte du sous-réseau numéro 0 nécessite l'ajout de l'instruction ip subnet-zero dans la configuration.
Quel est le principe du VLSM (Variable Length Subnet Masking) ?;Fusionner des blocs de classe C;Appliquer récursivement le sous-adressage, avec des masques de longueur variable;Utiliser uniquement des adresses privées;Un masque unique pour tout le réseau;3;Le VLSM (RFC 1878) applique récursivement le sous-adressage : un réseau est divisé en sous-réseaux dont certains sont eux-mêmes divisés en sous-réseaux plus petits.
Quels protocoles de routage supportent le VLSM ?;Aucun;RIPv2 et OSPF;Seulement BGP;RIPv1 uniquement;3;RIPv2 et OSPF supportent le VLSM car ils transportent les informations de masque à chaque signalisation de route, RIPv1 ne le supporte pas.
À quoi sert le CIDR (Classless Inter-Domain Routing) ?;À découper un réseau en sous-réseaux internes;À signaler les erreurs;À sécuriser les échanges;Au sur-adressage pour attribuer de grands blocs de classe C, surtout par les FAI;5;Le CIDR (supernetting) est une technique de routage sans classe créée par l'IETF en 1992, utilisée par les fournisseurs d'accès pour attribuer de grands blocs d'adresses.
Comment le CIDR détermine-t-il la séparation entre numéro de réseau et numéro d'hôte ?;Par la longueur du préfixe réseau CIDR;Par le champ TTL;Par les 3 premiers bits de la classe;Par l'adresse de diffusion;2;Le CIDR élimine le concept de classe : les routeurs utilisent la longueur du préfixe réseau, dont chaque routeur est averti.
Combien d'adresses individuelles un préfixe CIDR /20 permet-il d'affecter ?;4096;16384;256;1024;2;32 - 20 = 12 bits, soit 2 puissance 12 = 4096 adresses, l'équivalent de 16 classes C.
Quelle est la distinction fondamentale entre VLSM et CIDR ?;Le VLSM est interne à une organisation, le CIDR est orienté fournisseurs d'accès Internet;Le CIDR ne fonctionne qu'en classe A;Le VLSM concerne IPv6;Aucune;2;Le VLSM est utilisé pour des besoins internes à une organisation, tandis que le CIDR est avant tout orienté vers les fournisseurs d'accès Internet.
Quelle technique d'optimisation d'adressage IP est la plus utilisée en pratique ?;Le subnetting;Le NAT;Le VLSM;Le CIDR;2;Le sous-adressage ou subnetting est la technique la plus utilisée en pratique.
Combien de champs une ligne de /etc/passwd contient-elle ?;Neuf;Sept;Cinq;Six;3;Une ligne de /etc/passwd contient sept champs séparés par « : » : login, mot de passe crypté, UID, GID, GECOS, répertoire personnel, shell.
Quand le système consulte-t-il le fichier /etc/passwd ?;Jamais;Au moment du login;À chaque commande;Uniquement au démarrage;3;Le système consulte /etc/passwd au moment du login pour déterminer l'UID de l'utilisateur, son répertoire et d'autres informations.
Que contient le champ mot de passe de /etc/passwd sur un système Linux moderne ?;Rien;Le mot de passe en clair;Un x renvoyant vers un fichier séparé;Le mot de passe crypté en DES;4;Sur les systèmes modernes le champ contient un x (ou ! / * sur AIX), le mot de passe crypté étant déplacé dans /etc/shadow.
Où sont stockés les mots de passe cryptés sous AIX ?;/etc/gshadow;/etc/passwd;/etc/shadow;/etc/security/passwd;5;AIX stocke les mots de passe cryptés dans /etc/security/passwd, tandis que Linux, Solaris et HP-UX utilisent /etc/shadow.
Quel préfixe identifie un mot de passe chiffré en MD5 ?;$2a$;$5$;$6$;$1$;5;Les mots de passe MD5 commencent par $1$, Blowfish par $2a$, SHA256 par $5$, SHA512 par $6$.
Quel UID l'utilisateur root a-t-il toujours ?;100;1;65534;0;5;L'utilisateur root a toujours l'UID 0, les UID sont des entiers non signés 32 bits.
Comment empêche-t-on la connexion avec un compte de pseudo-utilisateur comme bin ?;En lui donnant un UID faible et un shell fictif comme /bin/false;En le supprimant de /etc/passwd;En le chiffrant;En le mettant dans /etc/group;2;On donne aux pseudo-utilisateurs un UID faible et un shell fictif (/bin/false) pour empêcher toute connexion avec ces comptes.
Pourquoi ne faut-il jamais réutiliser un UID après suppression d'un utilisateur ?;Pour accélérer le login;Pour économiser la mémoire;Pour éviter la confusion lors d'une restauration de sauvegarde où les utilisateurs sont identifiés par l'UID;Parce que c'est interdit par POSIX;4;Ne pas réutiliser un UID évite la confusion si des fichiers sont restaurés depuis des sauvegardes où les utilisateurs sont identifiés par l'UID plutôt que par le login.
Quel GID est réservé au groupe root (ou system) ?;255;2;0;1;4;Le GID 0 est réservé au groupe appelé root ou system.
Comment un nouveau fichier hérite-t-il du groupe de son répertoire parent ?;Avec le bit setuid;Avec le bit setgid (02000) ou l'option de montage grpid;Avec la commande newgrp;Automatiquement toujours;3;Positionner le bit setgid (02000) sur le répertoire, ou monter le système de fichiers avec l'option grpid, permet aux nouveaux fichiers d'appartenir au groupe du répertoire parent.
Quelle commande interprète le champ GECOS de /etc/passwd ?;chsh;passwd;finger;groupadd;4;La commande finger interprète les valeurs GECOS séparées par des virgules : nom complet, bureau, téléphone de bureau, téléphone personnel.
Que se passe-t-il si le répertoire personnel d'un utilisateur est manquant au login ?;Le répertoire est créé automatiquement;Le système affiche « aucun répertoire » et place l'utilisateur dans /;L'utilisateur devient root;Le login est toujours refusé;3;Si le répertoire home est manquant, le système affiche un message « aucun répertoire » et place l'utilisateur dans /, sous Linux, DEFAULT_HOME à « no » refuse le login.
Quel est le shell par défaut sous AIX ?;ksh (Korn shell);tcsh;bash;sh;2;Le shell par défaut d'AIX est ksh (Korn shell), bash est celui de Linux et Solaris.
À quels shells la commande chsh limite-t-elle les changements sous Linux ?;À aucun, chsh est interdit;Aux shells listés dans /etc/shells;Uniquement à bash;À tous les shells installés;3;Sous Linux, chsh limite les changements aux shells répertoriés dans /etc/shells, avec des chemins absolus.
Combien de champs une ligne de /etc/shadow contient-elle ?;Douze;Neuf;Sept;Huit;3;Une ligne de /etc/shadow contient neuf champs séparés par « : » (login, mot de passe, dates et durées de gestion du mot de passe, date d'expiration du compte, champ réservé).
En quelle unité les dates de /etc/shadow sont-elles exprimées ?;En secondes depuis 1970;Au format aaaa-mm-jj;En millisecondes;En jours depuis le 1er janvier 1970;5;Les champs de date de /etc/shadow sont exprimés en jours (pas en secondes) depuis le 1er janvier 1970.
Quel utilitaire harmonise les contenus de /etc/passwd et /etc/shadow ?;vipw;pwck;pwconv;chfn;4;pwconv (Solaris, HP-UX, Linux) harmonise passwd et shadow, sous Linux il complète les paramètres par défaut à partir de /etc/login.defs.
Combien de champs une ligne de /etc/group contient-elle ?;Deux;Quatre;Trois;Sept;3;Une ligne de /etc/group contient quatre champs : nom du groupe, mot de passe crypté ou espace, numéro GID, liste des membres séparés par des virgules.
En cas de conflit d'appartenance entre /etc/passwd et /etc/group, lequel prime ?;/etc/group;/etc/gshadow;/etc/passwd;/etc/shadow;4;Si un utilisateur a un groupe par défaut dans /etc/passwd mais n'y figure pas dans /etc/group, c'est /etc/passwd qui est prioritaire.
Quelles commandes gèrent les comptes utilisateurs sur les systèmes Unix/Linux ?;passwd, chsh, chfn;useradd, userdel, usermod;newuser, rmuser, chuser;adduser, deluser, moduser;3;Les outils de gestion des comptes sont useradd, userdel et usermod (mêmes noms sur tous les systèmes, mais programmes différents), il faut être root.
Où sont conservés les modèles de fichiers de démarrage d'un nouvel utilisateur sous Linux ?;/home;/etc/skel;/root;/etc/security;3;Les exemples de fichiers de démarrage sont conservés dans /etc/skel (Linux, Solaris, HP-UX), AIX les place dans /etc/security.
Que signifie la terminaison « rc » d'un fichier de démarrage ?;Run command;Resource control;Root configuration;Registry check;2;La terminaison « rc » signifie « run command », une relique du système d'exploitation CTSS, le point initial cache le fichier.
Quelle est la différence entre un programme et un processus ?;Un processus est le fichier, un programme son exécution;Un programme est statique (instructions dans un fichier), un processus est dynamique (programme en exécution et son contexte);Un programme est en mémoire, un processus sur disque;Aucune;3;Un programme est un objet statique, une suite d'instructions, un processus est un objet dynamique, un programme en cours d'exécution avec son contexte.
Qui assure essentiellement le changement de contexte pour qu'il soit très rapide ?;Les couches matérielles de l'ordinateur;Le système de fichiers;Le shell;L'utilisateur;2;Le changement de contexte doit être très rapide, il est en grande partie assuré par les couches matérielles de la machine.
Combien de critères historiques une politique d'ordonnancement met-elle en jeu ?;Cinq;Trois;Quatre;Sept;2;Cinq critères : efficacité, rendement, temps d'exécution, interactivité et équité, souvent contradictoires entre eux.
Comment un système monoprocesseur simule-t-il le parallélisme des processus ?;Par le protocole ICMP;En désactivant le multitâche;En dupliquant le processeur;Par pseudo-parallélisme, l'ordonnanceur basculant très vite d'un processus à l'autre;5;Le pseudo-parallélisme repose sur un ordonnanceur (scheduler) qui bascule très rapidement d'un processus à l'autre, un seul processus a réellement le processeur à un instant donné.
Quel processus est l'ancêtre de tous les autres sous Unix/Linux ?;kflushd;init (PID 1);cron;bash;3;Au démarrage il n'existe qu'un seul processus, init (PID 1), ancêtre de tous les autres.
Que retourne fork() dans le processus fils ?;Le PID du fils;Le PID du père;0;-1;4;fork() retourne le PID du fils dans le père, 0 dans le fils, et -1 en cas d'échec (aucun fils n'est alors créé).
Que fait l'appel système exec() ?;Il crée un thread;Il recouvre le processus par un autre exécutable en conservant le PID;Il duplique le processus;Il termine le processus;3;exec() recouvre le processus par un autre exécutable : on libère tout sauf l'entrée dans la table des processus et la zone u, puis on alloue les zones du nouveau programme, le PID est conservé.
Dans quel état passe un processus qui a appelé exit() mais dont le père n'a pas encore fait wait() ?;Prêt;Endormi;Zombie;En exécution;4;exit() libère tout sauf l'entrée dans la table des processus : le processus est alors en état zombie jusqu'à ce que le père récupère son code de sortie avec wait().
Pourquoi les threads ont-ils été introduits par rapport à fork() ?;fork() duplique toutes les structures mémoire, ce qui est coûteux, alors qu'un thread ne duplique quasiment rien;Ils sont plus sûrs;Ils suppriment le besoin d'ordonnancement;Ils remplacent le noyau;2;fork() est coûteux car il duplique toutes les structures mémoire, un thread ne comporte qu'un compteur ordinal, une pile et des registres, le reste étant partagé (création environ 60 % plus rapide).
Quel est un risque majeur de la programmation multithread ?;L'absence de multitâche;La lenteur du disque;La perte de l'adresse IP;Les race conditions et les deadlocks (le code doit être thread safe);5;Les threads étant ordonnancés au hasard par l'OS, il faut se méfier des race conditions, de la non-réentrance et des deadlocks, le code doit être thread safe.
Un daemon (processus serveur) est-il associé à un terminal ?;Oui, mais seulement en arrière-plan;Uniquement au démarrage;Non, il n'est rattaché à aucun terminal;Oui, toujours;4;Les daemons (crond, syslogd...) tournent en permanence et ne sont rattachés à aucun terminal, ils sont démarrés par les scripts d'initialisation.
Que devient le PID lors d'un exec() ?;Il change;Il est conservé;Il passe à 0;Il devient -1;3;Lors d'un fork il y a attribution d'un nouveau PID, mais lors d'un exec le même PID est conservé.
Dans quel mode le shell exécute-t-il les commandes par défaut ?;En mode asynchrone;En mode synchrone (le père attend la fin du fils);En arrière-plan;En mode batch;3;Par défaut le shell exécute les commandes comme des processus en mode synchrone (avant-plan) : le père attend la fin du fils.
À quoi correspond le descripteur de fichiers numéro 2 ?;Un fichier temporaire;La sortie standard;L'entrée standard;La sortie d'erreur;3;Le descripteur 0 est l'entrée standard, le 1 la sortie standard, le 2 la sortie d'erreur (le terminal par défaut).
Quelle redirection ajoute la sortie à la fin d'un fichier sans l'écraser ?;<;>;2>;>>;5;commande >> fichier ajoute la sortie standard à la fin du fichier, un simple > écraserait le fichier existant.
Que fait l'expression > /dev/null 2>&1 en fin de ligne de script ?;Elle crée un fichier de log;Elle affiche tout à l'écran;Elle envoie un mail;Elle dirige toute la sortie (standard et erreur) vers /dev/null, en l'ignorant;5;> /dev/null 2>&1 dirige la sortie standard et la sortie d'erreur vers /dev/null, ce qui les ignore efficacement (fréquent dans la crontab).
Quelle option de ps utilise-t-on sur un système de type AT&T (System V) ?;ps -edf;ps -w;ps -aux;ps --tree;2;On retient ps -aux pour les systèmes de type BSD et ps -edf pour les systèmes de type AT&T (System V).
Quel rôle les signaux jouent-ils au niveau des processus ?;Ils allouent la mémoire;Ils créent des threads;Ils chiffrent les données;Le même rôle que les exceptions et interruptions au niveau du processeur : avertir d'un événement;5;Un signal agit comme une sonnerie qui avertit un processus d'un événement synchrone ou asynchrone, comme les exceptions et interruptions au niveau du processeur.
Quel signal est envoyé à un processus quand on tape Ctrl-C ?;SIGKILL;SIGINT;SIGTERM;SIGHUP;3;SIGINT (interruption) est le signal envoyé à un processus quand on tape Control-C au clavier.
À quoi sert aujourd'hui le signal SIGHUP ?;À demander aux démons de relire leur fichier de configuration;À tuer le processus;À signaler une division par zéro;À changer la taille de la fenêtre;2;Historiquement lié à la rupture d'une ligne téléphonique, SIGHUP est maintenant utilisé pour demander à des démons de relire leur fichier de configuration.
À quoi sert la commande kill ?;À supprimer un fichier;À lister les processus;À envoyer n'importe quel signal à un processus du même propriétaire;À planifier une tâche;4;La commande kill (et l'appel système associé) permet d'envoyer n'importe quel signal à n'importe quel processus du même propriétaire, kill -l liste les signaux.
Quelle commande lance un processus de façon différée à une date donnée ?;at;cron;wait;nice;2;La commande at permet de lancer un processus de façon différée, at -l liste les processus en attente d'exécution.
Pourquoi la sauvegarde est-elle qualifiée d'assurance sous Unix/Linux ?;Parce qu'aucun fichier supprimé ne peut être récupéré autrement;Parce qu'elle est imposée par la loi;Parce qu'elle accélère le système;Parce qu'elle chiffre les données;2;Sous Unix rien ne permet de récupérer un fichier une fois supprimé, la sauvegarde joue donc le rôle d'une assurance contre la perte de données.
Vers quel type de cible peut-on écrire une sauvegarde sous Unix/Linux ?;Uniquement une bande magnétique;N'importe quel périphérique mode caractère, un fichier, un autre disque ou une autre machine;Uniquement un serveur dédié;Uniquement un disque local;3;Une sauvegarde peut être dirigée vers tout périphérique accessible en mode caractère, vers un simple fichier, vers un autre disque ou vers une autre machine.
Qu'est-ce qui caractérise l'archivage par rapport à la sauvegarde ?;Il est toujours quotidien;Il ne concerne que les fichiers temporaires;Il conserve des données pour des raisons juridiques, fiscales ou administratives;Il sert à faire face à un incident d'exploitation;4;L'archivage, dit « légal », conserve des données de production ou système pour des besoins juridiques, fiscaux, administratifs ou sociaux, ainsi que les équipements permettant de les exploiter.
Quelles sont les questions de base d'une politique globale de sauvegarde ?;Pourquoi et comment seulement;Quoi, où, qui, comment, quand;Où et quand seulement;Qui, quoi, combien;3;L'administrateur doit se poser une série de questions de base : Quoi ? Où ? Qui ? Comment ? Quand ?
Quels fichiers sont généralement exclus d'une sauvegarde ?;Les fichiers système;Les fichiers temporaires;Les fichiers utilisateur;Le fichier /etc/passwd;3;La réponse est souvent « tous » à l'exception des fichiers temporaires, avec quelques nuances comme les systèmes d'exploitation déjà disponibles sur support CD.
Comment établit-on une stratégie de sauvegarde cohérente ?;En établissant un plan idéal théorique puis en l'adaptant aux contraintes et en l'affinant par des tests;En achetant le maximum de bandes;En copiant tout chaque nuit sans réflexion;En déléguant à un prestataire;2;On établit d'abord un calendrier idéal hors contraintes, puis on tient compte des contraintes organisationnelles et techniques, enfin on affine le plan par des tests répétés sur des volumétries estimées.
Que faut-il sauvegarder pour restaurer tout un système après effacement total ?;Seulement le noyau;Les fichiers utilisateur, les fichiers système personnalisés et ajoutés, et les produits additionnels;Seulement les fichiers utilisateur;Seulement /etc/passwd;3;Il est recommandé de copier tous les fichiers utilisateur, les fichiers système personnalisés (par exemple /etc/passwd), les fichiers système ajoutés depuis l'installation et tous les produits additionnels intégrés depuis.
Dans la terminologie HP-UX, que sont les fichiers exclus ?;Des exceptions situées dans un répertoire inclus mais non sauvegardées;Des fichiers effacés du disque;La liste complète des fichiers à sauvegarder;Des fichiers compressés;2;Les fichiers exclus figurent dans les répertoires inclus mais ne font pas partie de la sauvegarde, ce sont des exceptions.
Qu'est-ce qu'un diagramme dans la terminologie de sauvegarde HP-UX ?;Un graphique de volumétrie;Un schéma réseau;Un fichier texte listant de façon exhaustive les répertoires et fichiers à sauvegarder;Une table de partition;4;Les diagrammes sont des fichiers texte contenant la liste exhaustive des répertoires et fichiers à sauvegarder, c'est-à-dire la zone cible des données.
À quoi sert une sauvegarde locale ?;À archiver légalement les données;À la reprise d'activité après sinistre;À restaurer quelques fichiers altérés ou d'anciennes versions sur le site de production;À remplacer les sauvegardes externalisées;4;La sauvegarde locale est une sauvegarde de travail qui ne quitte pas le site de production et sert à restaurer quelques fichiers altérés, supprimés ou d'anciennes versions.
Quelle est la caractéristique d'une sauvegarde externalisée ?;Elle n'est jamais chiffrée;Elle est conservée moins d'un jour;Elle reste sur le site de production;Elle est stockée sur un site éloigné et transportée dès sa réalisation;5;La sauvegarde externalisée est destinée à la reprise après sinistre majeur, elle est stockée sur un site éloigné du site de production et transportée aussitôt après sa réalisation.
Comment restaure-t-on à partir de sauvegardes différentielles ?;En restaurant la sauvegarde complète puis la dernière différentielle;En restaurant uniquement la dernière différentielle;En restaurant toutes les différentielles dans l'ordre;En restaurant la complète puis toutes les différentielles;2;La sauvegarde différentielle enregistre ce qui a changé depuis la dernière complète, il suffit donc de restaurer la complète puis la dernière différentielle.
Comment restaure-t-on à partir de sauvegardes incrémentales ?;En restaurant la complète puis la dernière incrémentale;En restaurant seulement la dernière incrémentale;En restaurant la dernière complète puis toutes les incrémentales suivantes dans l'ordre;En restaurant les incrémentales dans n'importe quel ordre;4;La sauvegarde incrémentale enregistre ce qui a changé depuis la dernière sauvegarde quelle qu'elle soit, il faut restaurer la dernière complète puis toutes les incrémentales, dans l'ordre.
À quoi correspond le niveau 0 dans les niveaux de sauvegarde ?;Aux fichiers modifiés depuis la veille;Aux seuls fichiers spéciaux;À une sauvegarde vide;À une sauvegarde intégrale;5;Quand dix niveaux sont définis (0 à 9), le niveau 0 correspond à une sauvegarde intégrale, le niveau 1 aux fichiers modifiés depuis le dernier niveau 0, et ainsi de suite.
Que signifie exactement « sauvegarde intégrale » ?;La sauvegarde de tous les fichiers de la liste des fichiers inclus, quelle que soit la dernière sauvegarde;La sauvegarde des seuls fichiers modifiés;La sauvegarde du seul répertoire racine;La sauvegarde de tous les fichiers du système;2;Sauvegarde intégrale signifie sauvegarder tous les fichiers de la liste des fichiers inclus indépendamment de la dernière sauvegarde, pas l'ensemble des fichiers du système.
En quoi consiste la vérification des données de sauvegarde ?;À changer de périphérique;Au rejeu de l'opération, à la comparaison avec l'original et à la relecture de la bande;À compresser les fichiers;À supprimer les anciennes bandes;3;Faire vivre la politique de sauvegarde passe par le rejeu de l'opération précédente (doublement), la comparaison des résultats avec l'original et la relecture de la bande.
Quelles sont les trois grandes familles de supports de stockage ?;Bande magnétique, stockage optique, stockage sur disque;RAID, SAN, NAS;tar, cpio, dd;Disquette, CD, clé USB;2;Trois grandes familles de produits de stockage se distinguent : les cartouches de bandes magnétiques, le stockage optique et le stockage sur disque.
Quelle nouveauté la génération LTO-4 a-t-elle apportée ?;Le format 8 mm;Le WORM;Le chiffrement matériel 256-bit AES-GCM;La capacité de 6,4 To;4;LTO-4 (2007, 800 Go natif, 120 Mo/s) a ajouté le chiffrement matériel 256-bit AES-GCM, tandis que le WORM avait été introduit avec LTO-3.
Quel ratio de compression retient-on pour les premières générations LTO ?;5:1;2:1;10:1;1:1;3;On considère un ratio d'environ 2:1 pour les cinq premières générations LTO et environ 2,5:1 à partir de la sixième, les capacités natives étant données pour des données non compressées.
Quelle est la durée de vie estimée d'un média LTO ?;Environ 3 ans;Environ 10 ans;Environ 100 ans;Environ 30 ans;5;La durée de vie du média LTO est estimée à 30 ans, avec en théorie 20 000 chargements/déchargements.
Quel est le principal inconvénient de la sauvegarde sur bande magnétique ?;La faible capacité;L'impossibilité de la réécrire;Un temps d'écriture qui peut être important;Le coût élevé du média;4;L'avantage de la bande est le faible coût du média, son inconvénient est un temps d'écriture qui peut être important.
Quelle est la différence entre compresser et archiver ?;Compresser réduit l'espace disque, archiver rassemble plusieurs fichiers en un seul;Les deux réduisent l'espace disque;Les deux ne servent qu'au transfert réseau;Compresser rassemble des fichiers, archiver les réduit;2;Compresser vise à occuper moins d'espace disque en évitant les redondances, archiver vise à rassembler plusieurs fichiers en un seul pour faciliter leur manipulation.
Quel est l'atout majeur de la commande tar ?;Elle est disponible sur la totalité des plateformes Linux-Unix;Elle chiffre les archives;Elle lit les noms de fichiers sur l'entrée standard;Elle gère les bandes multi-volumes mieux que cpio;2;tar assure archivage et désarchivage en accédant normalement au filesystem et présente l'immense avantage d'être disponible sur toutes les plateformes Linux-Unix.
Comment la commande cpio reçoit-elle la liste des fichiers à traiter ?;Par variable d'environnement;Dans un fichier de configuration;Par le biais de l'entrée standard;En argument de la ligne de commande;4;Contrairement à tar, cpio lit le nom des fichiers qu'il doit traiter par le biais de l'entrée standard et s'utilise donc avec les opérateurs de redirection.
À quoi sert la commande mt ?;À comparer deux sauvegardes;À monter un système de fichiers;À manipuler la bande magnétique : avancer, reculer, rembobiner, écrire des marques;À sauvegarder des fichiers;4;mt n'est pas une commande de sauvegarde proprement dite mais permet de manipuler les bandes magnétiques : avancer, reculer, rembobiner, écrire des marques de fin de fichier, voir le statut du dérouleur.
Quelle est la particularité de la commande dump ?;Elle ne fonctionne que sous Linux;Elle ne gère aucun niveau incrémental;Elle consulte la structure interne du filesystem via le fichier spécial en mode caractère de la partition;Elle sauvegarde via une copie fichier à fichier classique;4;dump assure la sauvegarde d'un disque en consultant la structure interne du filesystem via le fichier spécial en mode caractère de la partition, sur Solaris on utilise ufsdump.
Que crée la commande mksysb sous AIX ?;Une bande de sauvegarde amorçable du système;Une archive réseau;Une image ISO;Un fichier compressé tar;2;Sous AIX, mksysb crée une bande de sauvegarde bootable du système, par exemple mksysb -i /dev/rmt0.
Quel est le principe de l'application AMANDA ?;Elle remplace tar et dump par un format propriétaire;Un seul serveur puissant sauvegarde de nombreux clients qui n'ont besoin que du logiciel client;Chaque machine se sauvegarde elle-même sans coordination;Un client sauvegarde plusieurs serveurs;3;AMANDA a une architecture client/serveur : un seul serveur de sauvegarde puissant sauvegarde de nombreux clients, centralise l'administration et s'appuie sur tar ou dump.
Comment rsync accélère-t-il les sauvegardes successives ?;En compressant toujours tout;En ignorant les permissions;En doublant chaque fichier;En ne transférant que les fichiers modifiés depuis la source et en supprimant sur la destination ceux qui ont disparu;5;Après un premier transfert complet, rsync ne copie plus que les fichiers modifiés sur la source, élimine sur la destination ceux qui n'existent plus et conserve les permissions.
Quel organisme a le plus de responsabilité dans la gouvernance d'Internet ?;L'IETF;L'ICANN;L'ISOC;L'IGF;3;L'ICANN contrôle l'attribution des adresses Internet, des noms de domaine et des numéros de port, c'est le seul groupe avec une réelle capacité d'application.
De quelle organisation l'IETF est-elle une émanation ?;Le Département américain du Commerce;L'ICANN;L'ISOC;L'IGF;4;L'ISOC (Internet Society) est l'organisation mère de l'Internet Engineering Task Force, qui supervise la plupart des travaux techniques.
Que devient le contenu d'une RFC une fois publiée ?;Il n'est jamais changé, une mise à jour étant une nouvelle RFC;Il est supprimé après cinq ans;Il est révisé chaque année;Il est fusionné avec les brouillons;2;Une fois distribué, le contenu d'une RFC n'est jamais modifié, les mises à jour sont diffusées comme de nouvelles RFC avec leur propre numéro.
Quel protocole de la suite TCP/IP traduit les adresses IP en adresses matérielles ?;ARP;TCP;ICMP;UDP;2;ARP, le protocole de résolution d'adresse (RFC826), traduit les adresses IP en adresses matérielles sur le réseau local.
Quelle est la taille d'une adresse IPv6 ?;64 bits;256 bits;128 bits;32 bits;4;IPv6 porte l'espace d'adressage à 16 octets soit 128 bits, contre 4 octets (32 bits) pour IPv4.
Comment s'appelle l'unité de données à la couche TCP ?;Un segment;Un paquet;Une trame;Un datagramme;2;À la couche liaison c'est une trame, à la couche IP un paquet et à la couche TCP un segment.
Que désigne le MTU ?;Le nombre maximal de sauts;Le débit maximal d'une interface;Le temps maximal de transmission;La taille maximale d'un paquet sur un lien;5;Le MTU (Maximum Transfer Unit) est la taille maximale d'un paquet, associée au protocole de la couche liaison, la charge utile d'une trame Ethernet standard est de 1500 octets.
En IPv6, qui réalise la fragmentation des paquets ?;La couche liaison;Le serveur DNS;L'hôte expéditeur lui-même;Chaque routeur intermédiaire;4;IPv6 élimine largement la fragmentation par les routeurs : les paquets peuvent encore être fragmentés mais l'hôte expéditeur doit faire ce travail lui-même.
Que représentent les trois premiers octets d'une adresse MAC Ethernet ?;Le numéro de port;L'identifiant du fabricant (OUI);Un numéro de série unique;L'adresse réseau;3;Les trois premiers octets identifient le fabricant du matériel (identifiant unique organisationnel IEEE, OUI), les trois derniers sont une série unique.
Sur combien de bits un numéro de port TCP ou UDP est-il codé ?;24 bits;32 bits;16 bits;8 bits;4;Un port est un numéro sur 16 bits qui étend l'adresse IP pour spécifier un canal de communication, les ports bien connus sont dans /etc/services.
Quelle restriction pèse sur les ports inférieurs à 1024 sous Unix ?;Seul root peut s'y mettre à l'écoute;Personne ne peut les utiliser;Ils sont désactivés par défaut;Ils sont réservés à UDP;2;Les systèmes Unix limitent aux programmes gérés en tant que root la mise à l'écoute sur un port inférieur à 1024, pour prévenir l'usurpation de services, la restriction ne s'applique pas aux clients.
Combien d'hôtes utilisables un réseau /26 comporte-t-il ?;62;30;126;64;2;Un /26 laisse 6 bits d'hôte, soit 64 adresses, dont 62 utilisables car l'adresse réseau et l'adresse de diffusion sont réservées.
Qu'est-ce que le CIDR permet, contrairement au subnetting classique ?;D'utiliser des masques implicites;D'attribuer des adresses sans masque;De supprimer les tables de routage;De rendre la portion réseau plus petite qu'une classe d'adresse, agrégeant plusieurs réseaux;5;Le CIDR (RFC1519) repose sur un masque explicite mais permet une portion réseau plus courte qu'une classe : un masque court agrège plusieurs réseaux pour le routage, d'où le nom de supernetting.
Que fait le NAT sur le routeur de bordure ?;Il bloque tout le trafic sortant;Il réécrit l'adresse source des paquets internes avec une adresse publique et tient une table de correspondances;Il chiffre les paquets;Il attribue des adresses par bail;3;Le NAT intercepte les paquets adressés depuis des adresses privées et réécrit leur adresse source (et parfois le port) avec une adresse IP extérieure réelle, en maintenant une table de correspondances.
Où se situe la frontière réseau/hôte d'une adresse IPv6 ?;À /128;À /64;À /48;À /56;3;La frontière entre partie réseau et partie hôte d'une adresse IPv6 est fixée à /64 : le subnetting n'existe plus dans le monde IPv6.
Quelle commande affiche la table de routage sans résolution DNS ?;ifconfig -a;netstat -i;netstat -rn;route flush;4;netstat -rn (ou netstat -nr) affiche la table de routage en présentant toutes les informations numériquement, sans requêtes DNS.
Dans quel cas le routage statique est-il une solution efficace ?;Sur un réseau local stable dont la topologie change peu;Sur la dorsale Internet;Sur les topologies complexes et changeantes;Quand aucun administrateur n'est disponible;2;Sur un réseau local stable, le routage statique est facile à gérer et fiable, mais il exige de connaître précisément la topologie et que celle-ci ne change pas souvent.
Que signale une redirection ICMP (ICMP redirect) ?;Une saturation du réseau;Une coupure de câble;Un conflit d'adresse IP;Que les tables de routage de l'expéditeur sont inexactes ou incomplètes;5;Quand un routeur transmet un paquet à une machine du même réseau que l'expéditeur, il en déduit que les tables de routage de l'expéditeur sont inexactes et le lui signale par un paquet Redirection ICMP.
Que découvre le protocole ARP ?;L'adresse matérielle associée à une adresse IP;Le serveur DHCP du réseau;La route par défaut;Le nom d'hôte d'une adresse IP;2;ARP découvre l'adresse matérielle (MAC) associée à une adresse IP particulière sur le réseau local, les résultats sont conservés dans le cache ARP.
Par quel message un client DHCP commence-t-il sa recherche de serveur ?;DHCPOFFER;DHCPDISCOVER;DHCPACK;DHCPREQUEST;3;Depuis l'état INIT, le client diffuse un DHCPDISCOVER, les serveurs répondent par DHCPOFFER, le client diffuse un DHCPREQUEST et le serveur confirme par DHCPACK.
Dans quel état une machine avec bail DHCP redémarre-t-elle ?;BOUND;INIT-REBOOT;INIT;SELECTING;3;Après un redémarrage, la machine démarre en état INIT-REBOOT et envoie un DHCPREQUEST reprenant l'adresse précédemment acquise, le serveur répond DHCPACK si elle est libre, DHCPNACK sinon.
Laquelle est une faiblesse reconnue du protocole DHCP ?;Le chiffrement obligatoire;L'absence d'authentification mutuelle client/serveur;La limitation à IPv6;L'impossibilité d'attribuer des adresses fixes;3;Parmi les faiblesses de DHCP figurent le déni de service possible, le single point of failure, l'absence d'authentification du client et du serveur, et l'inadéquation de l'adresse MAC comme identifiant.
Quel est le nom du démon serveur DHCP de l'ISC ?;dhclient;dhcpd;dhcrelay;dhcpagent;3;Le démon serveur de l'implémentation ISC est dhcpd, avec le fichier de configuration dhcpd.conf, l'agent de relais est le démon séparé dhcrelay.
Quand faut-il désactiver l'IP forwarding sur un système ?;Uniquement sur les routeurs;Jamais;Quand le système n'est pas censé fonctionner comme routeur;Toujours, sans exception;4;Un système avec IP forwarding actif peut agir comme routeur, sauf s'il doit vraiment l'être, il faut le désactiver car cela peut aider les paquets d'un intrus à échapper aux scanners et au filtrage.
Pourquoi le routage source est-il déconseillé ?;Il n'est pas normalisé;Il permet à un attaquant de faire croire qu'un paquet provient de votre réseau et de franchir le pare-feu;Il consomme trop de mémoire;Il ralentit le réseau;3;Le routage source contourne l'algorithme de routage normal, comme les paquets sont souvent filtrés selon leur origine, un attaquant peut router un paquet pour qu'il semble venir de votre réseau et passer le pare-feu.
Quel fichier configure un poste en client DNS ?;/etc/resolv.conf;/etc/hosts;/etc/nsswitch.conf;/etc/named.conf;2;Pour configurer un ordinateur en client DNS, il suffit de renseigner /etc/resolv.conf, qui liste les domaines de recherche et jusqu'à trois adresses de serveurs de noms.
Combien d'entrées nameserver /etc/resolv.conf accepte-t-il au maximum ?;Deux;Trois;Cinq;Une;3;On peut avoir jusqu'à trois entrées nameserver dans /etc/resolv.conf, les serveurs sont contactés dans l'ordre et il est recommandé d'en avoir plus d'un.
Où HP-UX stocke-t-il tous ses paramètres de configuration réseau ?;Dans /etc/rc.config.d/netconf;Dans /etc/sysconfig/network;Dans l'ODM;Dans /etc/network/interfaces;2;Sous HP-UX, tous les paramètres de configuration réseau sont définis dans /etc/rc.config.d/netconf, lu dans l'environnement au démarrage, AIX, lui, utilise l'ODM.
Sous quelle forme AIX stocke-t-il les informations de configuration réseau ?;Dans /proc;Dans l'Object Data Manager (ODM), sous forme attribut/valeur;Dans des scripts shell;Dans le registre;3;Plutôt que des fichiers texte ou des scripts, AIX stocke la configuration réseau dans l'ODM (Object Data Manager) sous la forme de données attribut/valeur, manipulées avec chdev, lsattr, no, mktcpip.
Pourquoi le DNS a-t-il remplacé les fichiers hosts ?;Parce qu'il devenait impossible de maintenir à jour les fichiers /etc/hosts;Parce que les fichiers hosts n'étaient pas hiérarchisés;Parce que TCP/IP l'imposait;Parce que les fichiers hosts étaient trop volumineux;2;Avec la croissance des réseaux, il est devenu impossible de maintenir à jour les fichiers /etc/hosts, la solution a été un annuaire réparti et hiérarchisé où chacun gère sa propre entrée, le DNS.
Quelle est une particularité de la base de données DNS ?;Elle est centralisée sur un seul serveur;Elle est en accès consultation uniquement, sans requête de modification;Elle n'est pas hiérarchisée;Elle change très fréquemment;3;La base DNS est répartie, petite, à faible fréquence de changements, hiérarchisée et en accès consultation uniquement (pas de requête de modification).
Que contient le premier point de l'adresse e-mail du responsable dans un champ SOA ?;Le numéro de série;Le TTL de la zone;Il est interprété comme un arobase;Un séparateur de sous-domaine;4;Dans le champ SOA, le premier point de l'adresse e-mail du responsable est considéré comme un arobase : hostmaster.toto.lan correspond à hostmaster@toto.lan.
À quoi sert un enregistrement MX dans une zone DNS ?;À définir le TTL;À associer un nom à une adresse IPv4;À déléguer la zone;À indiquer le serveur de messagerie du domaine avec une priorité;5;Le champ MX indique que les adresses de la forme utilisateur@domaine sont gérées par un serveur de mail donné, la valeur numérique est la priorité, la plus petite étant prioritaire.
Quels ports le protocole FTP utilise-t-il ?;21 pour les commandes et 20 pour les données;80 et 443;Uniquement le port 21;20 pour les commandes et 21 pour les données;2;/etc/services assigne ftp 21/tcp pour l'envoi des commandes et ftp-data 20/tcp pour la connexion de données, fermée dès la fin du transfert.
Quel fichier contient les utilisateurs non autorisés à utiliser FTP ?;/etc/passwd;/etc/ftpusers;/etc/ftpd.conf;/etc/shells;3;/etc/ftpusers contient les noms des utilisateurs non autorisés à utiliser FTP (root doit y figurer), /etc/shells liste au contraire les shells des utilisateurs autorisés.
Quand se situe la fin du temps Unix ?;Le 31 décembre 1999;Le 19 janvier 2038 à 4h14m07s GMT;Le 1er janvier 1970;Le 1er janvier 2100;3;Pour Unix le temps commence le 1er janvier 1970 et se termine le mardi 19 janvier 2038 à 4h14m07s GMT, soit 2147483647 secondes (0x7fffffff).
Quel agent de messagerie détermine le meilleur moyen d'acheminer un courrier selon sa destination ?;Le MUA;Le MDA;Le MTA;Le POP;4;Le MTA (Mail Transfer Agent), comparé à un centre de tri postal, détermine sur réception d'un courrier le meilleur moyen de l'acheminer (quel protocole) et le passe à ce moyen, ex. Sendmail, Postfix.
Quelle est la différence de principe entre POP et IMAP ?;POP transfère les messages vers le poste client, IMAP les conserve sur le serveur;IMAP ne fonctionne pas pour les nomades;POP stocke les messages sur le serveur, IMAP les transfère;Les deux suppriment les messages du serveur;2;Un client POP transfère les messages vers le poste (perte si panne du client), tandis qu'un serveur IMAP conserve les messages et ne les transfère jamais, ce qui convient aux utilisateurs nomades mais exige une gestion stricte de l'espace disque.
Quel démon Linux gère traditionnellement le NAT et le filtrage de paquets ?;dhcpd;NetworkManager;iptables;ethtool;4;Sous Linux, iptables applique à la fois le NAT (en réalité du PAT, multiplexant les connexions sur une adresse via les ports) et le filtrage des paquets, il faut activer ip_forward et charger les modules adéquats.
Quel est le principal danger du protocole Telnet ?;Il ne fonctionne qu'en local;Il sature le réseau;Il ne demande jamais de login;Les mots de passe circulent en clair sur le réseau;5;Par telnet il y a toujours demande d'un login et d'un mot de passe, mais ces mots de passe circulent en clair, il faut éviter les connexions root distantes et préférer SSH.
Dans quel fichier le service telnet doit-il être activé ?;/etc/services;/etc/hosts.equiv;inetd.conf;/etc/fstab;4;Une connexion via telnet nécessite que le service telnet soit activé au niveau de inetd.conf.
Avec rlogin, quand aucun mot de passe n'est-il demandé ?;Si la machine d'origine est dans /etc/hosts.equiv avec la même identité au départ et à l'arrivée;Toujours;Jamais;Uniquement pour root;2;Avec rlogin, pas de demande de mot de passe si la machine d'origine figure dans /etc/hosts.equiv et que l'identité est la même au départ et à l'arrivée (cela ne s'applique pas à root), ou si l'identité et la machine sont dans le .rhosts de l'utilisateur d'arrivée.
En quels deux volets NFS se décompose-t-il ?;Local et distant;Exportation côté serveur et montage côté client;Chiffrement et compression;Lecture et écriture;3;NFS comprend un aspect serveur, l'exportation (offrir un espace disque), et un aspect client, le montage (accéder à cet espace), via le démon nfs, /etc/fstab, /etc/exports, mount et umount.
Comment les périphériques sont-ils représentés sous Unix ?;Par des entrées de registre;Par des variables d'environnement;Par des processus;Par des fichiers spéciaux, interfaces vers le pilote du noyau;5;Sous Unix tout est fichier : les périphériques sont des fichiers spéciaux (type bloc ou type caractère) qui servent d'interface au pilote réel intégré au noyau.
Comment se font les entrées-sorties en mode bloc ?;Bloc par bloc, via des zones de tampon avec assemblage préalable des données;Caractère par caractère, sans tampon;Uniquement en lecture;Par le réseau;2;Le mode bloc transfère les données bloc par bloc (4 ko ou 8 ko) en utilisant des tampons avec assemblage préalable, contrairement au mode caractère qui transfère directement à chaque appel système.
Qu'identifie le numéro majeur d'un fichier de périphérique ?;Le pilote et donc le contrôleur de périphérique;L'utilisateur propriétaire;La partition du disque;La taille du fichier;2;Le numéro majeur identifie le pilote et par conséquent le contrôleur de périphérique, le numéro mineur identifie le périphérique ou une de ses particularités (partition, numéro de carte).
Que devient ce qui est écrit dans /dev/null ?;C'est envoyé à l'imprimante;C'est copié dans /tmp;C'est stocké en mémoire;Cela disparaît;5;/dev/null est le trou noir : tout ce qui y est écrit disparaît, on l'utilise par redirection pour se débarrasser d'un affichage indésirable.
Que produit /dev/zero ?;Des messages système;Des caractères de code ASCII 0;Des nombres aléatoires;Rien du tout;3;/dev/zero est un générateur de caractères de code ASCII 0, /dev/null est le trou noir et /dev/tty le device virtuel du terminal.
Quel nom porte le premier disque SCSI sous Linux ?;sda;sr0;fd0;hda;2;Le disque SCSI ayant l'identificateur SCSI le plus bas est sda, puis sdb, sdc, hda désigne un disque IDE et sr0 un cédérom SCSI.
À quoi correspond ttyS0 sous Linux ?;Le port série 0 (COM1 sous DOS);La console;Le premier disque;Le premier terminal virtuel;2;ttyS0 est le port série 0, correspondant à COM1 sous DOS, ttyS1 correspond à COM2.
Quel mécanisme de description des terminaux est généralement le plus utilisé ?;termcap;terminfo;La variable PATH;/etc/inittab;3;Les deux mécanismes coexistent (le fichier texte termcap dans /etc et la hiérarchie compilée terminfo sous /usr/lib), mais terminfo est généralement le plus utilisé.
Comment positionne-t-on le type de terminal sous Unix ?;Via la variable d'environnement TERM;Avec la commande chsh;Dans /etc/passwd;Avec la commande stty uniquement;2;Le positionnement du type de terminal se fait par la variable TERM (ex. TERM=vt100, export TERM), le terminal devant être présent dans terminfo.
Quel outil possède sa propre définition des terminaux, indépendante de terminfo ?;cat;more;vi;emacs;5;L'éditeur vi utilise les définitions termcap/terminfo, tandis qu'emacs possède sa propre définition des terminaux indépendamment de la librairie terminfo.
Quel système d'impression est aujourd'hui le plus utilisé sous Linux ?;CUPS (cupsd);LPRng;Le système lp de System V;Le système Berkeley (lpd);2;Trois systèmes coexistent : Berkeley (démon lpd), LPRng (Berkeley amélioré) et CUPS (démon cupsd), ce dernier étant actuellement le plus usité.
À quoi servent les filtres d'impression comme APS Filter ou Magic Filter ?;À chiffrer les documents;À transformer le PostScript en un langage compréhensible par l'imprimante;À trier les demandes par priorité;À compresser les files d'attente;3;Beaucoup d'imprimantes bon marché ayant abandonné le PostScript pour leur propre langage, les filtres transforment le PostScript en un langage compréhensible par l'imprimante.
Que signifie l'acronyme SPOOL ?;Simple Print Output Or Log;System Printer Object Oriented Language;Simultaneous Peripheral Operation On-Line;Sequential Peripheral Output List;4;SPOOL signifie Simultaneous Peripheral Operation On-Line, le système lp repose sur cette technique de spoulage (file d'attente).
Quel est le rôle du démon lpsched ?;Il exporte les systèmes de fichiers;Il compile les définitions de terminaux;Il gère les connexions telnet;Il achemine les demandes vers les imprimantes selon FIFO ou des priorités et évite le mélange des listages;5;lpsched est l'ordonnanceur d'imprimantes : il achemine les demandes vers les imprimantes physiques (FIFO ou priorités), évite l'intercalage de pages de demandes différentes, gère l'état des imprimantes et enregistre l'activité de LP.
Que contrôlent les termes activation et désactivation dans le système lp ?;Le flux des demandes vers les répertoires des demandes;Le montage des files d'attente;Le flux des demandes vers les imprimantes;L'ouverture des sessions utilisateur;4;Activation et désactivation contrôlent le flux des demandes vers les imprimantes, tandis qu'acceptation et rejet contrôlent le flux vers les répertoires des demandes (files d'attente).
Quelle commande permet de rerouter une demande d'une imprimante bloquée vers une autre ?;reject;lpmove;cancel;lpsched;3;lpmove reroute une demande d'impression d'une imprimante bloquée vers une autre, cancel élimine les données superflues du système de spoulage.
Qu'est-ce qu'une classe d'imprimantes ?;Un groupe d'imprimantes sur lequel les requêtes sont envoyées indifféremment;Une imprimante isolée;Un type de filtre;Une file d'attente prioritaire;2;Une classe est une file d'attente associée à un groupe d'imprimantes : les requêtes sont envoyées indifféremment sur n'importe laquelle des imprimantes du groupe.
Quel est l'ordre de priorité pour spécifier une destination d'impression ?;Destination par défaut, puis -d, puis LPDEST;Option -d, puis variable LPDEST, puis destination par défaut;Uniquement l'option -d;Variable LPDEST, puis option -d, puis défaut;3;La destination se spécifie, par ordre de priorité décroissante : avec l'option -d, puis avec la variable d'environnement LPDEST, puis à défaut la destination par défaut.
Avec quelles commandes l'administrateur ouvre ou ferme l'accès à une file d'impression ?;lpmove et cancel;mount et umount;accept et reject;activate et deactivate;4;L'administrateur agit sur le robinet contrôlant l'accès à la file avec les commandes accept et reject, la mémorisation d'une demande n'est autorisée que si ce robinet est ouvert.
Comment afficher l'arborescence des processus avec ps sous Linux ?;ps axf;ps -l;ps -e;ps -u;2;Sous Linux, les options ps axf (ou -axf) affichent les processus sous forme d'arbre, un peu comme pstree.
Quel est l'inconvénient fondamental de la commande ps ?;Elle ne fonctionne qu'en root;Elle ne montre pas les daemons;Elle ne donne que la liste des processus à un instant t;Elle est spécifique à Linux;4;ps ne donne que la photographie des processus à un instant t, certains peuvent disparaître entre la collecte et l'affichage, la commande top améliore ce point.
Que renvoie la commande sar -q ?;L'utilisation de la mémoire et du swap;La liste des signaux;Le nombre de processus en attente;Le pourcentage d'utilisation des CPU;4;sar -u donne le pourcentage d'utilisation des CPU (option par défaut), sar -q le nombre de processus en attente, sar -r l'utilisation de la mémoire centrale et du swap.
Que fait kill -9 sur un processus ?;Il change sa priorité;Il provoque sa destruction brutale;Il le met en pause;Il force la relecture de sa configuration;4;kill -9 envoie le signal SIGKILL et provoque la destruction brutale du processus, à utiliser en connaissance de cause, alors que kill -1 (SIGHUP) force la relecture de la configuration.
Quelle commande liste les signaux du système ?;kill -s;kill -a;kill -l;kill -9;4;kill -l affiche la liste des signaux du système, la commande kill permettant d'envoyer n'importe quel signal à un processus du même propriétaire.
Avec quelle touche htop permet-il de tuer un processus ?;F5;F6;F9;F3;4;Sous htop, F9 tue un processus (en choisissant le signal), F7 et F8 changent la priorité, F6 trie, F5 affiche l'arbre, F3 recherche.
Que permet la commande at ?;Changer la priorité d'un processus;Planifier des commandes à intervalles réguliers;Lancer un processus de façon différée à une date donnée;Lister les processus actifs;4;at lance un processus de façon différée (at parametre_temporel commande, Ctrl-D pour sortir), at -l liste les travaux en attente, contrairement à crontab qui planifie des tâches répétitives.
Quel est le troisième champ d'une ligne de crontab ?;Le jour du mois;L'heure;Le jour de la semaine;La minute;2;Les six champs de crontab sont : minute (0-59), heure (0-23), jour du mois (1-31), mois (1-12), jour de la semaine (0-6), puis la commande.
Que fait l'expression > /dev/null 2>&1 en fin de ligne de crontab ?;Elle envoie un courrier à l'administrateur;Elle route toute la sortie (standard et erreur) vers /dev/null en l'ignorant;Elle crée un fichier de log daté;Elle relance la tâche en cas d'échec;3;Ajoutée en fin de ligne, > /dev/null 2>&1 route la sortie standard et la sortie d'erreur vers /dev/null, ce qui les ignore efficacement et évite les messages à chaque exécution.
Quelle option de tar compresse l'archive avec gzip ?;z;t;c;x;2;tar czf crée une archive compressée gzip, c crée, x extrait, t liste la table de contenu, v est le mode verbeux et f désigne le fichier.
Pourquoi tar est-il mal adapté à la sauvegarde de /dev ?;Il ne gère pas les liens symboliques;Il ne sait pas sauvegarder correctement les numéros majeur et mineur des fichiers spéciaux;Il est trop lent;Il compresse toujours;3;tar ne sauvegarde pas convenablement les numéros majeur et mineur des fichiers de /dev, on préfère recréer les devices avec /dev/MAKEDEV, et par défaut il gère mal les fichiers à trous.
Quel avantage tar a-t-il sur dump ?;Il sauvegarde les fichiers spéciaux à l'identique;Il consulte la structure interne du filesystem;Il permet de sauvegarder une partie seulement d'une partition, voire des fichiers sans rapport;Il gère les niveaux incrémentaux natifs;4;Contrairement à dump, tar permet de sauvegarder une partie seulement d'une partition, et même des fichiers ou répertoires sans aucun rapport entre eux.
Comment cpio reçoit-il la liste des fichiers à sauvegarder ?;Par la variable CPIO_LIST;Dans un fichier de configuration;Sur son entrée standard, souvent via find;En argument de la ligne de commande;4;Une méthode courante est de tuber la sortie de find vers cpio : find /home/ | cpio -o > archive.cpio, cpio utilisant stdin, stdout et stderr.
Quelle commande manipule physiquement une bande magnétique (avancer, rembobiner) ?;tar;mt;dd;cpio;3;mt n'est pas une commande de sauvegarde mais permet de manipuler les bandes : avancer, reculer, rembobiner, écrire des marques de fin de fichier (mt -f /dev/rmt/0 pour le statut).
Que fait l'option --delete-after de rsync ?;Elle ignore les erreurs d'entrée-sortie;Elle efface la destination avant de commencer;Elle supprime les fichiers source après transfert;Elle supprime en fin de transfert les fichiers de la destination absents de la source;5;--delete-after (comme --del) supprime, à la fin du transfert, les fichiers présents dans le dossier de destination mais absents du dossier source, réalisant un vrai miroir.
Par quelle commande iproute2 remplace-t-il netstat ?;ip addr;ip route;ss;ip neigh;4;Avec iproute2, ifconfig devient ip addr, arp devient ip neigh, route devient ip route et netstat devient ss (socket statistics).
Que permet la commande arp -a ?;Envoyer une requête ICMP;Configurer une adresse IP;Vider la table de routage;Afficher les correspondances entre adresses MAC et adresses IP de la table ARP;5;arp -a affiche la liste dynamique des liens entre adresses MAC et adresses IP stockés dans la table ARP, l'équivalent iproute2 étant ip neigh.
Sur quel protocole s'appuie la commande ping ?;TCP;ICMP;ARP;UDP;3;ping envoie une requête ICMP echo-request et attend une réponse ICMP echo-reply, son inconvénient étant qu'ICMP peut être bloqué par les pare-feux.
Que signifie mdev dans les statistiques finales de ping ?;Le nombre de paquets perdus;L'écart type (maximum deviation) des temps d'aller-retour;Le TTL moyen;La durée totale;3;La dernière ligne de ping donne le temps minimum, la moyenne, le maximum et mdev, c'est-à-dire l'écart type (maximum deviation), calculé pour chaque série de ping.
À quoi sert l'option -c de la commande ping ?;À forcer IPv6;À définir l'intervalle entre les pings;À fixer le nombre de requêtes envoyées;À définir la taille du paquet;4;ping -c 3 envoie 3 echo-requests, -i définit l'intervalle en secondes (défaut 1 s) et -s la taille du paquet.
Comment traceroute découvre-t-il les routeurs intermédiaires ?;En incrémentant le champ TTL à partir de 1, chaque routeur renvoyant un message ttl exceeded à 0;En interrogeant le DNS;En lisant la table de routage locale;En envoyant des requêtes ARP;2;traceroute émet des paquets avec un TTL croissant depuis 1, chaque routeur décrémente le TTL et émet un message d'erreur ttl exceeded lorsqu'il atteint 0, révélant l'interface traversée et le délai.
Pourquoi utiliser tcptraceroute plutôt que traceroute ?;Il est plus rapide;Les pare-feux bloquent souvent traceroute via ICMP ou UDP mais autorisent les paquets TCP;Il fonctionne sans réseau;Il ne nécessite pas de privilèges;3;tcptraceroute envoie des paquets TCP SYN (par défaut vers le port 80) au lieu de UDP ou ICMP ECHO, ce qui lui permet de contourner les filtres des pare-feux les plus courants.
Que signifie le message d'erreur ICMP !H dans traceroute ?;Réseau inaccessible;Communication administrativement interdite;Hôte inaccessible, le routeur n'a pas de route pour la destination;Fragmentation nécessaire;4;!H signifie host unreachable (le routeur n'a pas de route pour la destination), !N réseau inaccessible, !X communication administrativement interdite, !F fragmentation nécessaire.
Que fait la commande netstat -ntlp ?;Elle vide la table ARP;Elle liste les processus utilisateur;Elle affiche les connexions serveurs TCP avec le PID et le nom du programme associé à chaque port;Elle capture le trafic réseau;4;netstat -ntlp affiche les listeners TCP (t), sans résolution DNS (n), avec le PID et le nom du programme (p), en s'appuyant sur /etc/services pour nommer les ports.
Quelle commande iproute2 fournit les statistiques de sockets ?;ss;sockstat;ip stat;netstat2;2;Avec iproute2 est apparue la commande ss (socket statistics), qui affiche par défaut les connexions tcp, udp et unix comme netstat, avec les options t, u, x, -a, -n, -l, -p.
Pourquoi tcpdump doit-il être lancé en root ?;Parce qu'il modifie la table de routage;Parce qu'il utilise le port 80;Pour écrire dans /var/log;Parce qu'il passe l'interface en mode promiscuous, où elle accepte tous les paquets;5;tcpdump se lance en root car il met l'interface réseau en mode promiscuous : elle accepte alors tous les paquets IP, même ceux qui ne lui sont pas destinés, ce qui exige des privilèges.
Quel était l'ancien nom de Wireshark ?;Etherpeek;Sniffer Pro;Network Monitor;Ethereal;5;Wireshark est aussi connu sous son ancien nom Ethereal, le projet remontant à 1998, il relit d'ailleurs les captures de tcpdump, Microsoft Network Monitor et Sniffer Pro.
Quelle est la différence entre filtre de capture et filtre d'affichage sous Wireshark ?;Les deux se définissent après la capture;Le filtre de capture limite les données enregistrées, le filtre d'affichage recherche dans les données déjà capturées;Le filtre d'affichage se définit au démarrage de la capture;Le filtre de capture est plus puissant que le filtre d'affichage;3;Le filtre de capture, défini au démarrage, limite la taille du journal, tandis que le filtre d'affichage, modifiable en cours, sert à rechercher précisément dans les données capturées et est plus puissant mais plus complexe.
Que fait l'option -w de tshark ?;Elle limite la durée de capture;Elle spécifie l'interface d'écoute;Elle applique un filtre d'affichage;Elle spécifie le fichier où sauvegarder le trafic capturé;5;Dans tshark, -f est le filtre de capture, -i l'interface d'écoute, -w le fichier de sortie et -R le filtre d'affichage.
Quelle commande permet de regrouper deux fichiers de capture en un seul ?;tshark -z;capinfos;mergecap;editcap;4;mergecap regroupe plusieurs fichiers de capture (mergecap -v dump1 dump2 -w dump), tandis qu'editcap sert à diviser un fichier ou à en retirer des paquets.
Que compte la commande wc par défaut, et que fait l'option -l ?;Elle compte les caractères, -l compte les lignes;Elle compte les mots, -l compte les lignes;Elle compte les fichiers, -l les liens;Elle compte les lignes, -l compte les mots;3;wc (word count) compte les mots par défaut, l'option -l comptant les lignes, ce qui permet par exemple de vérifier que head affiche 10 lignes par défaut.
Que permet l'option -r de la commande grep ?;De chercher récursivement dans une arborescence;D'utiliser des expressions régulières;De remplacer du texte;D'afficher les numéros de ligne;2;grep -r effectue une recherche récursive dans une arborescence de répertoires, grep acceptant par ailleurs les expressions régulières et pas seulement de simples métacaractères.
Par quel service Windows Server l'accès à distance est-il fourni ?;Le service Terminal Server;Le service Réseau et accès distant;Le service DFS;Le service Serveur;3;L'accès à distance est disponible par le service Réseau et accès distant, qui permet aux clients distants d'accéder aux serveurs et ressources comme s'ils étaient sur le réseau local.
Quels sont les deux types d'accès à distance sous Windows ?;RPC et SMB;Push et pull;LDAP et Kerberos;Dial-up et VPN;5;Windows fournit deux types d'accès à distance : le Dial-up (via téléphone ou télécommunications) et le VPN (connexion virtuelle point à point via un réseau IP).
Sur quel port le protocole SSTP fonctionne-t-il ?;443;1723;389;80;2;SSTP encapsule les données PPP sur le canal SSL de HTTPS et fonctionne sur le port 443, ce qui lui permet de traverser la plupart des pare-feux qui bloquent PPTP ou L2TP/IPSec.
Quelle est la nature d'Active Directory ?;Un protocole de tunnel VPN;Un système de fichiers distribué;Un pare-feu applicatif;Un service d'annuaire léger de type LDAP;5;Active Directory est la mise en œuvre sous Windows de services légers d'annuaire de type LDAP, avec une base de données d'objets définis par un schéma et organisés hiérarchiquement.
Quel moteur de stockage la base de données Active Directory utilise-t-elle ?;NTFS;SQL Server;ESE, aussi appelé JET Blue;Le registre;4;Le magasin Active Directory (fichier Ntds.dit) est basé sur le moteur de stockage extensible ESE, également connu sous le nom de JET Blue, utilisé aussi par Exchange Server 2007.
Dans quel processus s'exécute le service d'annuaire Active Directory ?;services.exe;winlogon;svchost;LSASS (sous-système de sécurité local);5;Le service d'annuaire Active Directory s'exécute dans le processus LSASS du sous-système de sécurité et gère la base Ntds.dit avec des mises à jour basées sur les transactions.
Combien d'ordinateurs un cluster de répartition de charge réseau (NLB) peut-il contenir au maximum ?;8;16;32;64;3;La répartition de charge réseau, basée sur le filtrage NDIS, permet de créer un cluster contenant jusqu'à 32 ordinateurs appelés hôtes du cluster.
Comment une demande cliente est-elle traitée dans un cluster NLB ?;Elle est dupliquée sur chaque hôte;Elle est routée vers l'hôte le moins chargé par un répartiteur central;Elle arrive à tous les hôtes mais un seul y répond;Elle est traitée par tous les hôtes simultanément;4;Dans un cluster NLB, la demande cliente arrive à tous les ordinateurs de la grappe, mais un seul hôte de cluster répond à la demande, chaque demande étant gérée par un et un seul hôte.
Quel type d'application est le mieux adapté à la répartition de charge réseau ?;Un serveur de fichiers en écriture intensive;Un serveur web servant du contenu statique;Un contrôleur de domaine;Une base de données transactionnelle;3;Les applications idéalement adaptées au NLB incluent un serveur web de contenu statique, Windows Media et Terminal Server, car le NLB ne distribue pas automatiquement l'état partagé.
Que doit être la racine d'un espace de noms DFS ?;Un partage de fichiers défini sur un serveur Windows;N'importe quel dossier local;Un volume FAT32;Une clé de registre;2;La racine d'un espace de noms DFS doit être un partage de fichiers défini sur un serveur Windows, DFS relie ensuite les machines aux partages via cet espace de noms unique.
Quel est l'objectif principal de la réplication DFS (DFSR) ?;Répliquer le contenu d'un partage DFS et le dossier SYSVOL des contrôleurs de domaine;Équilibrer la charge des serveurs web;Chiffrer les partages de fichiers;Sauvegarder Active Directory;2;DFSR a pour but de répliquer le contenu d'un partage DFS ainsi que le dossier SYSVOL (scripts de connexion et fichiers de stratégie de groupe), en réplication multi-maître distribuée.
Pourquoi DFSR n'accepte-t-il que les volumes NTFS ?;Parce qu'il s'appuie sur le journal NTFS pour détecter les modifications de fichiers;Parce que le registre l'impose;Parce que NTFS chiffre les données;Parce que FAT32 est trop lent;2;Seuls les répertoires sur volumes NTFS peuvent être répliqués car DFSR s'appuie sur le journal NTFS pour détecter les modifications dans les jeux de réplicats.
Que réplique DFSR pour réduire la bande passante ?;Seulement les différences entre les serveurs, via la compression différentielle à distance (RDC);Rien, il copie tout intégralement;Les métadonnées uniquement;Le fichier entier à chaque modification;2;DFSR utilise la compression différentielle à distance (RDC) : seules les différences entre les deux serveurs sont répliquées, ce qui réduit la bande passante consommée.
En quoi Windows PowerShell se distingue-t-il des interpréteurs de commandes classiques ?;Il ne comprend aucune applet;Il remplace Active Directory;Il accepte et retourne des objets .NET au lieu de simple texte;Il ne fonctionne qu'en mode graphique;4;Contrairement aux interpréteurs classiques qui ne manient que du texte, Windows PowerShell accepte et retourne des objets .NET, ce qui apporte de nouveaux outils pour la gestion du système.
Que fait la commande IPCONFIG sans paramètre ?;Elle teste la connectivité vers une cible;Elle affiche les adresses IPv4 et IPv6, le masque de sous-réseau et la passerelle par défaut de toutes les cartes;Elle affiche la table de routage complète;Elle libère l'adresse DHCP;3;Sans paramètre, ipconfig affiche les adresses IPv4 et IPv6, le masque de sous-réseau et la passerelle par défaut pour toutes les cartes, IPCONFIG /all donne le détail.
Que signifie l'acronyme PING ?;Ping Is Not Grep;Packet Internet Network Gateway;Protocol for Internet Node Gateway;Packet INternet Groper;5;PING est l'acronyme de Packet INternet Groper : la commande envoie une requête ICMP echo vers une machine et renvoie le temps de réponse et l'état de la connexion.
Avec quelle valeur de TTL TRACERT envoie-t-il sa première requête ?;30;0;1;255;4;TRACERT envoie la première requête ICMP écho avec un TTL de 1, si bien que le premier routeur répond par une erreur durée de vie dépassée lors du transit, puis le TTL est incrémenté à 2, 3, etc.
Combien de fois TRACERT répète-t-il chaque requête ?;Trois fois;Deux fois;Cinq fois;Une fois;2;Chaque requête de TRACERT est répétée trois fois, et le résultat présente une liste de noms et d'adresses IP de routeurs.
Quel avantage PATHPING a-t-il sur TRACERT ?;Il chiffre les requêtes;Il affiche les résultats immédiatement au lieu d'attendre la réponse du dernier hôte;Il teste aussi les ports TCP;Il ne nécessite pas ICMP;3;PATHPING envoie des requêtes ICMP à TTL croissant comme TRACERT, mais affiche les résultats immédiatement, puis attend la réponse du dernier hôte pour calculer les statistiques.
Pendant combien de temps une résolution de nom NetBIOS est-elle mise en cache par défaut ?;600 secondes;120 secondes;60 secondes;3600 secondes;2;Lorsqu'un client Windows TCP/IP résout un nom NetBIOS, il met le résultat en cache pendant 600 secondes par défaut, NBTSTAT permet de visualiser et manipuler ce cache.
Quel utilitaire effectue une série de tests complets sur presque toutes les fonctions réseau ?;PATHPING;NBTSTAT;NETDIAG;IPCONFIG;4;NETDIAG effectue une série de tests complets (navigateur, DNS, Kerberos, LDAP, Route, WAN, WINS, Winsock...) pour identifier et isoler les problèmes réseau complexes.
Quel atout Netsh offre-t-il par rapport à un composant logiciel enfichable MMC ?;La création d'utilisateurs Active Directory;La sauvegarde automatique du registre;L'administration de réseaux purement IPv6, avec ponts ou RPC;Une interface graphique plus riche;4;Netsh offre souvent les mêmes fonctions que la MMC mais permet en plus l'administration de réseaux purement IPv6, avec ponts ou utilisant RPC, et s'exécute dans des scripts et fichiers batch.
Pourquoi la résolution NetBIOS par diffusion est-elle limitée aux petits réseaux ?;Parce qu'elle nécessite le fichier LMHOSTS;Parce que les diffusions NetBIOS ne passent pas les routeurs;Parce qu'elle exige un serveur central;Parce qu'elle est trop lente en IPv6;3;Les diffusions NetBIOS ne franchissent pas les routeurs : un domaine de diffusion est limité au segment de réseau où les ordinateurs dialoguent sans routeur, d'où l'emploi de la diffusion sur les petits réseaux non routés.
Comment s'écrivent les paramètres dans le fichier LMHOSTS ?;Entre guillemets;En majuscules, précédés de #;En minuscules, sans préfixe;Séparés par des virgules;3;Les paramètres du fichier LMHOSTS (comme PRE ou DOM) doivent être écrits en majuscules et précédés de #, ce symbole servant aussi de marqueur de commentaire.
Jusqu'à quand le service WINS est-il resté nécessaire ?;Jusqu'à Windows Server 2008;Il l'est toujours;Jusqu'à Windows NT 4;Jusqu'à Windows 2000, le DNS dynamique offrant ensuite le même service;5;WINS, ancêtre d'Active Directory et du DNS, a été utilisé jusqu'à l'arrivée de Windows 2000, depuis, le DNS dynamique offre le même service et WINS n'est plus utile (mais reste implémenté pour les postes 95/98).
Quelle est la durée de validité par défaut d'une inscription de nom WINS ?;Six jours;Une heure;Trente jours;Une journée;2;Par défaut, une inscription de nom dans la base WINS est valable six jours, avec une requête de renouvellement soumise par le client à mi-parcours de l'intervalle.
Quels sont les deux modes de réplication entre serveurs WINS ?;Primaire et secondaire;Maître et esclave;Émission (push) et collecte (pull);Actif et passif;4;WINS emploie deux modes de réplication : l'émission, où le serveur envoie ses mises à jour à son partenaire, et la collecte, où les partenaires viennent chercher les mises à jour à intervalles réguliers.
Dans quel ordre Windows résout-il les noms depuis Windows 2000 ?;LMHOSTS d'abord, puis WINS;WINS uniquement;NetBIOS d'abord, puis DNS;DNS d'abord, puis NetBIOS si le DNS échoue;5;Sous Windows, depuis Windows 2000, les noms sont enregistrés et résolus en priorité par le DNS, puis par NetBIOS si la résolution DNS échoue, LLMNR étant un mécanisme secondaire de secours.
De quel protocole DHCP est-il dérivé ?;ARP;RARP;BOOTP;ICMP;4;DHCP est dérivé du protocole Internet standard BOOTP (RFC 951 et 1084), qui permettait l'attribution dynamique d'adresses IP et le démarrage à distance des stations sans disque.
Quelle est la première étape de l'obtention d'un bail en DHCPv4 ?;La découverte DHCP par diffusion;La requête DHCP;L'accusé de réception DHCP;L'offre DHCP;2;En DHCPv4, le client demande d'abord une adresse par diffusion (découverte DHCP), puis reçoit une offre, envoie une requête et reçoit un accusé de réception, tous les messages passant par UDP.
Quand un client DHCP demande-t-il le renouvellement de son bail ?;Toutes les cinq minutes;À chaque redémarrage;À l'expiration complète du bail;À la moitié de la durée du bail;5;À la moitié de la durée de son bail, le client DHCP fait une demande de renouvellement et le serveur lui accorde une prolongation.
Que doit obligatoirement posséder un serveur DHCP ?;Deux cartes réseau;Un contrôleur de domaine local;Une adresse IP fixe;Une connexion Internet;4;Le serveur DHCP possède la base de données des attributions et doit obligatoirement posséder une adresse IP fixe.
À quoi sert un agent de relais DHCP/BOOTP ?;À chiffrer les baux;À diriger les diffusions DHCP d'un segment vers des serveurs DHCP désignés;À attribuer des adresses multicast;À autoriser les serveurs DHCP dans Active Directory;3;Les routeurs ne transférant pas les diffusions, l'agent de relais écoute les diffusions DHCP/BOOTP et les dirige vers un ou plusieurs serveurs DHCP désignés, évitant un serveur par segment.
Qu'est-ce qu'une étendue DHCP ?;Une option de configuration TCP/IP;Une adresse réservée par MAC;La durée d'un bail;Un groupement administratif de plages consécutives d'adresses IP pour un sous-réseau physique;5;Une étendue DHCP est un groupement administratif qui identifie les plages consécutives d'adresses IP possibles pour tous les clients DHCP d'un sous-réseau physique, et doit être définie avant utilisation.
Que garantit une plage d'exclusion dans une étendue DHCP ?;Qu'aucune des adresses qu'elle contient ne sera proposée aux clients;Que ces adresses ont un bail illimité;Qu'elles sont réservées au multicast;Qu'elles sont inscrites dans le DNS;2;Une plage d'exclusion est une séquence d'adresses d'une étendue devant être exclue de l'offre DHCP : aucune de ces adresses ne sera proposée aux clients.
Sur quoi s'appuie une réservation DHCP pour fixer une adresse ?;Le numéro de série;Le nom d'hôte;L'adresse MAC de la carte réseau du périphérique;L'adresse IP précédente;4;Les réservations attribuent une adresse avec bail illimité et s'appuient sur l'adresse MAC de la carte réseau du périphérique pour garantir qu'il utilisera toujours la même adresse IP.
Quelle option DHCP le serveur Windows utilise-t-il pour connaître le nom complet du client ?;L'option 6 (serveurs DNS);L'option 3 (routeur);L'option 81 (Client FQDN);L'option 51 (durée de bail);4;La configuration du serveur DHCP en tant que proxy DNS s'appuie sur l'option n°81 « Client FQDN », par laquelle le client informe le serveur DHCP de son nom complet, exploité pour envoyer un message UPDATE au DNS.
Quel enregistrement le serveur DHCP Windows met-il à jour par défaut dans le DNS ?;L'enregistrement A;L'enregistrement PTR;L'enregistrement MX;L'enregistrement SRV;3;Par défaut, le client DHCP propose de mettre à jour l'enregistrement A, tandis que le serveur DHCP met à jour l'enregistrement PTR (recherche inversée).
Que fait le serveur DHCP Windows des enregistrements DNS quand un bail expire ?;Il les supprime pour garder un DNS propre;Il les conserve indéfiniment;Il les convertit en enregistrements statiques;Il les transfère au serveur secondaire;2;Le serveur DHCP supprime les enregistrements qu'il a réalisés pour un client si le bail expire, option activée par défaut pour garder un DNS propre et à jour.
À quoi servent les classes utilisateur DHCP ?;À chiffrer les échanges DHCP;À autoriser le serveur dans Active Directory;À gérer les adresses multicast;À attribuer des options différentes selon le type de client (bureau, portable...);5;Les classes utilisateur permettent à chaque client de spécifier son type, et à l'administrateur de configurer le serveur pour attribuer des options différentes (durée de bail, WINS, DNS...) selon ce type.
Quel service Windows Server 2008 gère l'affectation dynamique d'adresses IP multicast ?;MADCAP;NETLOGON;DNSCMD;LLMNR;2;Windows Server 2008 inclut un service de serveur MADCAP pour l'affectation dynamique et la configuration d'adresses IP multicast sur les réseaux.
Comment Windows empêche-t-il un serveur DHCP non autorisé de distribuer des adresses ?;Par le chiffrement des baux;Par un filtrage MAC;Par un mot de passe sur le service;Par une autorisation préalable dans Active Directory;5;Un serveur DHCP doit être autorisé dans Active Directory par l'administrateur du domaine, s'il n'est pas autorisé, aucune réponse n'est retournée aux requêtes DHCP.
Quel est l'avantage du clustering DHCP sur le fractionnement d'étendues ?;Si le serveur actif tombe, le second reprend de façon transparente avec la connaissance complète des attributions;Il permet plusieurs serveurs DHCP actifs simultanément;Il supprime le besoin d'adresse IP fixe;Il double le nombre d'adresses;2;Avec des étendues fractionnées, une panne fait perdre la moitié des adresses, le clustering gère deux serveurs comme un seul système virtuel, un seul actif à la fois, le second reprenant de façon transparente.
Que fait un client Windows qui ne trouve pas de serveur DHCP mais possède un ancien bail ?;Il devient serveur DHCP;Il reste sans adresse IP;Il fait un PING sur la passerelle par défaut du bail pour décider s'il le conserve;Il utilise l'adresse 127.0.0.1;4;Le client tente de renouveler ses baux et fait un PING sur la passerelle par défaut du bail : si le PING réussit il conserve le bail, sinon il conclut qu'il a été déplacé, s'auto-configure et refait une recherche toutes les cinq minutes.
Que signale le drapeau M dans la configuration automatique d'un hôte IPv6 ?;Que l'adresse est multicast;Que la configuration est manuelle;Qu'il faut utiliser un protocole (DHCPv6) pour obtenir des adresses dynamiques;Que le routeur est indisponible;4;Le drapeau de gestion de configuration d'adresse (drapeau M), lorsqu'il vaut 1, indique à l'hôte IPv6 d'utiliser le protocole (DHCPv6) pour obtenir des adresses dynamiques, le drapeau O concerne les autres paramètres.
Sur quoi reposait la résolution de noms avant l'introduction du DNS en 1984 ?;Sur Active Directory;Sur le service WINS;Sur des requêtes multicast;Sur un fichier texte HOSTS maintenu par le NIC et transmis par FTP;5;Jusqu'en 1984, la transcription des noms d'hôtes en adresses s'appuyait sur une table de correspondance (fichier HOSTS) maintenue par le Network Information Center et transmise par FTP à tous les hôtes.
Quelle est la longueur maximale d'une étiquette de nœud DNS ?;63 caractères;255 caractères;32 caractères;15 caractères;2;Chaque nœud de l'arbre DNS possède une étiquette d'une longueur maximale de 63 caractères, un nom FQDN complet peut atteindre 255 caractères, sur une profondeur maximale de 127 niveaux.
Quelle est la longueur maximale d'un nom FQDN ?;512 caractères;63 caractères;255 caractères;127 caractères;4;La profondeur maximale de l'arborescence DNS est de 127 niveaux et la longueur maximale d'un nom FQDN est de 255 caractères.
Quel enregistrement DNS fait correspondre un alias à un nom canonique ?;CNAME;NS;PTR;A;2;CNAME (Canonical Name) fait correspondre un alias au nom canonique, ce qui permet à plusieurs noms de désigner la même machine.
Dans quel intervalle se situe la priorité d'un enregistrement MX ?;0 à 1024;1 à 100;0 à 255;0 à 65535;2;L'enregistrement MX permet de définir une priorité avec une valeur pouvant aller de 0 à 65535, plusieurs MX pouvant assurer la redondance du serveur de messagerie.
Quel type de serveur DNS tient à jour le fichier de zone en lecture-écriture ?;Le serveur primaire (ou maître);Le résolveur;Le serveur secondaire;Le serveur cache;2;Le serveur primaire (ou maître) est le serveur d'autorité sur sa zone et tient à jour le fichier de zone, le secondaire n'en a qu'une copie en lecture seule, le cache n'a aucune autorité.
Dans quel champ figure le numéro de version d'une zone DNS ?;Le champ TYPE du RR PTR;Le champ TTL du RR A;Le champ RDATA du RR NS;Le champ SERIAL du RR SOA;5;Les serveurs secondaires comparent le numéro de version figurant dans le champ SERIAL du RR SOA (format année-mois-jour-version) avec le leur pour savoir s'il faut recharger la zone.
Quel type de transfert de zone ne copie que les enregistrements modifiés ?;Le transfert total;Le transfert incrémental (IXFR);Le transfert récursif;La notification DNS;3;Le transfert incrémental (IXFR) ne transfère que les enregistrements modifiés, contrairement au transfert total qui copie toute la zone et engendre un trafic important.
En quoi consiste le mode itératif de résolution DNS ?;Le serveur répond sur ses seules informations locales, ou donne la référence d'un autre serveur;Le serveur fait toutes les requêtes pour le client;Le serveur refuse toute requête externe;Le client interroge tous les serveurs racine;2;En mode itératif, le serveur répond directement sur la base de ses informations locales, en fournissant soit la réponse, soit la référence d'un autre serveur plus susceptible de savoir, c'est le mode général sur Internet.
Que signale le bit RA d'une réponse DNS ?;Que le serveur accepte de fournir le service récursif;Que la réponse vient du cache;Que la requête a réussi;Que le nom est un FQDN;2;Le bit RA (Récursion Admissible), marqué par le serveur dans ses réponses, signale que le serveur accepte de fournir le service récursif (disponibilité du service), tandis que RD indique que le requérant le désire.
Quel domaine spécial a été créé pour la résolution inverse DNS en IPv4 ?;in-addr.arpa;reverse.dns;IP6.ARPA;ptr.local;2;Le domaine spécial in-addr.arpa a été créé pour répondre aux requêtes inverses sans recherche exhaustive, des enregistrements pointeurs (PTR) y associent les adresses IP aux noms d'hôte (IP6.ARPA pour IPv6).
Quel est l'effet de l'intégration du DNS dans Active Directory sur la réplication ?;Elle est désactivée;Elle devient manuelle;Elle devient multi-maître, sans serveur DNS primaire unique;Elle passe en clair sur le réseau;4;Avec l'intégration à Active Directory, la réplication des zones est multi-maître : il n'y a plus de serveur DNS primaire, tous les serveurs DNS peuvent recevoir des mises à jour et les propager, et la réplication est sécurisée.
Quelle RFC définit la mise à jour dynamique du DNS ?;RFC 2052;RFC 2136;RFC 1542;RFC 1035;3;La mise à jour dynamique DNS est définie dans la RFC 2136, qui introduit l'OPCODE « UPDATE » permettant d'ajouter ou supprimer des RR de façon atomique.
Quel service génère les mises à jour dynamiques DNS sur un poste Windows ?;Le service client DHCP;Le service Serveur;Le service NETLOGON;Le service WINS;2;Le service qui génère effectivement les mises à jour dynamiques DNS est le client DHCP, exécuté sur chaque poste, qu'il soit client DHCP ou à adresse IP fixe.
Quel fournisseur de sécurité est utilisé pour la mise à jour dynamique DNS sécurisée ?;SSL;RADIUS;Kerberos;NTLM;4;Pour une mise à jour dynamique sécurisée (DNS intégré à Active Directory), le client et le serveur négocient un contexte de sécurité et vérifient leur identité mutuelle grâce au fournisseur de sécurité Kerberos.
Quel type d'enregistrement localise les services d'Active Directory comme LDAP ou Kerberos ?;MX;CNAME;HINFO;SRV;5;L'enregistrement SRV (Emplacement du service, RFC 2052) localise les services d'Active Directory : LDAP sur TCP 389, Kerberos sur TCP 88, Global Catalog sur TCP 3268/3286, inscrits par le service NETLOGON.
Quelle priorité les enregistrements SRV relatifs à Active Directory utilisent-ils ?;0;10;65535;100;2;Les enregistrements SRV relatifs à Active Directory utilisent tous la priorité 0 (plus le chiffre est bas, plus la priorité est haute) et un poids de 100.
Quel utilitaire en ligne de commande sert à diagnostiquer les problèmes DNS ?;IPCONFIG;NSLOOKUP;NETDIAG;PATHPING;3;NSLOOKUP permet de vérifier qu'un serveur DNS existe, de connaître ses zones, de vérifier la présence d'un enregistrement précis ou de parcourir tous ses enregistrements de ressources.
Que reproduit un contrôleur de domaine en lecture seule (RODC) pour le DNS ?;La zone GlobalNames seulement;Une zone secondaire modifiable;Une zone primaire accessible en lecture seule uniquement;Rien, il n'héberge pas de DNS;4;Pour les RODC, Windows Server 2008 prend en charge un nouveau type de zone primaire accessible en lecture seule, toute modification du contenu doit se faire sur un contrôleur de domaine qui n'est pas un RODC.
À quoi sert la zone GlobalNames de Windows Server 2008 ?;À gérer les mises à jour dynamiques;À remplacer Active Directory;À fournir une résolution de nom à étiquette unique pour un ensemble limité de serveurs critiques;À stocker tous les postes de bureau;4;La zone GlobalNames fournit une résolution de nom à étiquette unique via le DNS seul, pour un ensemble limité de noms (serveurs centraux et critiques), en remplacement des enregistrements WINS statiques, généralement avec des CNAME, elle ne supporte pas les mises à jour dynamiques.
Quelle est la différence d'architecture entre IIS 6.0 et IIS 7.0 ?;Les deux sont monolithiques;IIS 7.0 ne prend plus en charge HTTP;IIS 6.0 est monolithique, IIS 7.0 est découpé en modules installables selon les besoins;IIS 6.0 est modulaire, IIS 7.0 est monolithique;4;L'architecture d'IIS 6.0 formait un seul bloc imposant l'installation complète, tandis qu'IIS 7.0 est découpé en modules dont on n'installe que ceux dont on a besoin (plus de 40 fonctionnalités).
Quel avantage NON attendu de l'architecture modulaire d'IIS 7.0 ?;Une amélioration des performances par allégement du serveur;Une installation en fonction des besoins;Une augmentation de la surface d'attaque;Une maintenance facilitée;4;L'architecture modulaire réduit au contraire la surface d'attaque, ses avantages sont l'allégement du serveur, l'installation ciblée, la sécurité accrue et la maintenance facilitée.
Que renvoie un serveur Web en réponse à une requête HTTP ou HTTPS ?;La table de routage;Les documents au format HTML correspondants;Uniquement des fichiers binaires;Un flux vidéo;3;Un serveur Web reçoit des requêtes URL de type HTTP ou HTTPS et renvoie les documents au format HTML correspondants.
Comment est implémenté l'écouteur HTTP.sys d'IIS ?;Comme un service en mode utilisateur;Comme un pilote de périphérique en mode noyau;Comme un script ASP;Comme une extension ISAPI;3;HTTP.sys, la pile de protocole HTTP, est implémenté comme un pilote de périphérique en mode noyau, il a remplacé l'API Windows Sockets (Winsock) dans IIS 6.0.
Quel composant HTTP.sys a-t-il remplacé dans IIS 6.0 ?;Active Directory;WAS;L'API Windows Sockets (Winsock);Le service WWW;4;Dans IIS 6.0, HTTP.sys a remplacé l'API Windows Sockets (Winsock), qui était le composant en mode utilisateur des versions précédentes pour recevoir les requêtes HTTP.
Quel avantage HTTP.sys apporte-t-il ?;La mise en cache et la mise en file d'attente en mode noyau;Le chiffrement obligatoire de toutes les pages;La réplication Active Directory;La compilation des scripts ASP;2;HTTP.sys offre la mise en cache en mode noyau (réponses servies sans passer en mode utilisateur), la mise en file d'attente en mode noyau et le pré-traitement et filtrage de sécurité des demandes.
Comment IIS gère-t-il les protocoles autres que HTTP et HTTPS ?;Via Windows Communication Foundation (WCF) et ses adaptateurs d'écoute;Il ne les gère pas;Via HTTP.sys uniquement;Via le service WWW;2;Pour les protocoles autres que HTTP/HTTPS, on utilise WCF (Windows Communication Foundation), dont les adaptateurs d'écoute fournissent l'écoute d'un protocole spécifique, par exemple NetTcpActivator pour net.tcp.
Dans IIS 7.0, entre quels services la fonctionnalité de publication Web est-elle répartie ?;Le service WWW et le service WAS;IIS et Active Directory;HTTP.sys et Winsock;Le service FTP et le service DNS;2;La fonctionnalité auparavant assurée par le seul service de publication Web est divisée entre le service WWW et le nouveau service d'activation de processus Windows (WAS), tous deux dans Svchost.exe.
Quel est le rôle du service WWW dans IIS 7.0 ?;Il gère seul les pools d'applications et les processus de travail;Il assure le routage IP;Il remplace Active Directory;Il est l'adaptateur d'écouteur pour HTTP.sys et notifie WAS des demandes en file d'attente;5;Dans IIS 7.0, le service WWW ne gère plus les processus : il configure et met à jour HTTP.sys, notifie WAS quand une demande entre dans la file d'attente et collecte les compteurs de performance HTTP.
Que gère WAS (Windows Process Activation Service) dans IIS 7.0 ?;Uniquement les requêtes HTTP;Le stockage des certificats;La sauvegarde de la métabase;La configuration des pools d'applications et les processus de travail, pour HTTP et non-HTTP;5;WAS gère la configuration du pool d'applications et les processus de travail à la place du service WWW, pour les protocoles HTTP comme non-HTTP, il peut fonctionner sans le service WWW si aucune fonctionnalité HTTP n'est requise.
Quelle est la différence entre une extension ISAPI et un filtre ISAPI ?;Les deux sont des scripts interprétés;Aucune, ce sont des synonymes;L'extension s'exécute sur demande (code compilé, rapide), le filtre examine chaque demande faite au serveur;L'extension examine chaque demande, le filtre s'exécute sur demande;4;Une extension ISAPI s'exécute sur demande comme un fichier ASP mais en code compilé plus rapide, tandis qu'un filtre ISAPI examine chaque demande faite au serveur jusqu'à en trouver une à traiter.
Qu'est-ce qu'ASP.NET ?;Un langage de balisage client;Un environnement de programmation orientée objet côté serveur en code managé, basé sur le framework .NET;Un protocole de transport;Un service d'annuaire;3;ASP.NET est un environnement de programmation orientée objet côté serveur permettant de créer des sites et applications Web en code managé sur le framework .NET, tandis qu'ASP est un environnement de script (VBScript, JScript).
À quoi sert l'interface CGI (Common Gateway Interface) ?;À définir comment un serveur Web transmet des informations à un programme externe;À authentifier les utilisateurs;À compresser le contenu statique;À chiffrer les communications;2;L'interface CGI définit la façon dont un serveur Web transmet des informations à un programme externe, par exemple lors du traitement d'un formulaire.
Où et quand s'exécute un script SSI (Server-Side Includes) ?;Dans le noyau, via HTTP.sys;Sur le client, après réception de la page;Sur un serveur proxy intermédiaire;Sur le serveur, avant l'envoi de la page au client;5;Le SSI est un langage de script qui génère dynamiquement des pages HTML : le script s'exécute sur le serveur avant l'envoi de la page au client, généralement pour insérer un fichier dans un autre.
Que fait le module Restrictions IP et Domaine d'IIS ?;Il autorise ou refuse le contenu selon l'adresse IP d'origine ou le nom de domaine de la demande;Il mappe les certificats client;Il journalise les transactions dans une base ODBC;Il compresse le contenu dynamique;2;Le module Restrictions IP et Domaine gère l'autorisation ou le refus du contenu en fonction de l'adresse IP d'origine ou du nom de domaine de la demande.
Quel risque présente l'activation de la compression du contenu dynamique dans IIS ?;La désactivation de la journalisation;Un ralentissement du site si l'utilisation du processeur du serveur est déjà très élevée;Une perte de données définitive;L'impossibilité d'utiliser SSL;3;La compression dynamique économise la bande passante, mais si le processeur du serveur est déjà très sollicité, la charge supplémentaire qu'elle impose peut ralentir le site.
IIS est-il installé par défaut sur Windows Server 2008 ?;Oui, avec tous les modules;Non, il faut le télécharger sur Internet;Oui, mais désactivé;Non, il s'installe via l'Assistant Ajout de rôles du Gestionnaire de serveur;5;Par défaut, IIS n'est pas installé sur Windows Server 2008, on l'installe avec l'Assistant Ajout de rôles du Gestionnaire de serveur, seul un minimum de composants étant installé.
Quelle commande ouvre le Gestionnaire des services IIS ?;iisreset;services.msc;inetmgr;dnsmgmt.msc;4;Le Gestionnaire des services IIS, composant enfichable MMC, s'ouvre en tapant la commande inetmgr.
Que sauvegarde la fonction de sauvegarde de configuration d'IIS via la MMC ?;Les paramètres de la métabase IIS, mais pas les fichiers de contenu ni le registre;Uniquement les journaux;Le contenu des sites Web et le registre;L'ensemble du système d'exploitation;2;Cette méthode sauvegarde les paramètres de la métabase pour restaurer une configuration antérieure, mais pas les fichiers de contenu ni les paramètres du registre, elle ne survit pas à une réinstallation d'IIS et ne peut pas restaurer une configuration sur un autre ordinateur.
De quelle norme WebDAV est-il une extension ?;De la norme LDAP;De la norme SMB;De la norme HTTP 1.1;De la norme FTP;4;WebDAV (Web-based Distributed Authoring and Versioning) est une extension de la norme HTTP 1.1 permettant d'afficher des supports de stockage via une connexion HTTP.
Que permet le verrouillage d'une ressource dans WebDAV ?;Le fichier est répliqué sur tous les serveurs;Le fichier devient inaccessible à tous;Le fichier est chiffré automatiquement;Plusieurs utilisateurs peuvent lire un fichier, mais un seul peut le modifier à la fois;5;WebDAV permet de verrouiller et déverrouiller des ressources pour que plusieurs personnes puissent lire un fichier simultanément, une seule pouvant le modifier à la fois.
Qu'apporte le FTP Restart pris en charge par IIS ?;La reprise d'un téléchargement interrompu à partir de son point d'interruption;La conversion des fichiers en HTML;Le chiffrement automatique des transferts FTP;La compression des fichiers transférés;2;Le FTP Restart permet, si un transfert depuis un site FTP est interrompu, de reprendre le téléchargement à son point d'interruption sans retélécharger le fichier entier.
Comment l'authentification de base transmet-elle les mots de passe ?;Jamais transmis sur le réseau;Encodés en Base64 mais non chiffrés;Chiffrés en AES 256 bits;Hachés en SHA-1;3;L'authentification de base (spécification HTTP 1.0) transmet les mots de passe encodés en Base64 mais non chiffrés, d'où le besoin d'une connexion sûre (SSL/TLS ou ligne dédiée).
Pourquoi l'authentification Digest est-elle plus sûre que l'authentification de base ?;Elle fonctionne avec tous les navigateurs;Elle chiffre toute la session en 128 bits;Les autorisations subissent un hachage unilatéral non déchiffrable, avec un ajout serveur empêchant la réutilisation du hash;Elle n'exige aucun contrôleur de domaine;4;En authentification Digest, les autorisations subissent un hachage unilatéral (le texte original ne peut pas être retrouvé) et le serveur ajoute des informations avant le hachage pour empêcher la capture et la réutilisation du hash, elle exige un contrôleur de domaine Windows et Internet Explorer 5 ou ultérieur.
Quels sont les trois principaux mécanismes de sécurité d'IIS ?;Authentification, autorisations et cryptage;Réplication, sauvegarde et restauration;Routage, filtrage et NAT;Journalisation, compression et cache;2;Les principaux mécanismes de sécurité d'IIS sont l'authentification (identité des utilisateurs), les autorisations et le cryptage (protection du contenu qui circule sur Internet).
Quel compte le serveur affecte-t-il à un utilisateur en authentification anonyme ?;Un compte Kerberos temporaire;Le compte SYSTEM;Un compte Windows nommé IUSR_nom_ordinateur;Le compte Administrateur;4;En authentification anonyme, le serveur Web affecte à l'utilisateur un compte Windows nommé IUSR_nom_ordinateur, on peut créer plusieurs comptes anonymes pour des accès différents.
Pourquoi l'authentification intégrée Windows est-elle considérée comme sûre ?;Elle fonctionne avec les proxys HTTP;Elle est compatible avec tous les navigateurs;Le nom d'utilisateur et le mot de passe ne sont pas envoyés sur le réseau, le navigateur prouve le mot de passe par échange cryptographique;Elle chiffre les pages en 128 bits;4;L'authentification intégrée Windows (NTLM ou Kerberos v5) n'envoie ni nom ni mot de passe sur le réseau : le navigateur prouve la connaissance du mot de passe par un échange cryptographique, elle ne fonctionne toutefois qu'avec Internet Explorer 2.0+ et pas via un proxy HTTP.
Quel est l'état par défaut de l'emprunt d'identité ASP.NET ?;Désactivé;Activé pour tous les utilisateurs;Activé pour les seuls administrateurs;Activé uniquement en HTTPS;2;Par défaut, l'emprunt d'identité ASP.NET est désactivé, activé, l'application peut s'exécuter en tant qu'utilisateur authentifié par IIS 7 ou sous un compte arbitraire.
Qu'est devenu le modèle d'autorisation AzMan dans IIS 7 ?;Il a été renommé WebDAV;Il a été retiré et remplacé par un modèle proche de celui d'ASP.NET;Il a été fusionné avec Kerberos;Il est devenu obligatoire;3;AzMan, introduit dans IIS 6.0, a été retiré dans IIS 7 au profit d'un nouveau modèle d'autorisation très semblable au modèle d'autorisation ASP.NET.
Dans quel ordre le modèle d'autorisation d'URL d'IIS 7 traite-t-il les règles ?;Grand-parent, puis parent, puis enfant (inverse d'ASP.NET);Dans l'ordre alphabétique;Enfant, puis parent, puis grand-parent (comme ASP.NET);Dans un ordre aléatoire;2;Le modèle d'autorisation IIS traite les règles grand-parent, parent, puis enfant (les règles de refus en haut, ordre indifférent), à l'inverse d'ASP.NET qui les traite enfant, parent, grand-parent.
Quelle est la taille par défaut d'une clé de session SSL dans IIS, et sa taille maximale ?;Toujours 1024 bits;56 bits par défaut, jusqu'à 112 bits;40 bits par défaut, jusqu'à 128 bits;128 bits par défaut, jusqu'à 256 bits;4;La clé de session du serveur Web contient en général 40 bits par défaut, mais peut atteindre 128 bits selon le niveau de sécurité désiré.
Qu'est-ce que SGC (Server Gated Cryptography) ?;Une extension de SSL autorisant un chiffrement 128 bits, nécessitant un certificat SGC spécial;Un module de compression dynamique;Un protocole de routage;Un service de sauvegarde de la métabase;2;SGC est une extension de SSL permettant un chiffrement élevé avec des clés de 128 bits, les fonctions sont intégrées dans IIS mais nécessitent un certificat SGC spécial, fourni avec le High Encryption Pack pour Windows.
À quoi servent aujourd'hui les systèmes de fichiers FAT et FAT32 sous Windows ?;À gérer les quotas de disque;À assurer la compatibilité avec d'anciens systèmes d'exploitation;À chiffrer les données;À sécuriser les fichiers par liste d'accès;3;FAT et FAT32 sont dépassés et ne servent plus qu'à la compatibilité avec DOS, Windows 3.1 ou 95/98, tandis que NTFS apporte sécurité, quotas, compression et cryptage.
Que fait l'utilitaire convert.exe ?;Il convertit NTFS vers FAT32;Il crée un volume dynamique;Il convertit une partition FAT ou FAT32 vers NTFS, sans retour possible;Il défragmente une partition;4;convert.exe convertit les partitions FAT/FAT32 vers NTFS, l'inverse est impossible, il faut effacer et recréer la partition en FAT.
Qu'est-ce que la MFT dans NTFS ?;Le fichier journal des transactions;La table des partitions du disque;Un cache de lecture en mémoire;Le fichier des descripteurs de fichiers, dont la position est indiquée dans le MBR;5;La MFT (Master File Table) est le fichier des descripteurs de fichiers de NTFS, sa position figure dans le premier secteur de la partition (MBR) et elle est dupliquée pour la sécurité.
Quelle structure NTFS utilise-t-il pour localiser les fichiers ?;Un arbre binaire (B+);Une simple table linéaire comme la FAT;Un index hexadécimal;Une liste chaînée de secteurs;2;NTFS organise l'arborescence de répertoire en arbre binaire (B+), ce qui rend l'accès aux fichiers plus rapide que sur une partition FAT.
Quelle est la capacité minimale recommandée d'une partition NTFS ?;2 Go;400 Mo;10 Mo;16 Go;3;Une partition NTFS doit avoir au moins 400 Mo car NTFS utilise beaucoup d'espace pour stocker ses structures système.
Que devient la MFT lorsqu'un fichier est supprimé ?;La MFT est immédiatement compactée;Son entrée est marquée libre et réutilisable, mais la MFT ne se réduit pas;L'entrée est effacée physiquement;La MFT est recréée entièrement;3;À la suppression, l'entrée du fichier dans la MFT est marquée comme libre et peut être réutilisée, mais la MFT ne diminue jamais de taille.
Qu'est-ce qu'un attribut résident dans NTFS ?;Un attribut partagé entre plusieurs fichiers;Un attribut stocké hors de la MFT dans un espace propre;Un attribut chiffré;Un attribut rangé directement dans le descripteur de l'objet, au sein de la MFT;5;Un attribut résident est rangé dans le descripteur de l'objet lui-même (dans la MFT), un attribut non résident est stocké à l'extérieur de la MFT dans un espace alloué en propre.
Quelle est la plage de taille possible d'un cluster NTFS ?;De 1 ko à 4 ko;Toujours 4 koctets;De 4 ko à 8 ko;De 512 octets à 64 koctets;5;La taille d'un cluster NTFS varie de 512 octets à 64 koctets, résultat d'un compromis entre l'utilisation de l'espace disque et le nombre d'accès.
Sur combien de bits les clusters NTFS sont-ils numérotés ?;64 bits;32 bits;128 bits;16 bits;2;Les clusters NTFS sont numérotés sur 64 bits, ce qui implique la gestion de 16 milliards de clusters par volume.
Comment est organisé le contenu d'un répertoire NTFS ?;En arbre binaire;En pile;En table de hachage;En liste triée alphabétiquement;2;Le contenu d'un répertoire NTFS est organisé en arbre binaire, avec des nœuds créés ou supprimés au fil des ajouts et suppressions.
À quoi sert l'attribut Bitmap d'un répertoire NTFS ?;À journaliser les accès;À compresser le répertoire;À indiquer quels nœuds de l'arbre binaire sont libres pour être réutilisés;À chiffrer les noms de fichiers;4;L'attribut Bitmap d'un répertoire indique quels nœuds sont libres après suppression, s'il n'y en a plus, une nouvelle zone est allouée et la Bitmap mise à jour.
Selon quelle technique NTFS assure-t-il la récupération du système de fichiers ?;Un scandisk au démarrage;Un traitement transactionnel via un fichier journal;Une copie de sauvegarde complète du volume;Une double écriture systématique de chaque secteur;3;NTFS enregistre toutes les sous-opérations dans un fichier journal (comment refaire et défaire) avant de les reporter sur le disque, à la manière d'une base de données, avec la notion de transaction.
Qu'est-ce que l'écriture paresseuse (lazy write) ?;Les opérations sont faites en mémoire et l'écriture sur disque est différée pour la performance;Le disque n'est écrit qu'une fois par jour;Les écritures sont volontairement ralenties pour ménager le disque;Les fichiers sont écrits en double pour la fiabilité;2;Avec l'écriture paresseuse, les opérations sont d'abord effectuées dans des tampons en mémoire et l'écriture sur disque est différée, ce qui aggrave le risque d'incohérence en cas de panne et justifie le fichier journal.
Dans quel ordre NTFS écrit-il les tampons du fichier journal ?;Jamais, il reste en mémoire;Après les autres tampons;En même temps que les données;Avant tous les autres tampons;5;Le gestionnaire de tampons écrit les tampons du fichier journal sur disque avant l'écriture des autres tampons, afin de garantir la récupération après panne.
Que fait NTFS au redémarrage après une panne ?;Il ignore le journal;Il supprime tous les fichiers ouverts;Il reformate le volume;Il refait les transactions clôturées non écrites et défait les transactions non clôturées déjà écrites;5;En analysant le journal, NTFS refait les transactions clôturées dont les actions n'ont pas été portées sur disque et défait les transactions non clôturées dont les actions l'ont été.
Qu'apporte WRP (Windows Resource Protection) par rapport à WFP ?;Le chiffrement automatique du disque;La protection des clés de registre en plus des fichiers;La sauvegarde du système sur bande;La compression des fichiers système;3;WRP, introduite dans Windows Server 2008, remplace WFP et protège désormais aussi les clés de registre, Windows Installer ignore une ressource protégée, enregistre un avertissement et poursuit sans erreur.
Qui peut modifier une ressource protégée par WRP ?;Le compte SYSTEM uniquement;Personne, elles sont en lecture seule absolue;Uniquement les administrateurs, via un mécanisme de remplacement de ressources;N'importe quel utilisateur;4;L'autorisation d'accès complet pour modifier les ressources protégées par WRP est limitée aux administrateurs, via un mécanisme de remplacement de ressources utilisant le service d'installation de modules Windows.
Où sont stockées les copies des fichiers WRP nécessaires au redémarrage de Windows ?;Dans %windir%\WinSxS\Backup;Dans le registre;Dans %windir%\System32;Dans la MFT;2;Les copies des fichiers WRP nécessaires au redémarrage sont dans %windir%\WinSxS\Backup, ni la taille de ce cache ni la liste des fichiers copiés ne peuvent être modifiées.
Quel type de disque est requis pour un dual-boot avec DOS ou Windows 9x ?;Le disque basique;Le disque dynamique;Un volume agrégé par bandes;Un disque en RAID 5;2;Les disques basiques (partitions primaires, étendues, lecteurs logiques) doivent être utilisés pour le dual-boot entre Windows Server et DOS, Windows 3.x, 9x/Me ou NT.
Depuis quelle version de Windows les disques dynamiques existent-ils ?;Depuis Windows NT 4;Depuis Windows 2000 et XP;Depuis Windows 95;Depuis Windows Server 2008;3;Le mode dynamique n'est possible qu'à partir de Windows 2000 et XP, un disque dynamique est divisé en volumes redimensionnables sans redémarrage.
Que se passe-t-il si un disque d'un volume multiple (agrégat) tombe en panne ?;Toutes les données du volume sont perdues;Le volume passe en lecture seule;Les données sont régénérées par parité;Seules les données du disque défaillant sont perdues;2;Dans un volume multiple, les disques sont remplis successivement, si un disque ne fonctionne plus, toutes les données du volume sont perdues, et les performances sont déjà dégradées par la lecture séquentielle.
Que signifie l'état « En état (avec risque) » d'un volume dynamique ?;Le volume ne peut pas redémarrer et doit être réparé;Le volume est plein;Le volume est en cours d'initialisation;Le volume est accessible mais des erreurs d'E/S ont été détectées sur le disque;5;L'état « En état (avec risque) » signifie que le volume est accessible mais que des erreurs d'entrée-sortie ont été détectées sur le disque, l'état « Erreur » indiquant un volume à réparer.
La conversion d'un disque de démarrage basique en disque dynamique est-elle réversible ?;Non, elle est irréversible;Oui, avec convert.exe;Oui, à tout moment;Oui, mais seulement après un redémarrage;2;La conversion d'un disque de démarrage (volume basique) vers un volume dynamique est irréversible : un volume dynamique ne peut plus être reconverti en volume basique.
Sur quels systèmes de fichiers les quotas de disque peuvent-ils être définis ?;Sur FAT, FAT32 et NTFS;Sur les volumes NTFS uniquement, pas sur FAT ni FAT32;Sur les dossiers de n'importe quelle partition;Sur FAT32 uniquement;3;Windows Server supporte les quotas sur les volumes NTFS mais pas sur FAT ou FAT32, et ils ne peuvent pas être fixés sur des dossiers à l'intérieur d'une partition NTFS.
Quels niveaux de RAID Windows Server met-il en œuvre en logiciel ?;Les niveaux 5 et 6;Les niveaux 1 (mirroring) et 5 (agrégat par bandes avec parité), sur disques dynamiques;Les niveaux 0 et 1 sur disques basiques;Tous les niveaux de 0 à 10;3;Windows Server permet la mise en œuvre des niveaux RAID 1 (mirroring) et 5 (agrégat par bandes avec parité), uniquement sur les disques dynamiques, via le composant Gestion de disque.
Combien de disques Windows autorise-t-il au maximum pour un miroir (RAID 1) ?;Trois;Deux;Huit;Trente-deux;3;Le RAID 1 nécessite au moins deux disques, et avec Windows il n'est pas possible d'en utiliser plus de deux, l'espace disponible est celui du plus petit disque.
Quelle part de l'espace le RAID 5 consacre-t-il à la redondance, comparé au miroir ?;Environ 50 %, comme le miroir;Environ 80 %;Environ 20 %, contre 50 % pour un miroir;Environ 10 %;4;Un miroir nécessite 50 % de l'espace total pour répliquer les données, alors que le RAID niveau 5 n'en occupe que 20 % pour les informations de parité.
Comparé au RAID 1, comment se comporte le RAID 5 en écriture ?;Il est plus rapide;Il ne permet pas l'écriture;Il a les mêmes performances;Il est moins performant car il doit calculer la parité;5;Le RAID 5 est plus rapide en lecture (plusieurs disques simultanément) mais moins performant que le RAID 1 en écriture, car il faut réaliser des calculs de parité.
Comment remplacer un disque défaillant dans un système en RAID 1 (mirroring) sous Windows ?;Si la réactivation échoue, casser le miroir, remplacer le disque, puis reformer le miroir;Reformater tout le volume;Retirer le disque sans autre opération;Convertir le disque en basique;2;En RAID 1, si la réactivation du disque marqué manquant ne donne rien, il faut d'abord casser le miroir avant de remplacer le disque, puis reformer le miroir.
Quels fichiers de configuration le registre de Windows remplace-t-il ?;Les fichiers journaux NTFS;Les fichiers .ini, .sys et .com;Les fichiers .dll et .exe;Les fichiers de zone DNS;3;Le registre est une base de données unique centralisant la configuration depuis Windows NT et remplace les anciens fichiers de configuration .ini, .sys et .com.
Quand une application relit-elle ses paramètres du registre ?;Au démarrage de l'application, d'où la nécessité de la redémarrer après un changement;Uniquement à l'extinction du système;À chaque accès disque;En continu, à chaque seconde;2;Les données relatives aux applications ne sont lues qu'au démarrage de l'application, en cas de changement de paramétrage, il faut redémarrer l'application, sauf si elle surveille elle-même le registre.
Que lit le chargeur de boot dans le registre au démarrage initial ?;La liste des documents récents;Les compteurs de performance;Le profil de l'utilisateur connecté;La liste des pilotes de périphériques de démarrage à charger en mémoire;5;Lors du démarrage initial, le chargeur de boot lit la liste des pilotes de périphériques de démarrage pour les charger en mémoire avant d'initialiser le noyau.
Combien de clés racine (HKEY) le registre comporte-t-il ?;Six;Huit;Deux;Quatre;2;Le registre possède six clés principales (HKEY) ayant chacune un rôle précis, chaque nom commençant par HKEY_.
Où est stocké le profil de l'utilisateur associé à HKEY_CURRENT_USER ?;Dans \Users\<username>\Ntuser.dat;Dans %windir%\System32;Dans HKEY_CLASSES_ROOT;Dans le fichier Boot.ini;2;HKCU associe l'utilisateur connecté localement à son profil, situé sur le disque dans \Users\<username>\Ntuser.dat, et correspond à la clé de l'utilisateur sous HKEY_USERS.
Que contient la sous-clé HKU\.DEFAULT ?;Le profil lié au système, utilisé notamment par Winlogon;Les associations d'extensions de fichiers;La base de données de démarrage;Les compteurs de performance;2;HKEY_USERS contient une sous-clé par profil utilisateur et une sous-clé HKU\.DEFAULT liée au profil pour le système, utilisée par exemple par Winlogon pour l'écran de connexion.
De quels trois types d'information HKEY_CLASSES_ROOT se compose-t-il ?;Associations d'extensions de fichiers, enregistrements de classe COM, racine virtualisée pour l'UAC;Ruches, clés et valeurs;Pilotes, services et sous-systèmes;Profils utilisateur, profils matériels et compteurs;2;HKCR se compose des associations d'extensions de fichiers, des enregistrements de classe COM et de la racine du registre virtualisée pour le contrôle des comptes utilisateur (UAC).
Quelle clé racine contient toutes les sous-clés de configuration du système (SAM, SECURITY, SOFTWARE, SYSTEM...) ?;HKEY_CURRENT_USER;HKEY_PERFORMANCE_DATA;HKEY_LOCAL_MACHINE;HKEY_CLASSES_ROOT;4;HKLM (HKEY_LOCAL_MACHINE) contient toutes les sous-clés de configuration de la totalité du système : BCD, COMPOSANTS, HARDWARE, SAM, SECURITY, SOFTWARE et SYSTEM.
Que remplace la sous-clé HKLM\BCD ?;Le fichier hosts;Le fichier journal NTFS;Le fichier Ntuser.dat;Le fichier Boot.ini des versions antérieures de Windows Server;5;HKLM\BCD contient la base de données de configuration de démarrage (Boot Configuration Data), qui remplace le fichier Boot.ini avec plus de flexibilité et une isolation des données d'installation, de configuration et de démarrage.
Que représente HKEY_CURRENT_CONFIG ?;La racine des classes COM;Le profil de l'utilisateur connecté;Un lien vers le profil matériel actif, sous HKLM\SYSTEM\CurrentControlSet\Hardware profiles\Current;La liste des ruches chargées;4;HKEY_CURRENT_CONFIG est juste un lien vers le profil matériel utilisé, stocké sous HKLM\SYSTEM\CurrentControlSet\Hardware profiles\Current.
Quel avantage offre l'accès aux compteurs de performance via le registre ?;Le suivi à distance fonctionne gratuitement car le registre est accessible à distance par une API normée;Les compteurs ne consomment aucune mémoire;Les compteurs sont chiffrés automatiquement;Le suivi ne nécessite aucun droit d'administration;2;HKEY_PERFORMANCE_DATA permet d'accéder aux compteurs de performance, comme le registre est facilement accessible à distance via une API normée, le suivi à distance des performances fonctionne gratuitement.
De quelles trois parties une rubrique valuée du registre est-elle composée ?;Le nom, le type de données et la valeur;L'extension, la classe et le profil;La clé, la sous-clé et la ruche;Le descripteur, l'attribut et le contenu;2;Une rubrique valuée du registre est composée de trois parties : le nom, le type de données et la valeur.
Qu'est-ce qu'une ruche (hive) du registre ?;Un descripteur de sécurité partagé;Un cache de clés en mémoire;Un fichier contenant un arbre de registre avec une clé racine, non lisible en session;Une table de hachage des noms de clés;4;Une ruche est un fichier contenant un arbre de registre, avec une clé servant de racine, les ruches ne sont pas accessibles en lecture au cours d'une session, tandis qu'une partie du registre est dynamique et reconstruite à chaque démarrage.
Où le gestionnaire de configuration note-t-il le chemin de chaque ruche chargée ?;Sous HKLM\SYSTEM\CurrentControlSet\Control\Hivelist;Dans Ntuser.dat;Dans HKEY_CLASSES_ROOT;Dans le fichier Boot.ini;2;Le gestionnaire de configuration note le chemin de chaque ruche dans des valeurs sous HKLM\SYSTEM\CurrentControlSet\Control\Hivelist et le supprime quand la ruche est déchargée.
Qu'est-ce qu'une ruche volatile ?;Une ruche chiffrée sur le disque;Une ruche accessible uniquement en lecture;Une sauvegarde de la ruche SYSTEM;Une ruche temporaire sans fichier, créée en mémoire à chaque démarrage;5;Une ruche volatile n'a pas de fichier associé : elle est entièrement créée et gérée en mémoire et recréée à chaque démarrage, comme HKLM\HARDWARE qui stocke les informations sur les périphériques physiques redétectés à chaque démarrage.
À partir de quelle version le registre transactionnel (TxR) a-t-il été introduit ?;Windows Server 2003;Windows NT 4;Windows 2000;Windows Server 2008;5;Le registre transactionnel (TxR), qui s'appuie sur le Kernel Transaction Manager et les API RegCreateKeyTransacted, RegOpenKeyTransacted et RegDeleteKeyTransacted, a été introduit à partir de Windows Server 2008.
Comment fonctionne le mécanisme de callback du filtrage du registre ?;Les clés sont chiffrées à la volée;Le gestionnaire de configuration exécute la fonction de rappel du pilote avant et après les services du registre;Le registre est copié vers un fichier texte à chaque accès;Le pilote intercepte les paquets réseau;3;Avec le mécanisme de callback, le gestionnaire de configuration exécute la fonction de rappel enregistrée par le pilote avant et après l'exécution des services du registre, ce qui donne au pilote une visibilité et un contrôle complets (utilisé par Process Monitor et les antivirus).
À quoi sert la notion de profondeur dans le filtrage du registre ?;À chiffrer les descripteurs de sécurité;À rendre déterministe l'ordre d'appel des routines de rappel des différents fournisseurs;À mesurer la taille des ruches;À limiter le nombre de sous-clés;3;Les profondeurs permettent aux différents fournisseurs d'enregistrer un niveau dans la pile de filtrage, pour que l'ordre d'appel des routines de rappel soit déterministe, par exemple qu'un produit de chiffrement déchiffre une clé avant qu'un antivirus ne l'analyse.
Comment le gestionnaire de configuration optimise-t-il les descripteurs de sécurité d'une ruche ?;Il partage un descripteur existant, avec au plus un exemplaire de chaque descripteur unique par ruche;Il stocke un descripteur complet pour chaque clé;Il supprime tous les descripteurs;Il chiffre chaque descripteur;2;Comme les mêmes paramètres de sécurité s'appliquent souvent à des sous-arbres entiers, le gestionnaire de configuration partage un descripteur de sécurité existant : il n'y a au plus qu'un exemplaire de chaque descripteur unique par ruche.
Comment le registre stocke-t-il un nom de clé ne contenant que des caractères ASCII ?;En ASCII dans la ruche, converti en Unicode en mémoire à la lecture;Chiffré en Base64;En Unicode uniquement;En double, ASCII et Unicode;2;Bien que le registre soit entièrement compatible Unicode, si un nom ne contient que des caractères ASCII, le gestionnaire de configuration le stocke en ASCII dans la ruche et le convertit en Unicode en mémoire lors de la lecture.
Quel est l'outil graphique principal de modification du registre sous Windows ?;inetmgr;Regini.exe;Reg.exe;Regedit.exe;5;Windows fournit Regedit.exe comme outil graphique principal, Reg.exe (ligne de commande) importe, exporte, sauvegarde, restaure, compare, modifie et supprime des clés, Regini.exe importe des données depuis des fichiers texte.
Que permet l'outil en ligne de commande Reg.exe ?;Défragmenter les ruches;Chiffrer le registre;Uniquement afficher le registre;Importer, exporter, sauvegarder, restaurer, comparer, modifier et supprimer des clés et valeurs;5;Reg.exe permet d'importer, d'exporter, de sauvegarder et de restaurer des clés, ainsi que de comparer, modifier et supprimer des clés et des valeurs.
À quoi sert la fonction RegNotifyChangeKey ?;À convertir un nom ASCII en Unicode;À supprimer une clé de façon transactionnelle;À exporter une ruche;À mettre un thread en veille jusqu'à un changement dans la région du registre surveillée;5;RegNotifyChangeKey met un thread en veille jusqu'à ce qu'un changement se produise dans la région du registre qu'il surveille, méthode que les applications devraient utiliser plutôt que de scruter en boucle.
Quel est l'outil principal de l'administrateur d'un serveur Windows Server 2008 ?;Le Gestionnaire des tâches;Le Gestionnaire de serveur;L'invite de commande;L'Observateur d'événements;3;Le Gestionnaire de serveur est l'outil local principal qui centralise toutes les tâches de gestion et de configuration du serveur (rôles, fonctionnalités, événements, stockage, pare-feu, dépannage...).
Qu'est-ce qu'un service de rôle sous Windows Server 2008 ?;Un composant enfichable MMC;Une fonctionnalité installée par défaut;Un sous-ensemble d'un rôle donné;Un rôle complet à lui seul;4;Un service de rôle est un sous-ensemble d'un rôle, un rôle peut fonctionner dès que plusieurs de ses services de rôle sont activés.
Combien de fonctionnalités sont définies par défaut sous Windows Server 2008 et combien sont installées à l'installation du système ?;41 définies, toutes installées;10 définies, 10 installées;35 définies, aucune installée;35 définies, 35 installées;4;Windows Server 2008 définit 35 fonctionnalités (41 sous R2), mais aucune n'est installée lors de l'installation du système d'exploitation.
Quelle est l'extension d'un fichier de console MMC ?;.rdp;.exe;.msi;.msc;5;L'extension des composants logiciels enfichables et des fichiers de console MMC est .msc.
Quel est le mode par défaut d'une console MMC ?;Le mode lecture seule;Le mode Auteur, sans restriction;Le mode Utilisateur avec accès total;Le mode Utilisateur avec fenêtre unique;3;Le mode Auteur est le mode par défaut et ne présente aucune restriction, le mode Utilisateur sert à restreindre les actions, notamment pour la délégation.
Quelle fonctionnalité RSAT remplace-t-elle des versions précédentes de Windows ?;La console MMC;Ntbackup.exe;L'adminpak;Le Gestionnaire de serveur;4;Les outils d'administration de serveur distant (RSAT) sont des composants enfichables pour la gestion à distance de Windows Server 2008 et remplacent l'adminpak des versions précédentes.
Combien d'administrateurs peuvent se connecter simultanément en administration à distance sans licence supplémentaire ?;Dix;Un;Deux;Cinq;4;L'administration à distance (version Terminal Server réservée à l'administration) autorise la connexion simultanée de deux administrateurs sans licences supplémentaires, chacun ayant accès à tout le serveur.
Dans quel cas ocsetup et pkgmgr sont-ils les seuls moyens d'installer des rôles et fonctionnalités ?;Sous un Server Core;Sur un portable;En cluster;Sur un contrôleur de domaine;2;ocsetup et pkgmgr sont plus difficiles à mettre en œuvre que le Gestionnaire de serveur, mais restent les seuls moyens d'installer des rôles et fonctionnalités sous une installation Server Core.
Quelle est la relation entre WinRS et WinRM ?;WinRS exécute des commandes sur un ordinateur distant où WinRM est activé;WinRS chiffre, WinRM déchiffre;WinRM exécute des commandes là où WinRS est activé;Ce sont deux noms du même outil;2;WinRM (Windows Remote Management) est le service à activer sur l'ordinateur distant, et WinRS (Windows Remote Shell) permet d'y exécuter des commandes, par défaut les messages sont chiffrés avec des clés Kerberos ou NTLM.
Quelle fonction de sauvegarde a été supprimée dans Windows Server 2008 ?;vssadmin;Ntbackup.exe;secedit.exe;Wbadmin;3;La fonctionnalité de sauvegarde a été mise à jour dans Windows Server 2008 et la fonction Ntbackup.exe a été supprimée, au profit de la console MMC, de Wbadmin et des commandes PowerShell.
Quel système de fichiers faut-il utiliser pour les partitions d'un serveur sécurisé ?;FAT;FAT32;NTFS, dès l'installation;exFAT;4;Pour la sécurité locale des données, il ne faut formater aucune partition en FAT ou FAT32 : le système de fichiers à utiliser est NTFS, et il faut toujours formater en NTFS lors de l'installation.
Que ne fait pas la conversion d'une partition FAT32 en NTFS par convert, contrairement à un formatage NTFS d'origine ?;Elle n'active pas le journal;Elle ne permet pas les noms longs;Elle ne crée pas de MFT;Elle n'applique pas automatiquement les ACL sur les fichiers;5;Convertir une partition avec convert <unité> /fs:ntfs ne donne pas le même résultat qu'un formatage NTFS à l'installation : les ACL ne sont pas appliquées automatiquement sur les fichiers lors d'une conversion a posteriori.
Quelle longueur minimale l'ANSSI recommande-t-elle pour un mot de passe d'administrateur ?;8 caractères;20 caractères;6 caractères;12 caractères, si possible 16;5;L'ANSSI recommande des mots de passe de 12 caractères minimum, si possible 16, avec des caractères de types différents, sans lien avec soi et changés régulièrement.
Quelle est la conséquence de l'installation avec l'option Core de Windows Server 2008 ?;La sécurité est réduite;Le serveur ne peut pas rejoindre un domaine;Tous les rôles sont préinstallés;L'administration locale se fait uniquement en ligne de commande (ni framework ni bureau);5;L'option Core n'installe que les éléments et packages fondamentaux : ni le framework ni le bureau, ce qui limite les attaques potentielles mais impose une administration locale uniquement en ligne de commande.
Quelle procédure sécurise le compte administrateur intégré ?;Le partager entre tous les administrateurs;Le renommer, créer un leurre « administrateur » sans privilège audité, puis désactiver le vrai compte;Lui donner un mot de passe vide;Supprimer purement et simplement le compte;3;Pour sécuriser le compte administrateur, on le renomme par un nom non évocateur, on crée un compte « administrateur » sans privilège avec un audit des ouvertures de session, puis on désactive le véritable compte administrateur.
Quelle valeur de registre désactive la création des partages administratifs ?;winreg à 0;AutoShareServer à 1;Hidden à 1;AutoShareServer à 0;5;Positionner la valeur AutoShareServer (REG_DWORD) à 0 sous ...\Services\lanmanserver\parameters désactive la création des partages administratifs pour une sécurité maximale.
Quelle valeur de registre masque un contrôleur de domaine du Voisinage réseau ?;winreg à 1;Hidden à 0;AutoShareServer à 0;Hidden à 1;5;Ajouter la valeur Hidden (REG_DWORD) à 1 sous ...\Services\LanmanServer\Parameters masque la présence du contrôleur de domaine, solution réservée aux environnements hautement sécurisés.
Quand Microsoft publie-t-il généralement ses mises à jour importantes ?;Une fois par trimestre;Le premier lundi du mois;Le deuxième ou le quatrième mardi du mois;Chaque vendredi;4;Microsoft publie en général ses mises à jour importantes le deuxième ou le quatrième mardi du mois, il est recommandé de vérifier les mises à jour une fois par semaine.
Quel est l'équivalent en ligne de commande du composant « Configuration et analyse de la sécurité » ?;perfmon;wbadmin;secedit.exe;vssadmin;4;Le composant enfichable « Configuration et analyse de la sécurité » (accessible uniquement via une console MMC personnalisée) possède une version en ligne de commande : secedit.exe.
Pourquoi paramétrer la suppression du fichier pagefile.sys à l'arrêt de la machine ?;Pour désactiver la mémoire virtuelle;Pour empêcher l'extraction d'informations depuis le fichier de pagination;Pour libérer de l'espace disque en permanence;Pour accélérer l'arrêt;3;Supprimer pagefile.sys à l'arrêt (via l'Éditeur de Stratégie Locale, non actif par défaut) empêche une personne malveillante d'extraire des informations du fichier de pagination, au prix d'un temps d'arrêt plus long.
Sur quoi BitLocker s'appuie-t-il pour assurer l'intégrité des composants de démarrage ?;Le registre;L'agent de stratégie IPSec;Le fichier journal NTFS;Le module de plateforme sécurisée (TPM);5;BitLocker, mécanisme de chiffrement de disque, utilise le module de plateforme sécurisée (TPM) et aide à assurer l'intégrité des composants de démarrage, son activation peut impacter les performances du serveur.
Depuis quelle version EFS est-il implémenté et que requiert-il ?;Depuis Windows NT 4, sur FAT32;Depuis Windows 2000, il requiert des partitions NTFS v.5 ou ultérieur;Depuis Windows 95, sur NTFS v.3;Depuis Windows Server 2008, sur exFAT;3;Le système de chiffrement de fichiers EFS est implémenté depuis Windows 2000 et requiert des partitions NTFS v.5 ou ultérieur, il est transparent pour l'utilisateur.
Quel type d'algorithme EFS utilise-t-il pour encoder les clés de cryptage des fichiers ?;Une simple compression;Un algorithme asymétrique (clé privée / clé publique);Un hachage SHA-1;Un algorithme symétrique uniquement;3;EFS utilise un algorithme de cryptage asymétrique (clé privée / clé publique) pour encoder les clés de cryptage symétriques qui servent à chiffrer les fichiers.
Quel est le niveau de cryptage EFS par défaut, et le maximum possible ?;64 bits par défaut, jusqu'à 192 bits;40 bits par défaut, jusqu'à 128 bits;56 bits par défaut, jusqu'à 128 bits;128 bits par défaut, jusqu'à 256 bits;4;Le cryptage EFS est par défaut sur 56 bits, dans les états l'autorisant, il est possible de le pousser à 128 bits, sachant qu'un fichier compressé n'est pas chiffré et inversement.
Dans quel processus s'exécute l'agent de stratégie IPSec de Windows Server 2008 ?;lsass.exe;services.exe;svchost.exe;winlogon.exe;2;L'agent de stratégie IPSec est un service qui tourne dans le processus lsass.exe, visible dans le composant MMC Services, il récupère la stratégie IPSec dans Active Directory ou dans le registre local.
Comment cache-t-on un partage aux ressources du réseau ?;En désactivant le service Serveur;En le déplaçant dans %windir%;En le renommant en majuscules;En ajoutant le signe $ à la fin du nom de partage;5;On masque un partage aux ressources du réseau en ajoutant le signe $ à la fin de son nom, l'accès se fait par la syntaxe \\NomDuServeur\NomDuPartage.
Quelles sont les autorisations de partage sous Windows Server 2008 ?;Propriétaire, Groupe, Autres;Complet, Partiel, Aucun;Lecture, Écriture, Exécution;Contrôle Total, Modifier, Lire;5;Les autorisations de partage, attribuées au point de partage et analogues aux permissions NTFS, sont Contrôle Total, Modifier et Lire (en autorisation ou en refus).
Pour quelle granularité l'activation des clichés instantanés est-elle possible ?;Pour un fichier unique;Pour un volume entier;Pour une partition FAT32;Pour un dossier partagé isolé;3;L'activation des clichés instantanés n'est possible que pour un volume entier, ils permettent de récupérer un fichier supprimé ou écrasé et ne remplacent pas les sauvegardes régulières (commande vssadmin ou boîte de dialogue dédiée).
À quels systèmes de fichiers les quotas de disque s'appliquent-ils, et à quelle granularité ?;Aux dossiers d'un volume FAT32;À chaque fichier individuellement;Uniquement aux disques physiques;Aux volumes NTFS, le quota s'appliquant à tout le volume;5;Les quotas de disque ne s'appliquent qu'aux volumes NTFS et pas aux structures de dossiers : le quota d'un volume s'applique collectivement à tous ses dossiers, et globalement même si le volume s'étend sur plusieurs disques physiques.
Quelle est la taille maximale par défaut d'un journal de l'Observateur d'événements ?;64 Ko;512 Ko;10 Mo;1 Go;3;Par défaut, la taille maximale d'un journal de l'Observateur d'événements est de 512 Ko, avec trois options en cas de dépassement : remplacer les événements, remplacer seulement les plus anciens, ou ne pas remplacer.
Comment lance-t-on le Moniteur de ressources en ligne de commande ?;perfmon /res;taskmgr /res;msconfig /res;resmon /start;2;Le Moniteur de ressources, qui visualise en temps réel le processeur, les disques, le réseau et la mémoire, se lance en ligne de commande avec perfmon /res.
Quels formats l'Analyseur de performances propose-t-il pour l'export des compteurs ?;XML ou JSON;HTML ou TSV;CSV ou XLS;PDF ou DOCX;3;L'affichage des compteurs du moniteur système peut être enregistré au format HTML ou au format TSV.
Que peut traduire une activité élevée du disque dur lors de l'analyse des performances ?;Une fragmentation, un transfert trop long, ou un manque de mémoire vive provoquant une pagination excessive;Un pare-feu mal configuré;Uniquement un disque défaillant;Un problème de carte réseau;2;Une activité élevée du disque dur peut traduire un problème de fragmentation ou de temps de transfert trop long, mais aussi un manque de mémoire vive qui oblige le système à une pagination excessive.
Quels sont les quatre types de collecteurs de données du moniteur de fiabilité et de performances ?;Personnalisés, système, sessions de suivi d'événements, sessions de traces Startup;Processeur, disque, mémoire, réseau;Manuels, automatiques, planifiés, différés;Local, distant, cloud, hybride;2;Il existe quatre types de collecteurs : personnalisés (configurables), système (prédéfinis non modifiables), sessions de suivi d'événements, et sessions de traces d'événements Startup (au démarrage).
Quelles combinaisons de touches lancent le Gestionnaire des tâches ?;Ctrl+Alt+Suppr ou Ctrl+Maj+Échap;Windows+R;Ctrl+Alt+F4;Alt+Tab;2;Le Gestionnaire des tâches se lance avec Ctrl+Alt+Suppr ou Ctrl+Maj+Échap, il liste applications, processus, services, performances, charge réseau et utilisateurs connectés.
Où les agents SNMP remontent-ils leurs informations d'état ?;Dans des bases de données MIB, collectées par une station NMS;Dans le journal Sécurité;Dans le registre local;Dans un fichier .evt;2;Les agents SNMP situés sur les nœuds du réseau remontent des informations d'état dans des bases de données MIB (Management Information Base), collectées par une station de gestion NMS (Network Management Station).
Quelle est la communauté SNMP par défaut sous Windows Server 2008 ?;Publique;Localhost;Privée;Administrateur;2;Dans l'onglet Interruptions de la configuration de l'agent SNMP, la communauté par défaut à laquelle appartient l'hôte est « publique », SNMP est une fonctionnalité non installée par défaut.
De quelle initiative WMI est-il la mise en œuvre pour Windows ?;POSIX de l'IEEE;SNMP de l'IETF;LDAP de l'IETF;WBEM de la DMTF, étendant le modèle CIM;5;WMI (Windows Management Instrumentation) est la mise en œuvre pour Windows de l'initiative WBEM de la DMTF, qui étend le modèle de données CIM (Common Information Model).
Quel outil fournit une interface en ligne de commande pour l'infrastructure WMI ?;wmic.exe;secedit.exe;wbemtest.exe;wmimgmt.msc;2;WMI Commandline (wmic.exe) fournit une interface en ligne de commande pour WMI, wmimgmt.msc est la console MMC de configuration et wbemtest.exe l'outil graphique d'interaction.
Sur quel port la Passerelle des services Terminal Server transmet-elle le trafic RDP ?;Le port 3389;Le port 22;Le port 80;Le port 443, via un tunnel HTTPS TLS/SSL;5;La Passerelle des services Terminal Server encapsule RDP dans HTTPS et transmet le trafic vers le port 443 (tunnel TLS/SSL), au lieu du port 3389 habituellement bloqué, permettant l'accès aux ressources internes sans VPN.
Que fait TS Session Broker quand un utilisateur ayant une session existante se reconnecte à une batterie de serveurs ?;Il ferme la session existante;Il refuse la connexion;Il démarre une nouvelle session sur le serveur le moins chargé;Il le redirige vers le serveur qui héberge déjà sa session;5;TS Session Broker suit les sessions de la batterie et redirige un utilisateur ayant une session existante vers le serveur Terminal Server qui l'héberge, évitant l'ouverture d'une nouvelle session ailleurs.
Combien de connexions simultanées le Bureau à distance prend-il en charge, et quelles licences exige-t-il ?;Cinq connexions, avec licences;Illimité, sans licence;Deux connexions, sans licence d'accès client Terminal Server;Une connexion, avec licence;4;Le Bureau à distance prend en charge deux connexions à distance simultanées vers l'ordinateur, sans licence d'accès client des services Terminal Server, il est installé par défaut sous Windows Server 2008.
Comment un programme RemoteApp apparaît-il à l'utilisateur ?;Intégré au Bureau du client, dans sa propre fenêtre avec sa propre entrée dans la barre des tâches;Dans une fenêtre non redimensionnable;Uniquement dans un navigateur web;En plein écran sur le Bureau du serveur distant;2;Un programme RemoteApp se comporte comme s'il était exécuté localement : il est intégré au Bureau du client, dans sa propre fenêtre redimensionnable avec sa propre entrée dans la barre des tâches, plusieurs RemoteApp d'un même serveur partagent la même session.
Que désigne le mot Internet au sens strict ?;L'infrastructure de câblage sous-marin;Un réseau de réseaux (inter-réseau) reliant des ordinateurs de types différents via des protocoles normalisés;Un unique réseau local d'entreprise;Le seul World Wide Web;3;Internet est un réseau de réseaux (de l'anglais internetwork) permettant à des ordinateurs de types différents de communiquer de façon transparente grâce à des protocoles normalisés d'échange de données.
Quel réseau est considéré comme l'ancêtre d'Internet ?;ARPANET, qui reliait les sites informatiques militaires des États-Unis;Le réseau Minitel;Le réseau Transpac;Le réseau Ethernet;2;ARPANET, qui reliait entre eux les sites informatiques militaires des États-Unis, est l'ancêtre d'Internet.
En quel mode le courrier électronique pousse-t-il l'information vers l'utilisateur ?;En mode peer-to-peer;En mode broadcast permanent;En mode push, de façon asynchrone;En mode pop, de façon synchrone;4;Le courrier électronique est un service asynchrone d'échange de messages en mode push, c'est-à-dire où l'information est poussée vers l'utilisateur, contrairement aux forums qui fonctionnent en mode pop.
Quel protocole assure les flux temps réel sur Internet ?;RTP;HTML;SMTP;PGP;2;RTP assure les flux temps réel, TCP/IP la transmission des informations, HTML et HTTP le web, SMTP/POP3/IMAP le courrier et PGP/RSA/SSL la sécurisation.
Sur quelle topologie Internet reposait-il au départ ?;Une topologie en étoile centralisée;Un réseau maillé où il existe toujours une route vers la destination;Une topologie en anneau;Une topologie en bus;3;Internet reposait au départ sur un réseau maillé où tous les routeurs sont interconnectés aux routeurs les plus proches et où il existe toujours une route possible pour arriver à destination.
Qu'est-ce qu'un intranet ?;Un accès sécurisé ouvert aux clients et fournisseurs;Le câblage physique d'une entreprise;Un fournisseur d'accès Internet;Un ensemble de services Internet internes à un réseau local, invisibles de l'extérieur;5;Un intranet est un ensemble de services Internet (serveur web...) internes à un réseau local, accessibles uniquement depuis ces postes et invisibles de l'extérieur, appliquant les standards client-serveur TCP/IP au SI d'une organisation.
Un intranet est-il un Internet local ou un réseau local ?;C'est un réseau étendu WAN;C'est simplement un réseau local Ethernet;C'est exactement un Internet local;Ni l'un ni l'autre : c'est l'application des solutions d'Internet au SI de l'entreprise;5;Un intranet n'est pas strictement un Internet local ni un réseau local : il consiste à appliquer les solutions et la philosophie du web au système d'information de l'entreprise.
Lequel est un principe fondateur de l'intranet ?;L'accès réservé aux serveurs, sans poste client;Un logiciel client spécifique par application;L'usage exclusif de protocoles propriétaires;L'accès égal pour tous, un même média pour tous;5;Parmi les principes fondateurs de l'intranet figurent les protocoles standards TCP/IP, HTML pour les écrans, HTTP comme interface universelle, l'accès depuis un simple PC et l'accès égal pour tous.
Dans le modèle organisationnel hiérarchique d'un intranet, qui contrôle les documents ?;Chaque service, par contribution volontaire;Les utilisateurs finaux directement;La direction, un administrateur-concepteur unique gérant l'ensemble;Plusieurs serveurs autonomes coopérant;4;L'organisation hiérarchique d'un intranet ne fait circuler que des documents vérifiés par la direction, avec un administrateur-concepteur unique : facile à gérer et sûr, mais réducteur.
Sur combien de niveaux repose généralement l'architecture d'un intranet ?;Deux : client et serveur;Quatre : client, proxy, firewall, serveur;Un seul : le serveur web;Trois : clients, serveurs d'application (middleware), serveur de bases de données;5;Un intranet repose généralement sur une architecture à trois niveaux : les clients (navigateur), un ou plusieurs serveurs d'application (middleware traduisant les scripts en requêtes SQL) et un serveur de bases de données.
Comment s'appelle l'intranet ministériel du MINEFI ?;Ulysse;Alizé;Chorus;Geci;3;L'intranet ministériel du MINEFI s'appelle Alizé, Chorus, Ulysse (DGFIP) et Geci (DGCCRF) sont des sites intranets métiers ou directionnels accessibles depuis Alizé.
Qu'est-ce qu'un extranet ?;Un réseau public sans authentification;Le backbone d'un opérateur;L'ouverture sécurisée d'une partie de l'intranet vers des personnes autorisées non salariées;Un intranet totalement fermé;4;L'extranet correspond à l'ouverture sécurisée d'une partie de l'intranet de l'entreprise vers des personnes autorisées et référencées (clients, fournisseurs) qui ne font pas partie de son personnel.
De quel besoin l'extranet est-il né ?;Supprimer les serveurs web;Remplacer le courrier électronique;Accéder à un réseau fermé de type intranet à partir d'un réseau ouvert de type Internet;Créer un réseau local sans câblage;4;L'extranet est né du besoin d'avoir accès à un réseau fermé de type intranet, à partir d'un réseau ouvert de type Internet, afin d'atteindre un espace professionnel virtuel.
Quelle relation les places de marché électronique couvrent-elles ?;La relation entre professionnels (BtoB);La relation entre particuliers uniquement;La relation entre administrations;La relation avec le consommateur (BtoC);2;Les places de marché électronique couvrent la relation entre professionnels (BtoB, Business to Business), alors que le commerce électronique s'intéresse à la relation avec le consommateur (BtoC).
Qui gère le nommage Internet en France ?;L'AFNIC;L'ARCEP;L'ANSSI;L'AFNOR;2;En France, le nommage Internet est géré par l'AFNIC (Association Française pour le Nommage Internet en Coopération), le DNS ayant été mis en place en 1984 et étant géré au niveau mondial par le Network Information Center.
Quelle information une résolution DNS inverse fournit-elle ?;L'adresse du relais de messagerie;Le nom d'hôte en fonction d'une adresse IP connue;La route par défaut;L'adresse IP en fonction d'un nom;3;La résolution inverse fournit le nom en fonction de l'adresse IP, tandis que la requête directe fournit l'adresse IP en fonction du nom logique et le champ MX donne l'adresse de relais de messagerie.
Quelles sont les propriétés du système DNS ?;Hiérarchique, redondant, distribué et dynamique;Propriétaire et fermé;Centralisé et statique;Plat et non redondant;2;Le DNS s'appuie sur un système hiérarchique, redondant et distribué, chaque site étant maître de ses données, et il est dynamique avec mise à jour automatique.
Que permet un VPN (Réseau Privé Virtuel) ?;Relier deux réseaux distants à travers Internet comme s'ils étaient connectés directement;Remplacer le serveur DNS;Héberger un site web public;Accélérer le trafic local;2;Le VPN permet de relier deux réseaux distants à travers Internet et de les faire communiquer comme s'ils étaient connectés directement, avec segmentation des flux et souvent chiffrement.
À quels niveaux un tunnel VPN peut-il être créé ?;Uniquement au niveau session;Uniquement au niveau liaison;Aux niveaux réseau, transport ou application;Uniquement au niveau physique;4;Le tunnel VPN peut être créé au niveau réseau (logiciel au-dessus du support qui chiffre les paquets), au niveau transport (programmes qui chiffrent la communication à la volée) ou au niveau application (l'application protège elle-même ses communications).
Qu'est-ce qu'un proxy ?;Un service mandataire qui sert d'intermédiaire entre le client et le serveur;Un routeur de cœur de réseau;Un pare-feu personnel;Un serveur DNS secondaire;2;Un proxy est un service mandataire pour une application : il relaie la requête du client vers le serveur et renvoie ensuite la réponse au client, le serveur ne joignant jamais le client directement.
Quel est un objectif d'un serveur proxy ?;Chiffrer systématiquement tout le trafic;Mettre les données en cache pour économiser la bande passante et rendre les clients invisibles;Supprimer le besoin de firewall;Augmenter le nombre d'adresses IP publiques des postes;3;Le proxy met en place une rupture de flux, met les données en cache (économie de bande passante), applique des ACL sur les sites accédés, évite le routage des postes sur Internet et fait voir les clients avec une seule adresse IP, la sienne.
Comment un firewall « stateful » se distingue-t-il d'un firewall « stateless » ?;Il prend en compte la validité des paquets par rapport aux paquets précédents et garde les attributs de connexion en mémoire;Il ne contrôle aucun paquet;Il ne s'appuie sur aucune règle;Il ne fonctionne qu'en couche 7;2;Le firewall à état (stateful inspection) mémorise les attributs de chaque connexion du début à la fin et vérifie la validité des paquets par rapport aux précédents, alors que le firewall sans état contrôle chaque paquet indépendamment via des ACL.
Sur quelle couche OSI un firewall applicatif fonctionne-t-il ?;La couche 3;La couche 2;La couche 4;La couche 7;5;Un firewall applicatif (pare-feu proxy ou passerelle applicative) fonctionne sur la couche 7 du modèle OSI et dispose d'un module spécifique par protocole (par exemple un proxy HTTP filtre le protocole HTTP).
À quoi sert la zone démilitarisée (DMZ) dans une architecture d'entreprise ?;À accélérer l'accès Internet des postes;À héberger la base de données interne;À isoler les serveurs exposés à Internet du réseau local sécurisé par une double protection de coupe-feux;À remplacer le VPN;4;La DMZ isole les serveurs exposés (commerce électronique, messagerie ouverte) du réseau local sécurisé, avec une double protection matérielle et/ou logicielle sous forme de coupe-feux, le routeur d'entrée pouvant être filtrant de niveau 3.
Quelle est la caractéristique d'une norme « de jure » ?;Elle n'a aucune valeur internationale;Elle est établie par un organisme légalement constitué et mandaté, comme l'ISO;Elle provient d'un consortium de vendeurs;Elle est imposée par un seul constructeur;3;Une norme de jure (formelle) est établie par un organisme légalement constitué et mandaté pour développer des normes, comme l'ISO au niveau international ou l'AFNOR en France, une norme de facto est élaborée par une autre entité et n'a pas de valeur internationale.
À quel niveau du modèle OSI un routeur agit-il ?;Au niveau 4 (transport);Au niveau 2 (liaison);Au niveau 7 (application);Au niveau 3 (réseau);5;Le routeur agit au niveau 3 du modèle OSI : il consulte sa table de routage en utilisant l'adresse de destination contenue dans l'en-tête du datagramme pour déterminer l'interface de sortie.
Qu'est-ce que le routage direct ?;La délivrance du datagramme sur le réseau physique auquel le routeur est connecté;L'envoi du datagramme au serveur DNS;Le rejet du datagramme;L'acheminement du datagramme vers un autre routeur;2;En routage direct, le routeur délivre le datagramme sur le réseau physique auquel il est connecté, en routage indirect, il l'achemine vers un autre routeur qu'il doit identifier.
Comment est définie une route par défaut ?;Manuellement, comme chemin à emprunter quand aucune autre route vers la destination n'est connue;Par le serveur DHCP uniquement;Automatiquement par échange entre routeurs;Manuellement, comme seul chemin possible vers une destination;2;La route par défaut est définie manuellement par l'administrateur comme chemin à emprunter quand aucune autre route vers la destination n'est connue, la route statique est le seul chemin possible et la route dynamique est apprise des autres routeurs.
Sur quoi le routage IP est-il uniquement basé ?;Sur le numéro de port;Sur la taille du datagramme;Sur l'adresse du destinataire;Sur l'adresse de la source;4;Le routage IP est basé uniquement sur l'adresse du destinataire, comparée à la partie adresse réseau des entrées de la table de routage.
Que contient chaque entrée d'une table de routage IP ?;Un quadruplet (IP source, port, IP destination, port);Une paire (adresse réseau, adresse routeur suivant);Le nom d'hôte et son alias;Une paire (adresse MAC, port);3;Chaque entrée de la table de routage contient une paire (adresse réseau de destination, adresse du routeur suivant vers lequel envoyer les datagrammes destinés à ce réseau).
Qu'est-ce qu'un Système Autonome (SA) ?;Un protocole de routage;Un ensemble de réseaux et routeurs sous le contrôle d'une même autorité administrative;Le réseau mondial dans son ensemble;Un routeur unique très puissant;3;Un Système Autonome est un ensemble de réseaux et de leurs routeurs sous le contrôle d'une même autorité administrative, qui décide notamment du protocole de routage utilisé.
Quel organisme attribue les adresses IP et les numéros de SA pour l'Europe ?;Le RIPE-NCC;L'ICANN;L'IETF;L'AFNIC;2;Le RIPE-NCC est le Regional Internet Registry (RIR) pour la zone Europe, l'IANA alloue au niveau mondial des plages de numéros de SA aux différents RIR.
Sur combien de bits un numéro de Système Autonome (ASN) est-il aujourd'hui codé ?;64 bits;16 bits;8 bits;32 bits;5;L'ASN (Autonomous System Number) est aujourd'hui codé sur 32 bits, alors qu'il l'était anciennement sur 16 bits.
Quel type de protocole de routage BGPv4 est-il ?;Un protocole de routage externe (EGP), utilisé d'un SA à un autre;Un protocole de transport;Un protocole de routage interne (IGP);Un protocole de résolution de noms;2;BGPv4 (Border Gateway Protocol) est quasiment le seul protocole de routage externe (EGP) utilisé actuellement, il supporte de gros volumes de données et utilise l'agrégation des routes.
Sur quel critère l'algorithme Vector-Distance (RIP) détermine-t-il le meilleur chemin ?;Le délai en millisecondes;Le coût financier de la liaison;La bande passante disponible;Le nombre de nœuds traversés (16 maximum);5;RIP détermine le chemin le plus court en nombre de nœuds (sauts) traversés, avec un maximum de 16, chaque routeur diffuse à ses voisins la liste des réseaux atteignables, le nombre de sauts et l'adresse du routeur à utiliser.
Quel est un inconvénient de RIP dans un grand réseau ?;Une incapacité à fonctionner sur Unix;Une consommation mémoire nulle;Un temps de convergence long, car le calcul des routes est réparti entre tous les routeurs;L'absence de diffusion aux voisins;4;Dans un réseau de grande dimension, le temps de convergence de RIP peut être long car le calcul des routes est réparti entre tous les routeurs, et le volume d'informations échangées est proportionnel au nombre de réseaux.
Quel algorithme l'approche Link-State (OSPF) utilise-t-elle pour calculer les plus courts chemins ?;L'algorithme de Dijkstra;L'algorithme de Kruskal;L'algorithme de Bellman-Ford;L'algorithme du plus grand saut;2;L'approche Link-State (Shortest Path First) fait construire à chaque routeur une carte topologique complète du réseau, puis calcule les routes de plus court chemin avec l'algorithme de Dijkstra.
Quel est un avantage de l'algorithme Link-State par rapport à Vector-Distance ?;Il ne nécessite aucune diffusion;Le calcul est plus simple;Le volume des informations échangées ne dépend pas du nombre de réseaux;Il tolère jusqu'à 255 sauts;4;Avec Link-State, chaque routeur calcule la carte du réseau localement et indépendamment, et le volume des informations échangées ne dépend pas du nombre de réseaux, les messages d'état ne portant que sur des liens directement accessibles.
Les protocoles RIP et OSPF réalisent-ils le routage des datagrammes ?;Non, ils ne font que mettre à jour les tables de routage, le routage étant réalisé par IP;Oui, ils acheminent eux-mêmes chaque datagramme;Non, ils ne servent qu'au chiffrement;Oui, mais seulement pour les paquets UDP;2;RIP et OSPF sont appelés protocoles de routage mais ne réalisent pas le routage des datagrammes : ils mettent à jour les tables de routage, le routage étant réalisé par IP.
Pour quelle raison utilise-t-on le mécanisme NAT ?;Pour supprimer les tables de routage;Pour remplacer le protocole IP;Pour accélérer le calcul des routes;Pour connecter à Internet des machines qui n'ont pas d'adresses IP globales uniques;5;Le NAT sert notamment à connecter à Internet des machines sans adresses IP globales uniques, à éviter de renuméroter le réseau, à faire une distribution de charge sommaire et à améliorer la sécurité.
Que représente l'AGI dans le mécanisme NAT ?;L'adresse privée réelle de la machine;L'adresse du serveur DNS;L'adresse d'une machine interne telle qu'elle apparaît à l'extérieur;Le numéro de port source;4;L'AGI (adresse IP globale interne) est l'adresse d'une machine interne telle qu'elle apparaît à l'extérieur, associée dans la table à son ALI (adresse IP locale interne, l'adresse privée).
Dans une traduction NAT dynamique, comment l'AGI est-elle choisie ?;Elle est identique à l'ALI;Dans un pool parcouru dans l'ordre croissant jusqu'à trouver une adresse libre;Elle est fixée définitivement pour chaque machine;Elle est fournie par le serveur DNS;3;En traduction dynamique, l'ALI est associée à une AGI prise dans un pool parcouru dans le sens croissant jusqu'à trouver une adresse libre, l'entrée étant assortie d'un timeout.
Qu'ajoute le PAT (Port Address Translation) à la traduction NAT ?;L'attribution d'une AGI par machine;La traduction du port source, la table devenant des quadruplets;La suppression de la table de traduction;Le chiffrement des données;3;Le PAT traduit non seulement l'ALI mais aussi le port source : la table reflète des quadruplets (@IP locale interne, port 1, @IP globale interne, port 2), et environ 4000 ALI peuvent partager une même AGI.
Dans quel cas le NAT fonctionne-t-il en overlapping ?;Quand le pool d'AGI est épuisé;Quand IPsec est activé;Quand deux routeurs ont la même adresse MAC;Quand un site utilise en interne une adresse déjà attribuée à un autre site sur Internet;5;Le fonctionnement en overlapping intervient quand un site utilise pour son adressage interne une adresse déjà attribuée ailleurs sur Internet, ce qui nécessite une table supplémentaire liant adresses locales externes (ALE) et adresses globales externes (AGE).
Comment le NAT doit-il être envisagé sur le long terme ?;Comme la solution définitive de l'adressage;Comme une solution à court terme, en attendant IPv6;Comme un protocole de routage interne;Comme un remplacement du DNS;3;La translation d'adresse est un outil adapté aux petits réseaux aux besoins limités et doit être envisagée uniquement comme une solution à court terme, en attendant IPv6 et ses adresses de 128 bits.
Pourquoi le protocole TFTP est-il non sûr ?;Il n'a aucune notion d'utilisateur ni de mot de passe et est bâti sur UDP;Il chiffre trop faiblement les données;Il ne fonctionne que sur le port console;Il n'accepte que les fichiers texte;2;TFTP (Trivial File Transfer Protocol) est bâti sur UDP et n'a aucune notion d'utilisateur ou de mot de passe : il est donc par définition non sûr.
Quel service de sécurité permet de masquer les adresses source et destination réelles des paquets IP ?;La protection contre l'analyse du trafic (chiffrement des en-têtes IP);Le contrôle d'accès à l'ouverture de connexion;La protection contre le rejeu;L'authentification de l'origine des données;2;En chiffrant les en-têtes des paquets IP, on masque les adresses source et destination réelles : on parle de protection partielle contre l'analyse du trafic, associée à la confidentialité des données.
En quoi consiste la protection contre le rejeu ?;Vérifier l'identité de l'expéditeur;Empêcher la lecture des données par un espion;Filtrer les paquets selon leur port;Détecter le renvoi d'un paquet valide intercepté précédemment sur le réseau;5;La protection contre le rejeu permet de détecter une tentative d'attaque consistant à envoyer de nouveau un paquet valide qui avait été intercepté précédemment sur le réseau.
Depuis quand et par qui la norme IPsec est-elle développée ?;Depuis 1992, par un groupe de travail de l'IETF;Depuis 2010, par l'IANA;Depuis 1985, par l'ANSI;Depuis 2000, par l'ISO;2;IPsec est une norme développée depuis 1992 par un groupe de travail du même nom à l'IETF (Internet Engineering Task Force), définissant une extension de sécurité pour IP.
Quelle extension IPsec assure l'authenticité sans chiffrement des données ?;TFTP;ESP (Encapsulating Security Payload);IKE;AH (Authentication Header);5;AH (Authentication Header) assure l'authenticité des datagrammes IP sans chiffrement (donc sans confidentialité), avec un champ de vérification et un numéro de séquence contre le rejeu, ESP assure d'abord la confidentialité.
Quel est le rôle premier de l'extension ESP d'IPsec ?;Assurer la confidentialité en chiffrant les données (et éventuellement l'en-tête original);Assurer uniquement l'authenticité;Attribuer les adresses IP;Négocier les algorithmes cryptographiques;2;ESP (Encapsulating Security Payload) a pour rôle premier d'assurer la confidentialité en générant un nouveau datagramme dont les données, et éventuellement l'en-tête original, sont chiffrées, il peut aussi assurer l'authenticité et la protection contre le rejeu.
Quel protocole permet de négocier en ligne les algorithmes cryptographiques d'IPsec ?;BGP;IGP;RIP;IKE;5;IPsec comporte une liste d'algorithmes dont l'utilisation est négociable en ligne par le biais du protocole IKE, la norme rendant certains algorithmes obligatoires pour l'interopérabilité.
Quelle est la différence entre le mode transport et le mode tunnel d'IPsec ?;Le mode transport chiffre tout, le mode tunnel rien;Il n'y a aucune différence;Le mode tunnel ne fonctionne que sur les postes clients;Le mode transport ne protège que le contenu du datagramme, le mode tunnel encapsule tout le datagramme y compris l'en-tête;5;Le mode transport protège uniquement le contenu du datagramme IP sans toucher à l'en-tête (équipements terminaux seulement), le mode tunnel encapsule chaque datagramme dans un nouveau, protégeant tous les champs y compris les en-têtes.
Quel organisme a normalisé MPLS ?;L'UIT-T;L'IETF;L'ISO;Le CNET;3;MPLS (MultiProtocol Label Switching) est un protocole normalisé par l'IETF, apparu au milieu des années 1990 pour simplifier le modèle IP over ATM dans les grands réseaux.
Sur combien de bits les labels MPLS sont-ils codés ?;32 bits;16 bits;8 bits;48 bits;2;Les labels MPLS sont des labels de 32 bits insérés entre les en-têtes de couche 2 et de couche 3.
Que combine la technologie MPLS ?;La résolution de noms et l'adressage;Le chiffrement et la compression;Le routage de niveau 2 et la commutation de niveau 4;La commutation de niveau 2 (rapidité) et le routage de niveau 3 (souplesse du choix de chemin);5;MPLS combine les mécanismes de la commutation de niveau 2 (ATM), rapide au passage des nœuds, et les fonctionnalités du routage de niveau 3 (IP), souples dans le choix du chemin.
Quel protocole de niveau supérieur MPLS prend-il en charge en pratique ?;Uniquement AppleTalk;Tous les protocoles réseau;Uniquement IPX;Seul le protocole IP;5;En théorie, l'indépendance de MPLS vis-à-vis du niveau supérieur permet de gérer tout protocole, mais actuellement seul le protocole IP est pris en charge.
Comment les données traversent-elles un réseau MPLS une fois le chemin établi ?;Uniquement par commutation de références, sans remonter à la couche 3;Par le protocole ARP;En diffusion vers tous les nœuds;Par un nouveau routage IP à chaque nœud;2;Une fois le routeur de sortie et le chemin déterminés par routage de niveau 3, les données sont transmises uniquement par commutation de références, les nœuds MPLS ne remontant pas jusqu'à la couche 3 pour commuter.
Quel équipement constitue le point d'entrée d'un réseau MPLS ?;Le LER (Label Edge Router);Le commutateur ATM;Le serveur DNS;Le LSR (Label Switched Router);2;Le LER (Label Edge Router) est le routeur de bordure au point d'entrée : il associe une référence et une interface de sortie au datagramme selon la destination et la QoS.
Quelle table de commutation un LSR consulte-t-il ?;La table de routage OSPF;La LIB (Label Information Base);La MFT;La table ARP;3;Le LSR (Label Switched Router) consulte sa table de commutation appelée LIB (Label Information Base) pour déterminer la nouvelle référence et l'interface de sortie, puis remplace l'ancienne référence par la nouvelle.
Comment s'appelle un chemin dans un réseau MPLS ?;Une FEC;Un backbone;Un VPI;Un LSP (Label Switching Path);5;Un chemin dans le réseau MPLS, déterminé par un enchaînement de LSR et une succession de références, est appelé LSP (Label Switching Path).
Une référence MPLS a-t-elle une signification globale sur tout le réseau ?;Non, elle n'a de signification que pour un LSR et ses voisins directs;Oui, mais seulement pour les LER;Non, elle change à chaque datagramme;Oui, elle est unique dans tout le réseau;2;Une référence MPLS n'a de signification que pour un LSR et les équipements auxquels il est directement connecté : le même numéro peut se retrouver sur deux LSR distincts ou sur deux interfaces d'un même LSR.
Un chemin MPLS est-il bidirectionnel ?;Oui, toujours le même dans les deux sens;Oui, mais seulement avec RSVP;Non, il est unidirectionnel et le retour peut emprunter un autre chemin;Non, il n'est pas orienté;4;Le chemin MPLS s'établit vers une destination sans tenir compte de l'expéditeur, il est donc unidirectionnel : le trafic de retour peut emprunter un chemin différent.
Qu'est-ce qu'une FEC (Forwarding Equivalency Class) ?;Un label de 32 bits;Une classe regroupant les flux ayant les mêmes propriétés (destinataire, classe de service), associée à un chemin;Une table de routage;Un type de commutateur ATM;3;Une FEC regroupe les différents flux qui ont les mêmes propriétés (même destinataire, même classe de service), c'est la FEC qui est associée à un chemin, et la granularité de la demande détermine le nombre de FEC.
Le chemin MPLS est-il recalculé pendant la traversée du réseau ?;Non, il est fixé à l'entrée et n'est pas recalculé ensuite;Oui, à chaque LSR;Oui, mais seulement en cas de panne;Non, il est recalculé toutes les secondes;2;Le chemin est fixé au moment d'entrer sur le réseau MPLS et n'est pas recalculé pendant la traversée, ce qui procure un gain de temps important au passage de chaque nœud.
Quels protocoles la seconde méthode d'établissement des chemins MPLS utilise-t-elle pour réserver des ressources ?;RSVP modifié ou CR-LDP;ARP ou ICMP;DHCP ou DNS;TFTP ou FTP;2;La seconde méthode, qui tient compte de la QoS et attribue les références par l'aval, utilise les protocoles RSVP modifié ou CR-LDP pour réserver des ressources sur un chemin.
Qu'est-ce que GMPLS (Generalized MPLS) ?;Une extension où la notion de référence couvre longueurs d'onde, tranches de temps, numéros de fibre;Le nom du cœur de réseau des opérateurs;Un protocole de messagerie;Une version simplifiée de MPLS sans labels;2;GMPLS étend la notion de référence à tout ce qui peut servir de référence (numéro de longueur d'onde sur fibre optique, tranche de temps en multiplexage temporel, numéro de fibre), mais reste peu utilisé hors fibres optiques.
Par qui et pour quel usage ATM a-t-il été créé ?;Par Xerox, dans les années 1970, pour Ethernet;Par le CNET en France, au début des années 1980, pour les réseaux étendus;Par l'IEEE, pour le Wi-Fi;Par l'IETF, dans les années 1990, pour les réseaux locaux;3;ATM (Asynchronous Transfer Mode) a été créé au début des années 1980 en France par le CNET, à destination des réseaux étendus, c'est une norme adoptée en 1989 par l'UIT-T pour les réseaux longue distance.
Quel mode de fonctionnement ATM utilise-t-il ?;Le mode diffusion permanente;Le mode non connecté, comme Ethernet;Le mode connecté, avec commutation de cellules sur circuit virtuel point à point;Le mode half-duplex uniquement;4;ATM utilise la commutation de cellules en mode connecté (contrairement à Ethernet) : la station émettrice gère la connexion sur un circuit virtuel point à point et les commutateurs utilisent une commutation rapide matérielle.
Quelle est la taille d'une cellule ATM ?;64 octets;53 octets (5 octets d'en-tête, 48 octets d'information);128 octets;48 octets exactement;3;Une cellule ATM a une taille fixe de 53 octets : 5 octets d'en-tête et 48 octets d'information.
Sur quoi le routage s'appuie-t-il dans la couche ATM ?;Sur l'adresse MAC de destination;Sur le numéro de port TCP;Sur le conduit VP seul, ou sur le couple (VP, VC) codé dans l'en-tête;Sur l'adresse IP source;4;Le routage de la couche ATM s'appuie soit sur le conduit VP (Virtual Path) seul, soit sur le couple (VP, VC / Virtual Channel), dont les identifiants sont codés dans l'en-tête de la cellule.
Que fait la sous-couche SAR de la couche AAL d'ATM ?;Elle attribue les adresses IP;Elle chiffre les cellules;Elle découpe les messages en cellules (avec bourrage éventuel) et les reconstitue en sens inverse;Elle recalcule le champ HEC;4;La sous-couche de segmentation et réassemblage (SAR) découpe les messages en éléments adéquats, avec bourrage éventuel, pour constituer un train de cellules de 53 octets, et reconstitue les messages à partir des cellules en sens inverse.
Quels types d'AAL ATM conviennent aux applications temps réel ?;AAL 1 (débit fixe) et AAL 2 (débit variable);AAL 3/4 et AAL 5;Uniquement AAL 5;Aucun type d'AAL;2;Les AAL de type 1 et 2 sont destinées aux applications temps réel (son, vidéo), le débit étant fixe pour AAL 1 et variable pour AAL 2, tandis que AAL 3/4 et AAL 5 n'ont aucune exigence de temps réel.
À quoi servent les cellules OAM en ATM ?;À transporter les données utilisateur;À attribuer les circuits virtuels;À corriger les erreurs du champ d'information;À renseigner sur la qualité de service de la couche ATM;5;Les cellules de gestion administrative OAM (Operation And Maintenance) renseignent sur la qualité de service de la couche ATM, avec différents types de bouclage (de bout en bout, de type segment).
Que représente le paramètre CLR en ATM ?;Le taux de perte de cellules résultant d'erreurs non corrigées dans l'en-tête ou de débordement de files;Le taux de cellules erronées;Le débit-crête;Le taux d'insertion de cellules étrangères;2;Le CLR est le taux de perte de cellules résultant d'erreurs non corrigées dans l'en-tête ou de débordement de files d'attente, alors que le CMR mesure l'insertion de cellules étrangères et le CER le taux de cellules erronées.
Quelle classe de service ATM offre un débit garanti égal au PCR avec émulation du mode circuit ?;VBR (Variable Bit Rate);CBR (Constant Bit Rate);UBR (Unspecified Bit Rate);ABR (Available Bit Rate);3;La classe CBR (Constant Bit Rate) garantit un débit égal au PCR avec une variance du temps de transit nulle et réalise une émulation du mode circuit, tandis qu'UBR n'offre aucune garantie (best effort).
Quel algorithme ATM écarte les cellules non conformes à l'entrée ?;L'algorithme de Dijkstra;Le GCRA, normalisé par l'ITU-T sous la référence I.371;L'algorithme GCRA de l'IETF;L'algorithme de Bellman-Ford;3;L'algorithme GCRA, normalisé par l'ITU-T sous la référence I.371, permet d'écarter les cellules non conformes à l'entrée, à partir du couple (T, tolérance de gigue) déclaré par l'usager.
Que relie l'interface UNI en ATM ?;L'utilisateur au réseau opérateur;Un commutateur et un routeur IP;Deux commutateurs d'un même réseau;Deux réseaux opérateur entre eux;2;L'interface UNI (User Network Interface) relie l'utilisateur au réseau opérateur, tandis que l'interface ICI se trouve entre deux réseaux opérateur.
Par quelle formule l'intervalle inter-arrivées T se déduit-il du débit-crête PCR en ATM ?;T = PCR / 8;T = 424 / PCR;T = 48 x PCR;T = PCR / 53;3;L'intervalle inter-arrivées T se déduit du débit-crête négocié PCR (Peak Cell Rate) par la formule T = 424 / PCR.
À quoi sert le bit CLP de l'en-tête ATM ?;À corriger les erreurs de l'en-tête;À numéroter les cellules d'un message;À délimiter la fin d'un message;À indiquer la priorité de la cellule en cas de congestion;5;Le bit CLP (Cell Loss Priority) indique la priorité de la cellule : positionné à 0 par l'usager, il force l'entrée dans une file saturée en détruisant sélectivement une cellule ayant son bit CLP à 1.
Quelle est la valeur par défaut du CLR garanti dans le contrat de trafic ATM ?;10 puissance moins 10;10 puissance moins 3;1 pour cent;10 puissance moins 6;2;Le contrat de trafic ATM prévoit un taux de perte de cellules conformes maximal, le CLR, dont la valeur par défaut est de 10 puissance moins 10, garanti par le réseau même en cas de congestion.
Pour quelle classe de service ATM le contrôle de flux préventif par cellules RM est-il mis en place ?;VBR (Variable Bit Rate);ABR (Available Bit Rate);CBR (Constant Bit Rate);UBR (Unspecified Bit Rate);3;Le contrôle de flux préventif de la classe ABR utilise une cellule RM (Resource Management) émise par le DTE, qui reboucle de bout en bout et à laquelle le réseau répond par une valeur ER (Explicit Rate) telle que MCR inférieur à ER inférieur à PCR.
Où se situe la couche Transport dans l'empilement protocolaire ?;En dessous de la couche physique;Au-dessus de la couche application;Au niveau du câblage;Entre les couches utilisatrices du transport et les couches qui fournissent le transport;5;La couche Transport est la couche intermédiaire entre les couches supérieures utilisatrices des services de transport et les couches inférieures qui fournissent ces services.
De quoi est constitué un datagramme TCP/IP transitant sur le réseau ?;D'un seul en-tête regroupant tout;D'un en-tête IP et des données, sans en-tête TCP;Uniquement des données applicatives;Des données applicatives, d'un en-tête TCP, d'un en-tête IP et des informations des couches physiques;5;Le datagramme est constitué des données de l'application, d'un en-tête TCP, d'un en-tête IP et des informations des couches physiques, chaque couche encapsulant et ajoutant ses informations.
Quelle valeur décimale le champ Ethertype prend-il pour TCP/IP ?;800;443;80;23;4;Pour TCP/IP, le champ Ethertype prend la valeur décimale 80 (0800 en hexadécimal), la correspondance étant décrite dans le document Assigned Internet Protocol Numbers.
Quelles sont les caractéristiques du transport assuré par TCP ?;Unidirectionnel et sans accusé de réception;Best-effort comme IP;Non fiable et non connecté;Sûr, orienté connexion, ordonné et bidirectionnel;5;TCP assure un transport de données sûr, orienté connexion (mode connecté), ordonné et bidirectionnel, palliant les carences d'IP qui n'offre qu'un service best-effort.
Comment s'appelle l'unité de données véhiculée par TCP ?;La trame;La cellule;Le paquet;Le segment;5;TCP coupe le flot de données transmis par la couche supérieure en segments, qui constituent les unités de données véhiculées par TCP.
Sur combien de bits le numéro de port de la couche transport est-il codé ?;8 bits;24 bits;32 bits;16 bits;5;TCP comme UDP introduisent un mécanisme de numéro de port codé sur 16 bits pour acheminer l'information de bout en bout, de processus à processus.
Que contient le champ Numéro de séquence de l'en-tête TCP ?;L'adresse IP de la source;Le numéro du premier octet de données par rapport au début de la transmission;Le nombre total de segments à envoyer;La taille de la fenêtre;3;Le champ Numéro de séquence (32 bits) contient le numéro du premier octet de données par rapport au début de la transmission, sauf si le bit SYN est marqué.
Que signifie le bit SYN à 1 dans l'en-tête TCP ?;Une demande d'ouverture de connexion;Une réinitialisation de la connexion;Un accusé de réception;Une demande de fermeture de connexion;2;Le bit SYN sert à la synchronisation des numéros de séquence, SYN = 1 correspond à une demande d'ouverture de connexion, tandis que FIN = 1 correspond à une demande de fermeture.
Sur quoi le checksum TCP est-il calculé ?;Uniquement sur l'en-tête TCP;Sur l'en-tête, les données et un pré-en-tête contenant les adresses IP, le protocole et la longueur;Uniquement sur les données applicatives;Sur l'adresse MAC source et destination;3;Le checksum TCP est calculé sur l'en-tête, les données et un pré-en-tête (pseudo-en-tête) contenant l'adresse IP source, l'adresse IP destinataire, le code de protocole et la longueur du segment, ce pré-en-tête n'existe pas dans le segment transmis.
Quand l'option « taille maximale de segment » (MSS) de TCP doit-elle être envoyée ?;Dans la requête de connexion initiale, avec SYN marqué;À la fermeture de la connexion;Dans chaque segment de données;Jamais, elle est fixe;2;L'option taille maximale de segment communique à l'émetteur la taille maximale des segments qu'il peut envoyer et doit être envoyée dans la requête de connexion initiale, avec le bit SYN marqué.
Qu'est-ce qu'un socket dans TCP ?;Une table de routage;L'association d'un numéro de port et de l'adresse IP de l'hôte;Un simple numéro de port sur 16 bits;Un segment de données;3;Un socket est constitué du numéro de port et de l'adresse IP de l'hôte concerné, ce qui le rend unique dans l'ensemble du réseau, une connexion de base est définie par un couple de sockets.
Quels ports sont appelés « well known ports » et réservés ?;Les ports entre 1024 et 49152;Tous les ports pairs;Les ports supérieurs à 1024;Les ports dont le numéro est inférieur à 1024;5;Les well known ports, dont le numéro est inférieur à 1024, sont réservés à des processus bien identifiés, tandis que les ports supérieurs à 1024 sont libres et attribués dynamiquement.
Que sont les acquittements cumulatifs de TCP ?;L'acquittement d'un numéro de séquence confirme la bonne réception de tous les octets précédents;L'acquittement porte sur le numéro du segment;Chaque octet doit être acquitté individuellement;Il n'y a pas d'acquittement dans TCP;2;TCP utilise des acquittements cumulatifs : l'acquittement d'un numéro de séquence confirme que tous les octets précédant ce numéro ont bien été reçus.
Que prend en compte le calcul du temporisateur de retransmission de TCP ?;Le numéro de port destination;Le nombre de sauts IP;Le temps de trajet aller-retour entre émetteur et récepteur (RTT);La taille de l'en-tête TCP;4;Le calcul de la temporisation de retransmission tient compte du temps de trajet aller et retour entre émetteur et récepteur, appelé Round Trip Time (RTT).
En quoi consiste la méthode « Go back n » de TCP ?;Si un segment parmi les N envoyés est perdu, tous les segments sont retransmis à partir du segment perdu;La connexion est fermée dès qu'un segment est perdu;Les segments sont retransmis dans le désordre;Seul le segment perdu est retransmis;2;Avec la méthode Go back n, un accusé de réception est envoyé après N segments, mais si un segment parmi les N est perdu, tous les segments sont retransmis à partir du segment perdu.
Qu'est-ce que le piggybacking dans TCP ?;Les données urgentes passent avant les autres;Un segment est envoyé deux fois pour la fiabilité;Un segment de données transporte aussi l'acquittement de segments précédents;Le récepteur ignore les acquittements;4;Le piggybacking optimise le trafic en faisant transporter par un segment de données l'acquittement de segments précédemment reçus, au lieu d'un segment d'acquittement dédié.
Combien de messages la négociation ternaire (three-way handshake) de TCP échange-t-elle ?;Deux;Quatre;Trois;Un;4;La procédure de connexion TCP utilise le bit SYN et suppose la transmission de trois messages : SYN du client, SYN+ACK du serveur, ACK du client.
Combien de segments la rupture d'une connexion TCP suppose-t-elle ?;Trois;Un;Deux;Quatre;5;La rupture d'une connexion TCP suppose l'émission de quatre segments : FIN puis ACK depuis une extrémité, FIN puis ACK depuis l'autre.
Quelle est la différence entre le contrôle de flux et le contrôle de congestion de TCP ?;Le contrôle de flux s'adapte au réseau, le contrôle de congestion au récepteur;Aucun des deux n'existe dans TCP;Le contrôle de flux s'adapte à la vitesse du récepteur, le contrôle de congestion à la vitesse du réseau;Ce sont deux noms du même mécanisme;4;Le contrôle de flux adapte l'émission à la vitesse du récepteur pour éviter de saturer son tampon, le contrôle de congestion adapte le débit à la capacité du réseau pour éviter les pertes par les équipements intermédiaires.
Que fait le TCP récepteur lorsqu'il voit le flag PUSH marqué ?;Il ferme la connexion;Il ignore les données reçues;Il attend que le tampon soit plein;Il passe immédiatement toutes les données collectées à l'application, même si le tampon n'est pas plein;5;Lorsque le TCP récepteur voit le flag PUSH marqué, il doit passer immédiatement toutes les données collectées à l'application destinataire, même si le tampon de réception n'est pas plein.
Quelles sont les caractéristiques du protocole UDP ?;Avec contrôle de flux comme TCP;Fiable et orienté connexion;Non fiable et en mode non connecté;Ordonné avec accusés de réception;4;UDP est un protocole de la couche transport non fiable et en mode non connecté : pas d'accusés de réception, pas de reséquencement, pas de contrôle de flux, les datagrammes pouvant être perdus, dupliqués ou déséquencés.
Quel est le principal atout du protocole UDP ?;Sa capacité à reséquencer les données;Son contrôle de flux performant;Sa simplicité et sa rapidité (pas de contexte de connexion, peu de contrôles);Sa fiabilité totale;4;La grande qualité d'UDP est sa simplicité : il ne gère pas de contexte de connexion et n'effectue que très peu de contrôles, ce qui accélère l'échange des données.
Combien de champs l'en-tête UDP comporte-t-il et quelle est leur taille ?;Six champs de 4 octets;Deux champs de 8 octets;Quatre champs de 2 octets chacun;Dix champs de 16 bits;4;L'en-tête UDP comporte quatre champs (port source, port destinataire, longueur, checksum) d'une longueur de 2 octets chacun.
Que se passe-t-il si le port destinataire d'un segment UDP n'est pas utilisé sur la machine réceptrice ?;Le segment est routé vers un autre port;Le segment est détruit et un message ICMP « port inaccessible » est envoyé;Le segment est mis en file d'attente;Une connexion TCP est ouverte à la place;3;Si le port indiqué dans le segment UDP n'est pas utilisé sur la machine destinatrice, le segment est détruit et un message ICMP « port inaccessible » est envoyé.
Quelle est la taille maximale d'un segment UDP ?;1500 octets;65 535 octets sans l'en-tête;32 ko;64 ko;5;Le champ Longueur d'UDP étant codé sur 16 bits, la taille maximale d'un segment UDP est de 2^16 = 64 ko, en-tête compris, la longueur minimale étant de 8 octets sans données.
Pour quelles communications UDP est-il principalement utilisé ?;Le routage BGP;Les serveurs de noms de domaine (DNS) et le protocole TFTP;Les connexions Telnet et SSH;Le transfert de fichiers fiable et la messagerie;3;UDP est utilisé principalement pour les communications avec les serveurs de noms de domaine (DNS) et pour les transactions utilisant le protocole Trivial File Transfer (TFTP).
Dans quel type de trames le protocole SNMP est-il encapsulé ?;Des trames TCP;Des trames UDP;Des trames ICMP;Des trames ARP;3;SNMP (Simple Network Management Protocol) est un protocole de type question/réponse asynchrone encapsulé dans des trames UDP.
Quelle requête SNMP permet à un agent de notifier spontanément un événement ?;La requête POST;La requête GET;La requête SET;La requête TRAP;5;La requête de type TRAP permet à un agent de notifier un événement, la requête GET permettant d'interroger un agent et la requête SET de modifier une de ses variables.
Où sont stockées les variables de gestion dans le modèle SNMP ?;Dans le registre;Dans la MIB (Management Information Base);Dans le fichier hosts;Dans la SMI;3;Les informations d'administration sont structurées suivant la SMI (Structure of Management Information) et stockées dans la MIB (Management Information Base), qui regroupe l'ensemble des variables relatives aux matériels et logiciels du réseau.
Quelle version de SNMP apporte l'authentification et le cryptage ?;SNMPv4;SNMPv3;SNMPv1;SNMPv2;3;Les versions 1 et 2 de SNMP ont des capacités de sécurité très limitées, SNMPv3 apporte des fonctions d'authentification et de cryptage, mais est plus difficile à implémenter.
Pourquoi un relais DHCP est-il nécessaire quand le serveur n'est pas sur le même lien que les clients ?;Parce que DHCP fonctionne uniquement en TCP;Parce que le serveur DHCP n'a pas d'adresse IP fixe;Parce que les requêtes de broadcast ne passent pas les routeurs;Parce que les clients ignorent l'adresse du serveur;4;Les requêtes de broadcast, utilisées par une machine au démarrage pour trouver le serveur DHCP, ne sont diffusées que sur un même lien car les routeurs ne les laissent pas passer : un relais DHCP est alors nécessaire.
De quel protocole DHCP a-t-il été conçu comme complément ?;ARP;BOOTP (Bootstrap Protocol);ICMP;RARP;3;DHCP a été conçu au départ comme complément au protocole BOOTP (Bootstrap Protocol), utilisé par exemple lors de l'installation d'une machine à travers un réseau.
Qu'est-ce qu'un bail DHCP ?;Une adresse IP réservée en permanence à une machine;Le pool complet d'adresses du serveur;Le masque de sous-réseau distribué;Une adresse IP allouée avec une date de début et une date de fin de validité;5;Un bail est une adresse IP allouée à un client DHCP avec une date de début et une date de fin de validité, à son terme, le client peut demander une prolongation, sinon l'adresse est rendue disponible.
Sur quel protocole de transport et quel port HTTP s'appuie-t-il ?;TCP, port 80;TCP, port 443;UDP, port 80;UDP, port 53;2;HTTP s'appuie sur le protocole de transport TCP et utilise le port 80, HTTPS, sa variante sécurisée basée sur SSL ou TLS, utilise le port 443.
Que fait la méthode HTTP POST ?;Elle supprime la ressource située à l'URL;Elle demande au serveur de servir de proxy;Elle envoie des données au programme situé à l'URL pour demander un traitement d'informations;Elle récupère uniquement l'en-tête de la ressource;4;La méthode POST envoie des données au programme situé à l'URL spécifiée pour demander un traitement d'informations au serveur, par exemple après avoir renseigné un formulaire.
Que signifie une classe de code retour HTTP en 40x ?;Une redirection;Une erreur due au client;Une erreur due au serveur;Une connexion réussie;3;Les codes retour HTTP en 20x indiquent une connexion réussie, en 30x une redirection, en 40x une erreur due au client (403, 404) et en 50x une erreur due au serveur.
Pourquoi les méthodes HTTP PUT, DELETE, TRACE et CONNECT sont-elles rarement implémentées ?;Parce qu'elles sont réservées aux administrateurs;Pour des raisons de sécurité, afin d'éviter les failles;Parce qu'elles sont trop lentes;Parce qu'elles ne fonctionnent qu'en HTTPS;3;Pour des raisons de sécurité, les méthodes PUT, DELETE, OPTIONS, TRACE et CONNECT sont rarement implémentées ou configurées de façon spécifique afin d'éviter les failles de sécurité.
Sur quels ports FTP fonctionne-t-il et pour quoi ?;Le port 80 pour les commandes et le port 443 pour les données;Le port 21 pour le contrôle et le port 20 pour les données;Le port 20 pour le contrôle et le port 21 pour les données;Un seul port, le 21, pour tout;3;FTP utilise deux connexions TCP en parallèle : le port 21 pour le contrôle (commandes, login, mot de passe, contrôle de flux) et le port 20 pour les transferts de données, on parle de signalisation hors bande.
Quelle connexion FTP est coupée après chaque transfert de fichier ?;Aucune, elles restent ouvertes;Les deux connexions;La connexion de données (port 20);La connexion de contrôle (port 21);4;La connexion de contrôle (port 21) est persistante, tandis que la connexion de données (port 20) est coupée après chaque transfert de fichier et recréée pour le suivant.
Sur quel protocole de transport TFTP repose-t-il ?;SCTP;UDP;ICMP;TCP;3;TFTP (Trivial FTP) est une version simplifiée de FTP utilisant UDP en couche transport, employée en particulier pour mettre à jour les logiciels des équipements réseau.
Quel port un serveur DNS utilise-t-il et sur quel protocole de transport ?;Le port 80, sur TCP;Le port 53, sur TCP uniquement;Le port 25, sur UDP;Le port 53, sur UDP;5;Le protocole DNS utilise UDP comme protocole de transport, et un serveur DNS utilise le port 53.
Quel domaine particulier la résolution DNS inverse utilise-t-elle ?;localhost;reverse.dns;in-addr.arpa;root-servers.net;4;La résolution inverse, qui renvoie le nom à partir d'une adresse IP, utilise un domaine particulier appelé in-addr.arpa dans lequel les adresses IP sont représentées comme un arbre (avec les octets dans l'ordre inverse).
Quels sont les quatre éléments d'un enregistrement de ressources (RR) DNS ?;L'adresse, le port, le protocole et la classe;La requête, la réponse, l'itération et la récursion;Le nom, la valeur, le type et le TTL;Le domaine, la zone, le serveur et le cache;4;Un RR contient quatre éléments : le nom, la valeur, le type et le TTL (durée de conservation en cache), la classe est toujours IN (Internet).
Quel type de RR fait correspondre un alias au nom canonique d'un serveur ?;PTR;A;CNAME;NS;4;Le RR de type CNAME (Canonical Name) a pour nom un alias et pour valeur le nom canonique d'un serveur, le type A associe un nom à une adresse IPv4 et le type PTR sert à la résolution inverse.
Quel enregistrement DNS est obligatoire pour définir une zone ?;Le RR de type A;Le RR de type MX;Le RR de type SOA;Le RR de type CNAME;4;Un enregistrement de type SOA (Start Of Authority), qui contient les paramètres de la zone dont le nom du serveur ayant autorité, est obligatoire pour définir une zone, il faut aussi au moins un RR de type NS.
Comment un serveur DNS primaire obtient-il les informations de sa zone ?;Par le cache d'un autre serveur;Dans un fichier de configuration, sans interroger personne;Auprès d'un serveur secondaire;Par une requête récursive vers la racine;3;Un serveur DNS primaire obtient les informations de sa zone dans un fichier de configuration et n'a besoin d'interroger personne, alors qu'un serveur secondaire les obtient d'un serveur primaire qu'il doit contacter régulièrement.
Que fait un serveur de noms dans une requête DNS itérative s'il n'a pas la correspondance ?;Il crée un nouvel enregistrement;Il effectue lui-même toutes les recherches successives;Il renvoie l'adresse IP du prochain serveur à contacter;Il abandonne la requête;4;Dans une requête itérative, le serveur de noms sollicité renvoie l'adresse IP du prochain serveur à contacter s'il n'a pas directement la correspondance, alors qu'en requête récursive il effectue les recherches successives pour le compte du client.
Comment le DNS permet-il une répartition de charge rudimentaire ?;En chiffrant les réponses;En désactivant le cache;En interdisant les requêtes récursives;En renvoyant une liste d'adresses IP dont l'ordre varie aléatoirement, le client utilisant la première;5;En enregistrant plusieurs adresses IP de serveurs identiques sous un même nom, le DNS renvoie une liste dont l'ordre varie aléatoirement à chaque requête, et le client utilise la première adresse, ce qui répartit la charge.
Quel est le rôle principal du protocole RTP ?;Résoudre les noms de domaine;Chiffrer les flux audio et vidéo;Réserver de la bande passante sur le réseau;Ajouter des numéros de séquence et des marqueurs temporels aux segments UDP pour les données temps réel;5;RTP donne à IP la possibilité de véhiculer des données temps réel en ajoutant aux segments UDP un en-tête avec type de média, marqueurs temporels et numéros de séquence, pour reconstituer voix et vidéo même si le réseau change l'ordre des datagrammes.
Quel est le rôle du protocole RTCP ?;Transporter les données audio et vidéo;Réserver de la bande passante;Contrôler les flux RTP et renseigner sur les participants et la qualité de service;Attribuer les adresses IP;4;RTCP (Real-Time Transfer Control Protocol) est un protocole de contrôle des flux RTP qui véhicule des informations basiques sur les participants d'une session et sur la qualité de service, par transmissions périodiques de paquets de contrôle.
Que permet le protocole RSVP ?;Numéroter les datagrammes temps réel;Résoudre les noms en adresses IP;Allouer dynamiquement de la bande passante et la réserver à certaines applications;Contrôler la qualité des flux RTP;4;RSVP (Resources Reservation Protocol) est un protocole de réservation de bande passante, adopté pour résoudre les problèmes de trafic et de congestion dans les routeurs que RTP et RTCP ne traitent pas.
Quel port le protocole SSH utilise-t-il et que remplace-t-il ?;Le port 22, en remplacement de telnet, rlogin et rsh;Le port 513, en remplacement de HTTP;Le port 53, en remplacement de DNS;Le port 23, en remplacement de FTP;2;SSH (Secure Shell) utilise le port 22, impose un échange de clés de chiffrement en début de connexion, chiffre tous les flux et a été conçu pour remplacer telnet, rlogin et rsh.
Pourquoi le protocole RLOGIN n'est-il plus utilisé en pratique ?;Parce qu'il est plus lent que Telnet;Parce qu'il ne fonctionne pas sur les réseaux distants;Parce que les informations, l'identifiant et le mot de passe passent en clair sur le réseau;Parce qu'il nécessite un certificat;4;Comme Telnet, RLOGIN fait passer en clair sur le réseau les informations échangées, y compris l'identifiant et le mot de passe : en pratique, rlogin n'est plus utilisé pour cette raison.
À quoi sert le protocole BOOTP ?;À transférer des fichiers de manière sécurisée;À appeler des procédures distantes;À échanger du courrier électronique;Aux stations sans disque pour acquérir une adresse IP;5;Le protocole BOOTP sert aux stations sans disque pour faire l'acquisition d'une adresse IP, DHCP a été conçu au départ comme son complément.
Sur quoi le plan d'adressage hiérarchique d'IPv6 est-il basé ?;Sur les numéros de port;Sur les classes A, B et C;Sur les préfixes plutôt que sur les classes d'adresses;Sur les adresses MAC uniquement;4;IPv6 utilise un plan d'adressage hiérarchique basé sur les préfixes plutôt que sur les classes d'adresses, ce qui permet un routage plus efficace avec des tables de routage de taille limitée.
Sur combien de bits une adresse IPv6 est-elle codée et comment se représente-t-elle ?;128 bits, en 8 groupes de 16 bits en hexadécimal séparés par des deux-points;32 bits, en 4 octets décimaux séparés par des points;256 bits, en base 64;64 bits, en notation binaire;2;Une adresse IPv6 se représente en décomposant ses 128 bits en 8 groupes de 16 bits écrits en hexadécimal et séparés par le caractère deux-points.
Combien de fois la contraction :: peut-elle être utilisée dans une adresse IPv6 ?;Jamais;Autant de fois que nécessaire;Une seule fois par adresse;Deux fois maximum;4;Une suite de groupes nuls peut être remplacée par :: mais une seule fois par adresse, pour lever l'ambiguïté sur le nombre de groupes concernés.
À quelle interface un paquet envoyé à une adresse anycast IPv6 est-il transmis ?;À l'interface la plus proche parmi celles qui ont cette adresse;À aucune interface;À une interface tirée au hasard;À toutes les interfaces qui ont cette adresse;2;Un paquet envoyé à une adresse anycast est transmis seulement à l'interface la plus proche (distance déterminée par les routeurs), et pas à toutes les interfaces qui ont cette adresse comme pour le multicast.
Quel préfixe IPv6 identifie les adresses de lien local ?;FF02::/16;::1/128;FE80::/64;FC00::/7;4;Le préfixe FE80::/64 identifie les adresses de lien local, utilisables sur le même réseau sans routeur intermédiaire, tandis que FC00::/7 identifie les adresses locales uniques (site local).
Existe-t-il une adresse de diffusion (broadcast) en IPv6 ?;Oui, l'adresse FE80::1;Non, la diffusion se fait grâce aux adresses multicast;Oui, l'adresse FF02::255;Oui, l'adresse ::255;3;Il n'y a pas d'adresse de diffusion (broadcast) en IPv6 : la diffusion se fait grâce aux adresses multicast, comme FF02::1 pour tous les nœuds du lien ou FF02::2 pour tous les routeurs.
De combien de bits l'Interface ID est-il composé dans une adresse IPv6 unicast globale ?;64 bits;16 bits;48 bits;128 bits;2;L'Interface ID est composé de 64 bits : c'est l'identifiant unique d'une interface sur un sous-réseau, dérivé de l'adresse MAC, le Global Prefix fait 48 bits et le Subnet ID 16 bits.
Quelle est la taille de l'en-tête IPv6 ?;60 octets;20 octets;40 octets;8 octets;4;L'en-tête IPv6 fait 40 octets (contre 20 en IPv4), dont 32 octets pour les adresses source et destination et seulement 8 octets pour les autres informations de contrôle.
À quoi correspond le champ « Nombre de sauts » de l'en-tête IPv6 ?;À la longueur de l'en-tête;Au champ TTL (Time To Live) d'IPv4;Au champ Version;Au numéro de protocole;3;Le champ Nombre de sauts (8 bits) de l'en-tête IPv6 correspond au TTL (Time To Live) d'IPv4.
Pourquoi l'identificateur de flux de l'en-tête IPv6 est-il peu utilisé en pratique ?;Parce que les opérateurs utilisent MPLS à la place;Parce qu'il a été supprimé;Parce qu'il est incompatible avec UDP;Parce qu'il est réservé au multicast;2;L'identificateur de flux permettrait aux routeurs de traiter efficacement une série de paquets, mais en pratique il est très peu utilisé : les opérateurs utilisent MPLS.
Quel champ de contrôle d'erreur a été supprimé de l'en-tête IPv6 ?;Le header checksum;Le champ Adresse source;Le champ Version;Le champ En-tête suivant;2;Le champ header checksum a été supprimé : IPv6 n'intègre plus de contrôle d'erreur, mais propose un en-tête d'authentification optionnel pour assurer l'intégrité du paquet.
Qui réalise la fragmentation en IPv6 ?;La couche liaison;Chaque routeur traversé;Le destinataire;La source uniquement (Path MTU), pas les routeurs en cours de route;5;IPv6 ne fragmente pas les paquets en cours de route mais seulement à la source (Path MTU) : un routeur recevant un datagramme trop long renvoie un message ICMP à la source avec la MTU admise.
Comment les extensions IPv6 sont-elles reliées entre elles ?;Elles sont séparées par des deux-points;Elles sont chaînées par un champ « en-tête suivant » de 8 bits dans chaque extension;Elles sont toutes placées avant l'en-tête;Elles sont numérotées dans l'ordre inverse;3;Les extensions IPv6 sont chaînées : le premier champ de chaque extension contient un champ « en-tête suivant » de 8 bits qui identifie le type de la prochaine extension, et elles suivent un ordre précis.
Quelle extension IPv6 est traitée par les routeurs intermédiaires ?;Aucune extension;L'extension d'authentification;L'extension « hop by hop »;L'extension de fragmentation;4;Excepté l'extension « hop by hop », les extensions ne sont pas traitées par les routeurs intermédiaires.
Quels protocoles ICMPv6 remplace-t-il ou dont il reprend les fonctions ?;TCP et UDP;IGMP pour la gestion des groupes multicast, et ARP pour la résolution d'adresse;DNS et DHCP;RIP et OSPF;3;ICMPv6 remplace IGMP dans le transport des informations de gestion des groupes multicast et reprend les fonctions d'ARP pour la résolution d'adresse, son numéro de protocole est 58.
À quoi correspondent les valeurs inférieures à 127 du champ type d'un message ICMPv6 ?;Aux messages d'information;Aux options d'extension;Aux messages d'erreur;Aux messages de ping;4;Dans le champ type d'un message ICMPv6, les valeurs inférieures à 127 sont réservées aux messages d'erreur, les autres valeurs aux messages d'information.
Que contient un message ICMPv6 de type 2 « datagramme trop grand » ?;Le nombre de sauts restants;L'adresse MAC du routeur;La taille de MTU acceptée par le routeur;La liste des routeurs du lien;4;Le message ICMPv6 de type 2 « datagramme trop grand » est envoyé dans le cadre de la découverte de la MTU et contient la taille de MTU acceptée par le routeur.
Pourquoi ne faut-il jamais filtrer les messages ICMPv6 « datagramme trop grand » ?;Ils sont nécessaires au routage BGP;Sans eux, un émetteur ne peut pas adapter la taille des datagrammes et en enverra de trop grands qui seront détruits;Ils contiennent les clés de chiffrement;Ils remplacent les accusés de réception TCP;3;Sans recevoir ces messages, un émetteur ne peut pas fragmenter ses datagrammes et risque d'en envoyer de trop grands sur le réseau sans s'en apercevoir : ils seront détruits, avec un problème très difficile à diagnostiquer.
Quel message ICMPv6 constitue la requête de résolution d'adresse en IPv6 ?;La sollicitation de voisins (Neighbor Solicitation);L'annonce de voisin (Neighbor Advertisement);La sollicitation de routeur (router solicitation);L'annonce de routeur (router advertisement);2;La sollicitation de voisins (Neighbor Solicitation, NS) est la requête contenant l'adresse IPv6 de la cible, envoyée à l'adresse de multicast sollicité associée, l'annonce de voisin (NA) est la réponse contenant l'adresse physique.
À quelle adresse un nœud IPv6 envoie-t-il une « sollicitation de routeur » ?;À l'adresse ::1;À l'adresse FF02::1 (tous les nœuds du lien);À l'adresse de broadcast;À l'adresse multicast FF02::2 (tous les routeurs du lien);5;Un nœud qui veut obtenir des informations sur le routeur le plus proche sans attendre la prochaine annonce envoie une sollicitation de routeur à l'adresse multicast FF02::2, qui concerne tous les routeurs du lien.
Comment est créée l'adresse de lien local d'une interface IPv6 ?;En copiant l'adresse IPv4 existante;En demandant une adresse à un serveur DHCPv6;En tirant une valeur aléatoire complète;En concaténant le préfixe FE80::/64 et l'identifiant d'interface;5;À l'initialisation de son interface, la machine construit l'adresse de lien local en prenant le préfixe lien local FE80::/64 et l'identifiant d'interface, puis vérifie son unicité sur le lien.
Que conclut un nœud IPv6 si sa « sollicitation d'un voisin » pour une adresse provisoire reste sans réponse au bout d'une seconde ?;L'adresse provisoire est unique et devient valide;Le lien est inaccessible;L'adresse est déjà utilisée par une autre machine;Une autre machine utilise la même adresse provisoire;2;Si rien n'est reçu au bout d'une seconde lors de la détection d'adresse dupliquée, l'adresse provisoire est unique : elle passe de « provisoire » à « valide » et est assignée à l'interface.
En auto-configuration IPv6 avec état, que fait la machine après l'annonce de routeur ?;Elle demande explicitement son adresse à un serveur d'adresses (DHCPv6);Elle utilise directement l'option information sur le préfixe;Elle garde uniquement son adresse de lien local;Elle génère une adresse aléatoire;2;En auto-configuration avec état, l'annonce de routeur porte un flag indiquant à la machine qu'elle doit explicitement demander son adresse auprès d'un serveur d'adresses (DHCPv6), contrairement à l'auto-configuration sans état qui fournit directement le préfixe.
En quoi consiste la technique de transition « Dual Stack » ?;On désactive IPv4 sur tout le réseau;On encapsule les datagrammes IPv6 dans IPv4;On traduit à la volée les en-têtes IPv4 en IPv6;Les deux versions du protocole IP cohabitent sur les routeurs et les équipements terminaux;5;La double pile protocolaire (Dual Stack) implémente les deux versions du protocole IP : un nœud peut alors traiter des datagrammes IPv6 ou IPv4 et possède deux adresses IP, une IPv4 et une IPv6.
Comment un nœud à double pile détermine-t-il le protocole implémenté sur le système qu'il veut joindre ?;En essayant IPv6 puis IPv4 systématiquement;En consultant sa table ARP;En interrogeant le DNS (enregistrements A pour IPv4, AAAA pour IPv6);En envoyant un ping ICMPv6;4;Un nœud à double pile utilise le DNS : les nœuds IPv4 ont des enregistrements de type A, les nœuds IPv6 des enregistrements de type AAAA, ce qui détermine comment le nœud tentera de communiquer.
Que permet la traduction d'en-tête NAT-PT ?;Supprimer le besoin d'adresses IPv6;Accélérer le routage IPv4;Chiffrer les en-têtes IPv6;Raccorder un réseau intégralement en IPv4 à un réseau intégralement en IPv6;5;NAT-PT (Network Address Translation - Protocol Translation) permet de raccorder des réseaux encore intégralement en IPv4 avec des réseaux déjà intégralement en IPv6, la traduction étant réalisée par un routeur à double pile placé à la frontière.
Les mécanismes de transition IPv4-IPv6 sont-ils pérennes ?;Non, ce sont des mécanismes temporaires présentant des vulnérabilités de performances et de sécurité;Oui, ils remplacent définitivement IPv6;Oui, ils sont conçus pour durer indéfiniment;Non, ils ont tous été abandonnés;2;Aucun des mécanismes de transition (double pile, tunnel, NAT-PT) n'est réellement satisfaisant : ils présentent des vulnérabilités en matière de performances et de sécurité et ne sont en place que pendant la migration.
Selon la norme ISO 9004-5, quelle est la finalité d'un projet ?;Réduire les coûts d'exploitation d'un service;Fournir, à des dates définies, un produit unique répondant à des exigences spécifiées;Former les agents à un nouvel outil;Maintenir une activité courante et répétitive;3;Selon l'ISO 9004-5, un projet est un ensemble d'activités coordonnées entreprises pour fournir, à des dates de début et/ou de fin définies, un produit unique répondant à des exigences spécifiées, avec une organisation temporaire.
Que signifie réussir un projet informatique ?;Livrer le plus de fonctionnalités possible, quel que soit le délai;Respecter le budget sans se soucier de la qualité;Satisfaire d'abord la maîtrise d'œuvre;Obtenir un produit répondant à tous les besoins exprimés de l'utilisateur mais seulement ses besoins, dans les contraintes de coût, délai et qualité;5;Réussir un projet, c'est obtenir un produit qui répond à tous les besoins exprimés de l'utilisateur final mais seulement ses besoins, tout en respectant les contraintes prédéfinies de coût, de délai et de qualité.
Lequel de ces aléas est de nature organisationnelle pour un projet ?;Une baisse du budget global;Une mauvaise maîtrise des techniques par les équipes;L'indisponibilité des personnes nécessaires ou le retard dans la fourniture d'outils;Une évolution réglementaire imprévue;4;Les aléas organisationnels concernent l'indisponibilité des personnes et les retards de fourniture d'outils et de matériels, tandis que les aléas fonctionnels relèvent de la réglementation et les aléas techniques de la maîtrise des techniques.
Quels sont les quatre éléments constitutifs d'une démarche de construction logicielle ?;Le budget, le planning, les charges, la qualité;La MOA, la MOE, l'équipe projet, les utilisateurs;L'analyse, la conception, le codage, les tests;Les buts, le processus et cycle de vie, les méthodes, le formalisme et les outils;5;La démarche se structure autour des buts (que veut-on obtenir), du processus et cycle de vie (dans quel ordre), des méthodes (comment) et du formalisme et des outils (par quels moyens).
À quoi servent les modèles dans une méthode de projet ?;À figer le périmètre dès le lancement;À représenter le système réel sous une forme simplifiée mais juste, et servir de points de contrôle et de validation;À remplacer entièrement la documentation littéraire;À automatiser le codage sans intervention humaine;3;Les modèles visent à représenter le système réel sous une forme simplifiée mais juste, ce sont, avec la documentation, les principaux livrables et les points de contrôle et de validation des travaux, pour minimiser les risques de dérapage.
Pour quelle durée le schéma directeur informatique est-il généralement défini ?;Cinq ans, avec une actualisation régulière;Dix ans, figé;Un an, sans actualisation;Trois mois, révisé chaque semaine;2;Le schéma directeur informatique, sous-ensemble du schéma directeur, fixe les grandes orientations de la politique d'informatisation et est généralement défini pour une période de cinq ans, régulièrement actualisée.
Tous les projets sont-ils obligatoirement issus du schéma directeur ?;Non, une évolution de l'environnement ou une sollicitation inopinée peut faire naître un projet;Oui, sauf les projets de maintenance corrective;Non, seuls les projets de plus de cinq ans en sont issus;Oui, aucun projet ne peut démarrer hors schéma directeur;2;Le schéma directeur ne fige pas la planification : tous les projets n'en sont pas issus, car une évolution réglementaire ou organisationnelle, ou une sollicitation inopinée, peut nécessiter de nouveaux projets ou des maintenances.
Quel document formel nomme le chef de projet et lui donne l'ordre de commencer ?;Le manifeste agile;Le cahier des charges;La lettre de mission;Le diagramme de Gantt;4;Une lettre de mission nomme le chef de projet et lui donne ordre de mission de commencer le projet, en définissant les grandes lignes (objectifs et contraintes), elle est complétée par une réunion de lancement.
Selon quels axes un projet peut-il être découpé en sous-projets ?;Amont, milieu ou aval;Stratégique, tactique ou opérationnel;Fonctionnel, organisationnel ou technique;Court, moyen ou long terme;4;Le découpage d'un projet en sous-projets se fait en fonction de la nature des sujets à traiter : il peut être fonctionnel, organisationnel ou technique.
À qui appartient généralement le système d'information concerné par un projet ?;À la maîtrise d'ouvrage, qui prend toutes les décisions ayant un impact sur lui;À l'équipe projet;À la maîtrise d'œuvre, qui le réalise;Au prestataire sous-traitant;2;Le système d'information concerné par la demande appartient généralement à la maîtrise d'ouvrage : c'est elle qui est chargée de prendre toutes les décisions qui auront un impact sur lui.
Quelle structure de la maîtrise d'ouvrage est l'instance de décision et de pilotage du projet ?;Le comité de suivi;L'équipe projet;Le comité des utilisateurs;Le comité directeur (ou comité stratégique);5;Le comité directeur (ou comité stratégique) est l'instance de décision et de pilotage du projet et porte les attributions stratégiques de la maîtrise d'ouvrage, tandis que le comité de suivi assure le pilotage opérationnel.
Le comité de suivi (ou comité de pilotage) existe-t-il toujours ?;Non, il remplace le comité directeur;Oui, mais uniquement pour les projets sous-traités;Oui, il est obligatoire pour tout projet;Non, dans les projets de petite envergure un seul niveau de pilotage est retenu;5;Le comité de suivi n'existe pas systématiquement : dans les projets de petite envergure, un seul niveau de pilotage est retenu, il représente l'instance de pilotage opérationnel agissant pour le compte du comité directeur.
Qui joue généralement le rôle de maîtrise d'œuvre pour un projet mené en interne ?;Un prestataire extérieur obligatoirement;La direction générale;La direction informatique;Le comité des utilisateurs;4;Dans la plupart des organisations, lorsque les projets sont menés en interne, c'est la direction informatique qui joue le rôle de maîtrise d'œuvre, ce rôle peut aussi être assumé par un prestataire extérieur pour des projets sous-traités.
Quelle organisation d'équipe projet est la plus répandue ?;L'organisation par sprints;L'organisation matricielle;L'organisation en réseau;L'organisation verticale;5;L'organisation dite verticale est la plus répandue : le projet est confié au service qui assure habituellement le suivi des applications du domaine fonctionnel concerné, ce qui profite des compétences fonctionnelles mais risque de cloisonner les équipes.
Quel est un avantage de l'organisation matricielle d'une équipe projet ?;Une gestion toujours plus simple que l'organisation verticale;L'absence de chef de projet;La suppression du besoin de sous-traitance;Une meilleure mobilité des compétences et une dissociation claire entre le projet et l'application opérationnelle existante;5;L'organisation matricielle réunit dans une structure spécifique et temporaire des techniciens de divers services sous la responsabilité du chef de projet : elle offre une meilleure mobilité des compétences et une dissociation projet / application existante, au prix d'une gestion plus délicate.
Qu'est-ce que l'effet tunnel dans un projet ?;Un dépassement de budget non anticipé;Un blocage total de l'équipe de développement;L'absence de visibilité de la maîtrise d'ouvrage sur l'avancement des travaux tant que le logiciel n'est pas terminé;La perte des données lors de la mise en service;4;L'effet tunnel désigne l'absence de visibilité de la maîtrise d'ouvrage sur l'avancement des travaux tant que le logiciel n'est pas terminé, on l'évite en informant fréquemment la MOA et en organisant des résultats intermédiaires.
Quel type de relation la MOA et la MOE doivent-elles rechercher ?;Une relation contractuelle sans échanges informels;Une relation de sous-traitance sans validation;Des relations de partenariat autour d'un objectif commun;Une relation strictement hiérarchique de donneur d'ordre à exécutant;4;Bien que la MOA soit le donneur d'ordre et la MOE l'exécutant, ce sont avant tout des relations de partenariat qu'il faut rechercher, car les deux parties ont l'objectif commun de construire ou faire évoluer un système d'information.
Comment appelle-t-on un ensemble de projets menés conjointement ?;Un chantier;Un sprint;Un programme;Un portefeuille;4;Lorsque l'on travaille sur un ensemble de projets, on parle de programme : par exemple Copernic et Hélios sont deux programmes phares de la DGFiP.
Que permet l'étude d'opportunité d'un projet ?;Déployer le projet sur un périmètre restreint;Écrire le code de l'application;Réaliser les tests d'intégration;Affiner la demande, chiffrer le coût et évaluer l'intérêt du projet (rentabilité, nécessité, risques, gains);5;L'étude d'opportunité affine la demande, commence à chiffrer le coût associé et fait réfléchir à l'intérêt du projet selon différents angles : rentabilité, nécessité, risques techniques et juridiques, gains apportés.
À quoi correspond un CODEN à la DGFiP ?;Le cahier des charges détaillé;Un outil de modélisation;Un comité de rétrospective de sprint;Le Comité des Dépenses Nouvelles, associé à l'étape de lancement du projet;5;À la DGFiP, l'étape de lancement du projet, principalement politique, qui valide les études et débloque les ressources, est associée à un CODEN (Comité des Dépenses Nouvelles).
Que produit la conception fonctionnelle détaillée d'un projet ?;Le document de spécifications fonctionnelles, référence pour les tests fonctionnels;Le diagramme de Gantt;Le dossier d'exploitation;La lettre de mission;2;La conception fonctionnelle détaillée fournit une description précise de ce qui est attendu et établit le document de spécifications fonctionnelles, qui sert de référence pour les tests fonctionnels et permet de détecter les écarts.
Dans quel environnement se déroule l'intégration applicative d'un projet ?;Sur le poste de chaque utilisateur final;Dans un environnement bouchonné, sans communication avec les autres éléments du SI;Dans le contexte exact de la cible;Directement en production;3;L'intégration applicative consiste pour la MOA à évaluer la conformité de l'application elle-même, dans un environnement bouchonné où il n'y a aucune communication avec les autres éléments du SI.
À quel moment la gestion de la sécurité commence-t-elle dans un projet ?;À la mise en exploitation généralisée;Uniquement après la réalisation;Lors des cycles d'évolution seulement;Dès la définition du projet, avec l'identification des données sensibles et des risques;5;La gestion de la sécurité est une phase transverse qui commence dès la définition du projet : les équipes identifient les données sensibles et les risques, généralement avec l'aide d'une équipe spécialisée accompagnatrice.
Quel outil permet de visualiser l'enchaînement des tâches et les tâches critiques d'un projet ?;Le manifeste agile;Le diagramme de Gantt;Le schéma directeur;Le cahier des charges;3;Le planning projet est généralement tenu à l'aide d'un diagramme de Gantt, qui permet de visualiser l'enchaînement des tâches et les tâches critiques, un retard sur une tâche critique entraînant un retard sur le projet.
Selon une étude du Gartner Group, quelle proportion de projets respecte budgets et délais ?;La quasi-totalité;Environ 50 %;Environ 16 %;Environ 80 %;4;Selon une étude du Gartner Group, seuls 16 % des projets respectent les budgets et les délais, ce qui illustre l'importance de la gestion du planning.
Quel est l'objectif du cycle de développement en V ?;Livrer par itérations courtes avec le client;Éviter d'écrire de la documentation;Supprimer toute phase de test;Limiter les retours-arrière en détectant au plus tôt les incohérences des phases amont;5;Le cycle de développement en V met en relation des phases de réalisation avec des phases de tests, dans le but de limiter les retours-arrière en détectant au plus tôt les incohérences des phases amont.
À quelle phase de réalisation les tests unitaires du cycle en V sont-ils associés ?;Aux spécifications;À l'analyse des besoins;À la conception architecturale;À la conception détaillée;5;Dans le cycle en V, la conception détaillée décompose le projet en fonctionnalités de base dont le comportement précis est vérifié par les tests unitaires, avec des données valides et non valides pour la robustesse.
Pourquoi l'industrie informatique a-t-elle délaissé le cycle en V ?;Parce qu'il ne comporte pas de phase de codage;Parce qu'il est lourd, expose à des effets tunnels et s'adapte mal à un besoin qui évolue vite;Parce qu'il exige trop de réunions avec le client;Parce qu'il est interdit par les normes ISO;3;Le cycle en V est lourd pour les projets conséquents, expose à des effets tunnels et s'adapte mal à un besoin qui évolue vite, ce qui a conduit l'informatique à lui préférer des méthodes plus souples, même s'il reste utilisé par d'autres industries.
En quelle année le manifeste agile a-t-il été publié ?;En 1991;En 2010;En 2001;En 1996;4;Les valeurs communes aux méthodes agiles sont formalisées dans le manifeste agile, publié en 2001, même si la première méthode agile (RAD) est apparue en 1991.
Qui liste et hiérarchise les « stories » dans la méthode SCRUM ?;Le chef de projet;Le Product Owner (le client);Le responsable qualité;L'équipe de développement;3;Dans SCRUM, les « stories » représentent l'ensemble des fonctionnalités à réaliser et sont listées et hiérarchisées par le Product Owner, c'est-à-dire le client.
Quelle est la durée approximative d'un sprint dans la méthode SCRUM ?;Environ 4 semaines;Environ 1 an;Environ 6 mois;Environ 1 jour;2;Un sprint est un ensemble de fonctionnalités cohérentes développées durant un laps de temps d'environ 4 semaines, à l'issue duquel se tiennent une revue et une rétrospective de sprint.
Quelle réunion SCRUM ne concerne que l'équipe de développement ?;La rétrospective de sprint;La revue de sprint;La réunion de planification de sprint;Le daily meeting avec le client;2;La rétrospective de sprint ne concerne que l'équipe de développement : elle permet de discuter des points qui ont posé problème et de proposer des améliorations du processus, alors que la revue de sprint se fait en présence du client.
Combien d'axes l'ISO a-t-elle définis pour l'administration de réseau ?;Deux;Trois;Sept;Cinq;5;L'ISO a cerné cinq axes : gestion des anomalies, de la configuration, des performances, de la sécurité et de la comptabilité.
Quel axe de l'administration réseau vise un réseau opérationnel sans rupture de service ?;La gestion de la configuration;La gestion des anomalies (Fault Management);La gestion de la comptabilité;La gestion des performances;3;La gestion des anomalies vise à avoir un réseau opérationnel sans rupture de service (99,999 % de disponibilité) et à localiser rapidement toute panne en surveillant les alarmes.
Que faut-il attribuer de façon unique à chaque équipement dans la gestion de la configuration ?;Une adresse MAC aléatoire;Un identificateur d'objet OID (Object Identifier);Un mot de passe;Un numéro de série constructeur;3;Dans la gestion de la configuration, chaque équipement et chaque compteur doit être identifié de façon unique à l'aide d'un nom ou d'un identificateur d'objet OID (Object Identifier).
Quel axe de l'administration réseau suit la consommation par abonné pour établir une facture ?;La gestion des performances;La gestion des anomalies;La gestion de la sécurité;La gestion de la comptabilité (Accounting Management);5;La gestion de la comptabilité (Accounting Management) a pour objectif de suivre la consommation réseau par abonné en vue d'établir une facture.
Quelle formule résume l'écueil du trop-plein d'informations en supervision ?;Trop d'informations tue l'information;Qui peut le plus peut le moins;L'information, c'est le pouvoir;Mieux vaut prévenir que guérir;2;L'écueil du trop-plein d'informations se résume par la formule « trop d'informations tue l'information », qui survient quand les aspects organisationnels ont été insuffisamment pris en compte.
Quelle catégorie de supervision surveille la mémoire utilisée et la charge processeur d'un serveur ?;La supervision système;La supervision applicative;La supervision de la comptabilité;La supervision réseau;2;La supervision système se cantonne à la machine elle-même et à ses ressources : mémoire utilisée, charge processeur, analyse des fichiers de logs système.
Pourquoi la supervision applicative est-elle plus subtile ?;Parce qu'elle est interdite sur les serveurs;Parce qu'elle ne fonctionne qu'en local;Parce qu'elle nécessite toujours SNMP;Parce qu'un port ouvert ne garantit pas que l'application derrière n'est pas plantée;5;La supervision applicative vérifie le fonctionnement de l'application elle-même car rien ne garantit qu'un port ouvert signifie que l'application située derrière n'est pas plantée.
À quelle couche du modèle OSI le protocole ICMP opère-t-il ?;Couche 2 (liaison);Couche 3 (réseau);Couche 7 (application);Couche 4 (transport);3;ICMP (Internet Control Message Protocol) est un protocole de couche 3 (réseau) qui palie l'absence de message d'erreur du protocole IP.
Combien de codes différents le type 3 « destinataire inaccessible » d'ICMP comporte-t-il ?;8;1;3;16;5;Les erreurs ICMP sont classées en types parfois re-divisés en codes : le type 3 représente un destinataire inaccessible et comporte 16 codes différents selon la raison.
Quelle norme d'administration l'ISO avait-elle proposée avant que SNMP ne s'impose ?;CMIS/CMIP;TCP/IP;LDAP;X.25;2;L'ISO avait proposé dans les années 80 la norme CMIS/CMIP (Common Management Information Service ISO 9595, Common Management Information Protocol ISO 9596), mais SNMP, plus simple, est devenu le standard de fait.
Quels sont les trois éléments importants de SNMP ?;RFC 1155, 1156, 1157 uniquement;La base de données MIB, la structure SMI, le protocole d'échange SNMP;GET, SET, TRAP;Le manager, l'agent, le proxy;3;SNMP repose sur trois éléments : une base de données MIB gérée par chaque agent, une structure commune de représentation SMI (RFC 1155), et le protocole d'échange SNMP entre manager et agent (RFC 1157).
Pourquoi SNMP est-il bâti au-dessus d'UDP plutôt que de TCP ?;Parce que TCP ne supporte pas les alarmes;Parce qu'UDP chiffre les données;Pour sa simplicité, sa rapidité et sa concision (8 octets d'en-tête contre 20 pour TCP);Parce qu'UDP est fiable et connecté;4;UDP est retenu pour SNMP pour sa simplicité, sa rapidité et sa concision (8 octets d'en-tête contre 20 pour TCP), ce qui permet de remonter très vite des alarmes, au prix d'un transport non fiable où des messages peuvent être perdus.
Quel message SNMP un agent émet-il de lui-même vers un manager pour remonter une alarme ?;Le set-request (SET);Le trap (TRAP);Le get-request (GET);Le get-response;3;Le message trap (TRAP) est le signal émis par un agent en direction d'un manager, par exemple pour remonter une alarme, les autres messages SNMPv1 sont GET, GETNEXT, SET et get-response.
Quels ports UDP SNMP utilise-t-il ?;67 et 68;161 pour tout;53 côté agent et 80 côté manager;161 côté agent pour GET/GETNEXT/SET et 162 côté manager pour les TRAPs;5;SNMP utilise le port UDP 161 côté agent pour les requêtes GET, GETNEXT et SET, et le port UDP 162 côté manager pour les TRAPs.
Quelle faille de sécurité importante présente le champ communauté de SNMPv1 ?;Il est chiffré mais faible;Il passe en clair sur le réseau;Il change à chaque requête;Il est stocké dans la MIB;3;Le champ communauté de SNMPv1 joue le rôle de mot de passe de validation d'une requête, mais il passe en clair sur le réseau, ce qui constitue une faille importante de sécurité comblée par les versions ultérieures.
Selon quel codage les paramètres d'une requête SNMP sont-ils encodés ?;Le codage binaire brut;Le codage UTF-8;Le codage Base64;Le codage TLV (Type, Longueur, Valeur) ou BER;5;Les paramètres d'une requête SNMP sont encodés selon le codage TLV (Type, Longueur, Valeur), aussi appelé BER (Basic Encoding Rules), défini dans la SMI.
Dans quel langage un objet de la MIB est-il déclaré et défini ?;SQL;ASN.1 (Abstract Syntax Notation 1);Python;XML;3;Un objet de la MIB est déclaré et défini en langage ASN.1 (Abstract Syntax Notation 1), dont SNMP n'utilise qu'une petite partie des types (INTEGER, OCTET STRING, IpAddress, Counter, TimeTicks...).
À quelle structure la MIB est-elle comparable ?;À un arbre similaire à celui du DNS;À une table de routage;À une pile;À une base relationnelle plate;2;La MIB possède une structure d'arbre similaire à celle du DNS, avec une racine non nommée à partir de laquelle chaque objet est identifié de façon absolue par son OID.
Que faut-il obtenir de l'IANA pour étendre la MIB d'un agent avec des objets privés ?;Un certificat SSL;Un nom de domaine;Un numéro identificateur d'entreprise;Une clé de chiffrement;4;Pour placer des objets propres dans la MIB privée (branche private.enterprises.nom_entreprise), il faut souscrire un numéro identificateur d'entreprise ou d'institution à l'IANA.
Quelle version de SNMP est le standard actuel ?;SNMPsec;SNMPv2c;SNMPv1;SNMPv3;5;SNMPv3 (RFC 3411) est le standard actuel : il combine la sécurité basée sur les usagers avec les types et opérations de SNMPv2p, et ajoute la capacité pour les proxies.
Que fait la commande NET-SNMP snmpwalk ?;Elle met à jour la valeur d'un objet;Elle génère un TRAP;Elle convertit un OID en nom symbolique;Elle balaye complètement une branche de la MIB d'un agent distant;5;snmpwalk fonctionne comme snmpgetnext mais permet de balayer complètement une branche de la MIB d'un agent SNMP distant, tandis que snmptranslate convertit entre OID décimal et forme symbolique.
Quel protocole le programme ping utilise-t-il ?;SNMP;TCP;ICMP (requête Echo et réponse Echo Reply);UDP;4;Ping utilise le protocole ICMP : il envoie une requête ICMP Echo et attend en retour une réponse ICMP Echo Reply, ce qui permet de savoir si une machine est accessible et de mesurer la latence.
Que génère l'outil MRTG pour représenter l'état d'une ressource surveillée ?;Des alertes SMS;Des fichiers CSV;Des pages HTML contenant des images PNG;Des rapports PDF;4;MRTG, réalisé en Perl et en C, surveille la charge des liens réseaux et génère des pages HTML contenant des images au format PNG qui représentent graphiquement l'état en temps réel de la ressource.
Que signifie l'acronyme RRDTOOL ?;Resource Report Design TOOL;Real-time Reporting Data TOOL;Rapid Router Debug TOOL;Round Robin Database TOOL;5;RRDTOOL signifie Round Robin Database TOOL, d'après la technique Round Robin utilisée pour la gestion du stockage des données, c'est un outil incontournable de génération de graphiques dans la supervision open-source.
Quelle est l'originalité de Zabbix pour acquérir des données sans SNMP ?;L'interface Web en PHP;Le proxy optionnel;L'agent Zabbix local installé sur l'équipement;Le test de service par ping;4;L'originalité de Zabbix est l'agent Zabbix local : installé sur un système, il permet d'obtenir toute information sur l'équipement sans utiliser le protocole SNMP.
De quel logiciel Nagios est-il le successeur ?;Cacti;NetSaint;NetMRG;Zabbix;3;Nagios est le successeur de NetSaint, créé en 1999 par Ethan Galstad, qui a été renommé Nagios en 2002.
Quel code retour d'un plugin Nagios signifie « CRITICAL » ?;0;1;2;3;4;Un plugin Nagios renvoie un code retour : 0 = OK, 1 = WARNING, 2 = CRITICAL (le service ne fonctionne plus) et 3 = UNKNOWN.
Quelle est la différence entre les agents NRPE et NSCA de Nagios ?;NRPE envoie de lui-même les données, NSCA attend les ordres;Ce sont deux noms du même agent;NRPE ne fonctionne que sous Windows;NRPE reçoit la demande de Nagios puis renvoie le résultat, NSCA planifie et exécute en local puis envoie le résultat;5;Avec NRPE, c'est Nagios qui initie la vérification (polling), tandis qu'avec NSCA la vérification est planifiée et exécutée en local puis le résultat est envoyé à Nagios (trapping), ce qui inverse le sens des connexions.
Dans quel langage Shinken est-il une refonte du cœur de Nagios ?;Java;C;Python;Perl;4;Le projet Shinken consiste en une refonte complète du cœur de Nagios en Python, avec une architecture plus souple conçue pour les architectures distribuées et environ cinq fois plus de performances que Nagios classique.
À quoi servent les Management Packs de SCOM ?;Ce sont des agents installés sur les équipements;Ce sont les ensembles de règles et d'informations nécessaires à la supervision d'une application spécifique;Ce sont des rapports de disponibilité;Ce sont des scripts de correction automatique;3;SCOM s'appuie sur des Management Packs, qui sont les ensembles de règles et d'informations nécessaires à la supervision d'une application spécifique, fournis par Microsoft et de nombreux éditeurs ou créés par l'administrateur.
De quel protocole SNMP est-il la version simplifiée retenue par la communauté Internet ?;CMIP (Common Management Information Protocol);NTP;RMON;TCP/IP;2;L'ISO a modélisé les requêtes d'administration selon le protocole rigoureux mais complexe CMIP, la communauté Internet en a retenu l'essentiel dans une version simplifiée, SNMP.
Que vise le modèle Manager / Agent ?;Le remplacement du modèle OSI;Le chiffrement systématique des trames;La vision de bout en bout de la chaîne de liaison mobilisée par chaque session;La suppression des stations d'administration;4;Le modèle Manager / Agent organise le dialogue entre une station d'administration et les équipements du réseau et permet d'entrevoir la vision de bout en bout de la chaîne de liaison.
Quels sont les trois aspects de la gestion des fautes selon l'ISO ?;La surveillance, la localisation des pannes et leur résolution;Le polling, le trap et le get-bulk;L'installation, le paramétrage et la suppression;La confidentialité, l'intégrité et l'authentification;2;La gestion des fautes envisage la surveillance (détecter et analyser les événements), la localisation des pannes par sollicitation des équipements, et la résolution des pannes par les corrections appropriées.
Pourquoi la gestion comptable reste-t-elle largement insatisfaite ?;Parce qu'elle est interdite par les RSSI;Parce que les équipements gèrent des liens logiques sans connaître leurs utilisateurs;Parce que SNMP ne mesure aucune charge;Parce que la MIB ne contient pas de compteurs;3;L'imputation de la charge réseau n'est pas simplifiée par le fait que les équipements gèrent le plus souvent des liens logiques sans connaître leurs utilisateurs et ne s'intéressent pas au contenu des trames.
Quels ports SNMP les RSSI hésitent-ils à laisser ouverts pour des raisons de sécurité ?;Les ports 137 et 139;Les ports 161 et 162;Les ports 80 et 443;Les ports 20 et 21;3;Le modèle Manager / Agent propose aux pirates une structure et des protocoles d'échange sur les ressources, l'éradication pure et simple des trames adressées aux ports 161 et 162 (dédiés à SNMP) est évoquée comme une mesure radicale.
Combien de types d'objets de base un nœud de la MIB peut-il contenir ?;Six, comme les couches OSI hautes;Quatre : entiers, chaînes de caractères, identificateurs d'objet et objets null;Deux : entiers et chaînes;Un seul, l'OID;3;À chaque niveau de l'arbre de la MIB, les nœuds peuvent contenir quatre types d'objets de base : des entiers, des chaînes de caractères, des identificateurs d'objet et des objets de type null.
Comment le nom d'un nœud de la MIB est-il obtenu ?;En inversant l'adresse IP;Par le constructeur uniquement;Par concaténation des noms de ses prédécesseurs séparés par un point;Par tirage aléatoire à la création;4;Le nom d'un nœud de la MIB est obtenu par concaténation des noms de ses prédécesseurs, séparés par un point, et peut aussi être désigné par son identifiant OID.
Où se situent obligatoirement les branches privées de la MIB ?;Sous le nœud « mgmt »;À la racine (root);Dans la branche expérimentale;Sous le nœud « private », dans la branche « entreprise »;5;Les branches privées, à la disposition des constructeurs, se situent nécessairement sous le nœud « private », chaque constructeur y recevant un identifiant propre dans la branche « entreprise ».
Comment une branche standard de la MIB est-elle mise à jour ?;Uniquement par les constructeurs;En modifiant directement les objets existants;Par création d'une nouvelle branche au même point, l'ancienne étant déclarée obsolète;En supprimant la branche entière;4;La mise à jour d'une branche standard consiste à créer une nouvelle branche au même point d'implantation, l'ancienne étant déclarée obsolète, les objets ne diffèrent que par l'identifiant de la nouvelle branche, ce qui assure une compatibilité ascendante.
Dans le dialogue SNMP, quel est le seul cas où l'agent a l'initiative ?;La requête GetRequest;L'alarme (Trap);La requête GetBulk;La requête SetRequest;3;L'administrateur interroge l'agent pour obtenir des indicateurs et l'agent répond, le seul cas où l'agent a l'initiative du dialogue est celui de l'alarme (Trap).
Quel message SNMP permet de demander un lot d'informations en une seule requête ?;GetRequest;GetNextRequest;GetBulk;SetRequest;4;Le message GetBulk permet de demander un lot d'informations, en complément de GetRequest (une info), GetNextRequest (la suivante), SetRequest (mise à jour) et Trap (alarme).
En quoi CMIP est-il théoriquement préférable à SNMP ?;Il est plus simple à implémenter;Il est fondé sur un modèle objet, a mieux pris en compte la sécurité et opère en mode connecté;Il ne nécessite pas de MIB;Il utilise moins d'octets par message;3;CMIP est théoriquement préférable car fondé sur un modèle objet, avec une meilleure prise en compte de la sécurité et un mode connecté qui permet à la station de savoir en permanence si les agents sont actifs, mais sa complexité le fait délaisser au profit de SNMP.
Comment le mot de passe « communauté » est-il transmis en SNMPv2 ?;Chiffré avec DES;En clair durant les sessions;Jamais transmis;Haché en MD5;3;Parmi les faiblesses de SNMPv2 figurent l'absence de chiffrement des échanges et la transmission du mot de passe « communauté » en clair durant les sessions.
Sur quel modèle de sécurité SNMPv3 repose-t-il pour l'authentification ?;Le modèle par groupes de SNMPsec;Le modèle USM (User-based Security Model), avec hachage MD5 et SHA;Le modèle Kerberos;Le modèle communautaire de SNMPv1;3;SNMPv3 apporte l'authentification par utilisateur via le modèle USM (User-based Security Model), avec des fonctions de hachage MD5 et SHA et le chiffrement des clés privées avec DES, ainsi qu'un contrôle d'accès aux ressources à plusieurs niveaux.
Quelle est une limite de la supervision globale par SNMP ?;Elle ne peut pas remonter d'alarmes;Elle porte sur des trafics et des charges sans les individualiser;Elle nécessite un mode connecté;Elle ne fonctionne que sur les routeurs;3;La supervision globale porte sur des trafics ou des charges sans les individualiser : on sait que le trafic IP croît, mais on ne peut pas l'attribuer à tel utilisateur ni mesurer directement ses temps de réponse.
Comment les sondes RMON comblent-elles les lacunes de la supervision globale ?;Elles chiffrent les échanges SNMP;Elles suppriment le besoin d'agents;Elles remplacent la MIB par une base SQL;Elles surveillent des portions de réseau de manière autonome et rapportent en SNMP des informations synthétisées;5;Les sondes associées à la MIB RMON surveillent de manière autonome des portions de réseau ou des applications, réagissent aux événements locaux et rapportent en SNMP des informations synthétisées aux administrateurs.
Quel protocole assure la fonction de maître du temps pour synchroniser les horloges des équipements ?;NTP (Network Time Protocol);ICMP;NTP-SEC;SNMP;2;C'est au protocole NTP (Network Time Protocol), construit selon une hiérarchie en couches, que revient la fonction de maître du temps, indispensable à la corrélation des problèmes de réseau et à la gestion centralisée de la sécurité malgré le mode non connecté d'IP.
Quel type d'outil de supervision est aujourd'hui privilégié à la DGI ?;Les produits libres, mis en œuvre sans procédure de passation de marché;Les frameworks intégrés comme Tivoli;Les développements internes uniquement;Les outils propriétaires monoposte;2;Parmi les frameworks intégrés, les séries d'outils intégrables et les produits libres, c'est la solution des produits libres qui est actuellement privilégiée, car elle peut être mise en œuvre sans procédure de passation de marché.
Sur quel port UDP un agent SNMP écoute-t-il les requêtes de polling du manager ?;UDP 162;UDP 53;UDP 161;UDP 123;4;En mode polling, le manager interroge à intervalle régulier l'agent qui écoute sur UDP/161, tandis que l'agent émet ses traps vers le manager sur UDP/162.
Que renvoie le service de base de Nagios via ICMP ?;La charge processeur du serveur;La liste des services ouverts;Le contenu des logs applicatifs;Si une machine est démarrée et depuis combien de temps elle n'est plus disponible;5;Le service de base de Nagios indique via ICMP si une machine est démarrée ou non et depuis combien de temps elle n'est plus disponible, les données étant historisées dans une base.
Quel est le rôle des collecteurs de supervision dans l'architecture de SINAPS V5 ?;Ils affichent les tableaux de bord aux utilisateurs;Ils hébergent une instance de Nagios et interceptent ou récupèrent les informations des équipements supervisés;Ils stockent la configuration globale;Ils répliquent la base vers le site de PRA;3;Les collecteurs de supervision de SINAPS V5 hébergent une instance du produit Nagios et interceptent ou envoient des requêtes vers les équipements et applications supervisés pour en retirer les informations de supervision.
Que remplacent les programmes ssh, scp et sftp de la suite OpenSSH ?;telnet et rlogin, rcp, et FTP;SNMP, ICMP et NTP;VNC, MRTG et Nagios;http, https et ftp anonymes;2;Dans la suite OpenSSH, ssh remplace telnet et rlogin, scp remplace rcp et sftp est la version sécurisée du transfert de fichiers FTP, l'ensemble chiffrant les données échangées entre systèmes distants.
Pourquoi Nagios ne supporte-t-il pas SNMP nativement ?;Parce que SNMP est obsolète;Parce qu'il n'utilise que le protocole CMIP;Parce qu'il refuse les traps;Parce qu'il est l'évolution de NetSaint et nécessite les interfaces Net-SNMP et trapsnmp;5;Nagios, qui est l'évolution de NetSaint, n'a pas de support natif pour SNMP : il est nécessaire d'utiliser les interfaces Net-SNMP et trapsnmp pour interroger un agent SNMP ou traiter des traps.
Que signifie l'acronyme EBIOS ?;Expression des Buts et Inventaire des Outils de Sécurité;Étude des Biens, Impacts et Objectifs de Sûreté;Évaluation des Besoins Informatiques et Organisation de la Sécurité;Expression des Besoins et Identification des Objectifs de Sécurité;5;EBIOS signifie Expression des Besoins et Identification des Objectifs de Sécurité, une méthode d'appréciation et de traitement des risques de sécurité de l'information.
Quel organisme est à l'origine de la méthode EBIOS ?;L'ISO, dans le cadre de la norme 27005;Le CLUSIF, qui l'a créée en 2003;Le Club EBIOS, qui l'a créée en 1990;L'ANSSI (ex-DCSSI), qui l'a créée en 1995 et révisée en 2010;5;EBIOS a été créée en 1995 par la DCSSI, devenue l'ANSSI, et a connu une révision majeure en 2010, la méthode étant maintenue avec le concours du Club EBIOS.
Quel texte a porté création de l'ANSSI ?;La loi Informatique et Libertés du 6 janvier 1978;Le décret n° 2009-834 du 7 juillet 2009;La directive NIS de 2016;Le Règlement général sur la protection des données de 2016;3;L'ANSSI a été créée par le décret n° 2009-834 du 7 juillet 2009, en tant que service à compétence nationale rattaché au SGDSN.
Quel événement de novembre 1988 a accéléré la prise de conscience de la sécurité des SI ?;La divulgation de la faille Heartbleed;La première attaque par déni de service distribué;Le ver Internet, dit ver de Morris, qui a paralysé une large part du réseau;La publication de la norme ISO 27001;4;En novembre 1988, le ver Internet (ver de Morris) s'est propagé massivement et a conduit à la création du premier CERT à l'université Carnegie Mellon.
Que désigne l'acronyme CERT ?;Common Enterprise Risk Taxonomy;Centre d'Étude des Risques Techniques;Cellule d'Expertise et de Réaction Territoriale;Computer Emergency Response Team;5;CERT signifie Computer Emergency Response Team, le premier étant le CERT/CC (Coordination Center) hébergé par Carnegie Mellon et financé par la DARPA.
Quel est le CERT gouvernemental français historique ?;Le CLUSIF, créé en 1992;Le CERT-IST, créé par la sphère industrielle;Le CERT-RENATER, dédié à la recherche;Le CERTA, créé en 1999 et inauguré le 21 février 2000;5;Le CERTA, rattaché à l'ANSSI, a été créé en 1999 et inauguré le 21 février 2000, d'autres CERT français existent comme le CERT-IST, le CERT-RENATER ou des CERT d'entreprises.
Qu'est-ce que le FIRST ?;La première norme internationale de sécurité;Le nom de code du ver de Morris;Le forum créé en 1990 qui fédère les CERT du monde entier;Le référentiel d'audit de l'ANSSI;4;Le FIRST (Forum of Incident Response and Security Teams) a été créé en 1990 pour coordonner et faire coopérer les équipes de réponse aux incidents à l'échelle mondiale.
Depuis quelle année le Club EBIOS existe-t-il ?;Depuis 1995;Depuis 2010;Depuis 2003;Depuis 1988;4;Le Club EBIOS existe depuis 2003, il rassemble experts publics et privés et utilisateurs pour faire évoluer et promouvoir la méthode.
Quelle méthode d'analyse de risques est publiée par le CLUSIF ?;OCTAVE;ISO 31000;EBIOS;MEHARI;5;MEHARI (MEthode Harmonisée d'Analyse de RIsques) est publiée par le CLUSIF, alors qu'EBIOS est portée par l'ANSSI et OCTAVE par l'université Carnegie Mellon.
Combien de phases comporte la méthode OCTAVE ?;Quatre phases;Trois phases;Deux phases;Cinq phases;3;OCTAVE (Operationally Critical Threat, Asset and Vulnerability Evaluation), issue de Carnegie Mellon, s'articule en trois phases centrées sur les actifs critiques, les vulnérabilités et la stratégie de sécurité.
Quelle norme fixe le vocabulaire de la gestion des risques repris par EBIOS ?;L'ISO 27001;L'ISO 15408;Le Guide ISO 73, intégré à l'ISO 31000;L'ISO 9001;4;Le Guide ISO 73 définit le vocabulaire de la gestion des risques, EBIOS a fait converger sa terminologie vers ce guide et vers l'ISO 31000.
À quoi correspond la norme ISO 27005 ?;Aux exigences d'un système de management de la sécurité;Aux critères communs d'évaluation des produits;À la gestion des risques de sécurité de l'information;Au code de bonnes pratiques et aux mesures de sécurité;4;L'ISO 27005 traite de la gestion des risques de sécurité de l'information, l'ISO 27001 porte les exigences du SMSI et l'ISO 27002 le catalogue de mesures.
Quels sont les trois critères de sécurité retenus par EBIOS ?;Disponibilité, Intégrité, Confidentialité;Prévention, Protection, Récupération;Gravité, Vraisemblance, Impact;Authentification, Autorisation, Audit;2;EBIOS apprécie les besoins de sécurité des biens essentiels selon trois critères : la disponibilité, l'intégrité et la confidentialité, parfois complétés par d'autres critères comme la traçabilité.
Sur quel type de bien EBIOS apprécie-t-elle les besoins de sécurité sans étudier les vulnérabilités ?;Le bien support matériel;Le bien essentiel (information ou processus important pour l'organisme);Le bien support humain;Le bien support logiciel;3;Le bien essentiel est une information ou un processus dont on apprécie les besoins de sécurité et non les vulnérabilités, ce sont les biens supports qui portent les vulnérabilités.
Qui est le dépositaire d'un bien essentiel dans EBIOS ?;L'autorité d'homologation;L'auditeur externe mandaté;La personne responsable de ce bien essentiel;Le fournisseur du matériel qui l'héberge;4;Dans EBIOS, le dépositaire est responsable d'un bien essentiel, tandis que le propriétaire est responsable d'un bien support et de l'application des mesures de sécurité qui s'y rapportent.
De quoi un événement redouté est-il constitué ?;D'un bien support et de son propriétaire;D'une menace, d'une vulnérabilité et d'une source, avec un niveau de vraisemblance;D'un besoin de sécurité d'un bien essentiel, d'impacts et de sources de menaces, avec un niveau de gravité;D'une mesure de sécurité et d'un risque résiduel;4;L'événement redouté associe un bien essentiel et son besoin de sécurité, les impacts en cas de non-respect et les sources de menaces à l'origine, il est estimé par un niveau de gravité.
De quoi un scénario de menace est-il constitué ?;D'une menace, de vulnérabilités de biens supports et de sources de menaces, avec un niveau de vraisemblance;D'un objectif de sécurité et d'une mesure de sécurité;D'un bien essentiel, d'un besoin de sécurité et d'un impact;D'une gravité et d'une déclaration d'applicabilité;2;Le scénario de menace combine une menace, une ou plusieurs vulnérabilités exploitables sur des biens supports et les sources de menaces susceptibles de les utiliser, il est estimé par sa vraisemblance.
Comment EBIOS définit-elle un risque ?;Comme un bien support sans propriétaire;Comme une menace multipliée par un coût financier;Comme une vulnérabilité non corrigée;Comme la combinaison d'un événement redouté et de scénarios de menaces pouvant le provoquer;5;Un risque EBIOS résulte du rapprochement d'un événement redouté (ce que l'organisme craint) et d'un ou plusieurs scénarios de menaces (ce à quoi il est exposé), il est caractérisé par sa gravité et sa vraisemblance.
Quels sont les niveaux de l'échelle de gravité proposée par EBIOS ?;Vert, Jaune, Orange, Rouge;Faible, Moyen, Élevé, Très élevé;Négligeable, Limitée, Importante, Critique;Minime, Significative, Forte, Maximale;4;L'échelle de gravité type d'EBIOS comporte quatre niveaux : négligeable, limitée, importante et critique.
Quels sont les niveaux de l'échelle de vraisemblance proposée par EBIOS ?;Minime, Significative, Forte, Maximale;Rare, Possible, Probable, Certain;Négligeable, Limitée, Importante, Critique;Nul, Bas, Haut, Extrême;2;L'échelle de vraisemblance type d'EBIOS comporte quatre niveaux : minime, significative, forte et maximale.
Quelles sont les quatre options de traitement d'un risque ?;Le détecter, le confiner, le corriger, le documenter;Le réduire, le transférer, l'éviter, le prendre;Le chiffrer, l'auditer, le tracer, le sauvegarder;Le prévenir, le protéger, le restaurer, le compenser;3;EBIOS retient quatre options de traitement d'un risque : le réduire (mesures de sécurité), le transférer ou partager, l'éviter en changeant le contexte, ou le prendre en assumant ses conséquences.
Quelle est la différence entre estimation brute et estimation nette d'un risque ?;La brute concerne la gravité, la nette la vraisemblance;La brute est faite par la MOA, la nette par la MOE;La brute ignore les mesures de sécurité existantes, la nette en tient compte;La brute est chiffrée, la nette est qualitative;4;EBIOS demande une première estimation dite brute, sans considérer les mesures de sécurité existantes, puis une estimation nette qui intègre l'effet de ces mesures.
Qu'est-ce qu'un risque résiduel dans EBIOS ?;Un risque écarté du périmètre dès le module 1;Le risque qui subsiste une fois les objectifs de sécurité atteints et les mesures mises en œuvre;Un risque uniquement théorique sans impact;Un risque transféré en totalité à un assureur;3;Le risque résiduel est celui qui demeure après satisfaction des objectifs de sécurité et mise en œuvre des mesures, il doit être explicitement accepté en connaissance de cause.
Combien de modules comporte la démarche EBIOS ?;Cinq;Trois;Quatre;Sept;2;La démarche EBIOS comprend cinq modules : étude du contexte, étude des événements redoutés, étude des scénarios de menaces, étude des risques et étude des mesures de sécurité.
Quel module d'EBIOS délimite le périmètre et identifie biens essentiels et biens supports ?;Le module 1 (étude du contexte);Le module 4 (étude des risques);Le module 2 (étude des événements redoutés);Le module 5 (étude des mesures de sécurité);2;Le module 1, étude du contexte, cadre le périmètre, identifie les biens essentiels et les biens supports, et fixe les paramètres à prendre en compte, dont les critères de gestion des risques.
Dans quel module d'EBIOS estime-t-on le niveau de gravité ?;Dans le module 2, étude des événements redoutés;Dans le module 1, étude du contexte;Dans le module 5, étude des mesures de sécurité;Dans le module 3, étude des scénarios de menaces;2;Le module 2 apprécie les événements redoutés et leur attribue un niveau de gravité, tandis que la vraisemblance est estimée dans le module 3 pour les scénarios de menaces.
Quelles sont les deux activités du module 4 d'EBIOS ?;Analyser les scénarios et évaluer les scénarios;Apprécier les risques et identifier les objectifs de sécurité;Étudier le contexte et apprécier les événements redoutés;Formaliser les mesures et prononcer l'homologation;3;Le module 4 comprend l'appréciation des risques (analyse puis évaluation) et l'identification des objectifs de sécurité (choix des options de traitement et analyse des risques résiduels).
Quelles sont les trois lignes de défense de la défense en profondeur selon EBIOS ?;Une ligne amont, une ligne médiane et une ligne aval;Une ligne physique, une ligne logique et une ligne organisationnelle;Une ligne préventive, une ligne protectrice et une ligne récupératrice;Une ligne réseau, une ligne système et une ligne applicative;4;La défense en profondeur exige au minimum trois lignes de défense : préventive (éviter l'incident), protectrice (bloquer, contenir, détecter) et récupératrice (limiter les conséquences et revenir à l'état initial).
Parmi ces termes, lequel est un principe de la défense en profondeur selon EBIOS ?;La granularité;La complétude;La réversibilité;La non-répudiation;3;Les six principes de la défense en profondeur selon EBIOS sont la globalité, la coordination, le dynamisme, la suffisance, la complétude et la démonstration.
À quoi sert la déclaration d'applicabilité établie dans le module 5 ?;À lister les biens supports et leurs propriétaires;À planifier le calendrier de mise en œuvre des mesures;À estimer la gravité des événements redoutés;À expliquer comment références, contraintes et hypothèses ont été prises en compte et à justifier les mesures retenues ou écartées;5;La déclaration d'applicabilité justifie la prise en compte des paramètres (références applicables, contraintes, hypothèses) et le positionnement vis-à-vis des meilleures pratiques, celles non couvertes par une mesure pouvant être jugées inutiles.
Qu'est-ce que l'homologation de sécurité d'un système d'information ?;Un test d'intrusion validé par un prestataire;L'engagement d'une autorité attestant que le SI est protégé conformément aux objectifs et apte à entrer en service avec des risques résiduels acceptés;Un label commercial délivré par l'éditeur du logiciel;Une certification ISO 27001 délivrée par un organisme accrédité;3;L'homologation est la décision par laquelle une autorité atteste que le SI prend en compte les contraintes opérationnelles, respecte les objectifs de sécurité et peut entrer en service avec des risques résiduels connus et maîtrisés.
Quelle est la durée fréquente d'une homologation de sécurité complète ?;6 mois;Entre 3 et 5 ans;Illimitée;10 ans minimum;3;Une homologation complète est prononcée pour une durée déterminée, fréquemment de 3 à 5 ans, éventuellement assortie de conditions, l'autorité peut aussi prononcer une homologation provisoire avec réserves ou un refus.
Que signifie l'acronyme FEROS ?;Fonction d'Estimation du Risque Optimisée pour la Sécurité;Fiche d'Enregistrement des Ressources et Options de Sûreté;Formulaire d'Évaluation des Risques Opérationnels et Systèmes;Fiche d'Expression Rationnelle des Objectifs de Sécurité;5;La FEROS (Fiche d'Expression Rationnelle des Objectifs de Sécurité), au sens du Guide 150, est un document synthétique servant notamment à l'homologation d'un système d'information.
Quel document des Critères Communs (ISO 15408) exprime des exigences de sécurité pour une catégorie de produits ?;La cible de sécurité;La note de cadrage;La déclaration d'applicabilité;Le profil de protection (PP);5;Le profil de protection (PP) exprime des exigences de sécurité génériques pour une catégorie de produits, alors que la cible de sécurité les exprime pour un produit précis à évaluer.
Quelle matrice de répartition des rôles est utilisée dans une étude EBIOS ?;La matrice BCG;La matrice SWOT;La matrice de Farmer;La matrice RACI;5;La matrice RACI (Responsible, Accountable, Consulted, Informed) sert à répartir les rôles et responsabilités entre les acteurs mobilisés pour l'étude.
EBIOS est-elle compatible avec l'ISO 27001 ?;Non, elle s'y oppose sur le vocabulaire;Uniquement pour la partie mesures de sécurité;Seulement depuis la version 2010 pour l'ISO 9001;Oui, elle permet de satisfaire l'ensemble des exigences de gestion des risques de l'ISO 27001 et de l'ISO 31000;5;EBIOS répond aux exigences de gestion des risques de l'ISO 27001 et de l'ISO 31000, avec un vocabulaire aligné sur le Guide ISO 73, ce qui en fait une méthode complémentaire des normes.
Pourquoi EBIOS est-elle qualifiée de « boîte à outils » ?;Parce qu'elle impose un catalogue de scénarios prédéfinis;Parce que ses activités, leur détail et leur enchaînement s'adaptent au sujet, aux livrables, à la phase du cycle de vie et au secteur;Parce qu'elle se limite à l'audit technique;Parce qu'elle fournit un logiciel unique et figé;3;La spécificité d'EBIOS est sa souplesse : c'est une boîte à outils dont on choisit les activités, le niveau de détail et le séquencement selon le sujet étudié, les livrables attendus, la phase du cycle de vie et le secteur.
Quel avantage la construction méthodique d'EBIOS offre-t-elle face aux approches par catalogue ?;Elle dispense d'estimer gravité et vraisemblance;Elle supprime le besoin d'impliquer les métiers;Elle réduit l'analyse à une liste de scénarios connus;Elle identifie et combine les éléments constitutifs des risques, ce qui garantit l'exhaustivité de l'analyse;5;Contrairement aux méthodes fondées sur des scénarios prédéfinis, EBIOS construit les risques en combinant leurs composants (sources, menaces, vulnérabilités, impacts), ce qui assure l'exhaustivité de l'analyse.
Quel est le nom du cabinet fictif servant d'exemple fil rouge dans la présentation d'EBIOS ?;RISKORP;@CME-SI;@RCHIMED;SECURA;4;La démarche EBIOS est illustrée tout au long du fascicule par l'exemple du cabinet @RCHIMED, de l'étude du contexte jusqu'à l'homologation de sécurité.
Quelles sont les trois catégories de mode d'exploitation de sécurité d'un SI ?;Ouvert, Restreint et Secret;Nominal, Dégradé et Secours;Exclusif, Dominant et Multi-niveaux;Interne, Externe et Hybride;4;Le mode d'exploitation de sécurité d'un système peut être exclusif, dominant ou multi-niveaux, selon la façon dont les utilisateurs sont habilités par rapport aux informations traitées.
Sur quoi repose l'ingénierie sociale (social engineering) ?;Sur l'exploitation des failles humaines : confiance, ignorance, crédulité des personnes;Sur une faille logicielle du système d'exploitation;Sur la saturation de la bande passante;Sur le cassage cryptographique des mots de passe;2;L'ingénierie sociale est une acquisition déloyale d'information qui exploite les failles humaines et sociales de la structure cible pour obtenir un bien, un service ou des informations clefs.
Quel pirate célèbre est associé à l'ingénierie sociale et au piratage des réseaux téléphoniques ?;Dan Farmer;Michael Calce alias Mafiaboy;Jeanson James Ancheta;Kevin Mitnick;5;Kevin Mitnick, connu pour le piratage des réseaux téléphoniques et l'attaque des machines de Tsutomu Shimomura, a utilisé des techniques d'ingénierie sociale et a effectué cinq ans de prison.
Que recense l'acronyme MICE, traduit en français par VICE ?;Les leviers psychologiques de manipulation : Money, Ideology, Compromise, Ego;Les types de virus : macro, boot, exécutable, script;Les quatre couches du modèle TCP/IP;Les phases d'une attaque : Map, Intrude, Compromise, Erase;2;MICE (Money, Ideology, Compromise, Ego), en français VICE (Vénal, Idéologie, Compromission, Ego), recense les leviers psychologiques utilisés pour retourner un agent.
Que désigne le « shoulder surfing » ?;L'observation directe d'une saisie, par-dessus l'épaule ou à distance avec des jumelles;La récupération de données dans les poubelles;L'analyse des trames d'un réseau commuté;Le rebond d'une attaque via un serveur FTP;2;Le shoulder surfing utilise des techniques d'observation directe, comme regarder par-dessus l'épaule de quelqu'un, pour obtenir un code, un mot de passe ou une saisie de formulaire.
À quoi sert le sniffing sur un réseau local non commuté ?;À capturer et décoder les paquets qui transitent, y compris des mots de passe non chiffrés;À empoisonner un cache DNS;À usurper une adresse IP;À rechercher les ports ouverts d'un serveur;2;Le sniffing permet de lire et d'enregistrer les paquets d'un réseau local non commuté, de décoder leurs champs et d'intercepter les mots de passe ou informations transitant en clair.
Comment est généralement considéré un balayage de ports (port scan) effectué sur un système tiers ?;Comme une écoute passive indétectable;Comme une tentative d'intrusion, car il sert souvent à préparer une intrusion;Comme une attaque par déni de service;Comme une opération sans conséquence juridique;3;Un balayage de ports sur un système tiers est généralement considéré comme une tentative d'intrusion car il sert souvent à préparer une intrusion, même s'il est aussi utilisé par les administrateurs.
Qu'est-ce que la stéganographie ?;La compression sans perte d'un fichier;La dissimulation d'informations sensibles au sein d'autres informations anodines;La signature électronique d'un document;Le chiffrement asymétrique des messages;3;La stéganographie est un procédé ancien de dissimulation d'informations sensibles parmi d'autres informations moins importantes, dans du texte, des images ou des sons, le watermarking en est un cas particulier.
Quelle est la différence entre menaces actives et menaces passives ?;Les menaces actives sont internes, les passives sont externes;Les menaces actives altèrent le système, les menaces passives se contentent d'observer;Les menaces actives visent le matériel, les passives visent le logiciel;Les menaces actives sont légales, les passives sont illégales;3;Les menaces actives (virus, vers, chevaux de Troie, spam, phishing, déni de service, bombes logiques) altèrent le système, tandis que les menaces passives (écoute des lignes, analyse de trafic) se limitent à l'observation.
Qu'est-ce qui distingue un ver d'un virus ?;Le ver ne peut pas se reproduire;Le ver n'affecte que les macros de documents;Le ver se propage seul vers d'autres ordinateurs à travers le réseau;Le ver a besoin d'un fichier hôte pour s'exécuter;4;Les vers sont proches des virus mais capables de se propager seuls sur d'autres ordinateurs à travers le réseau, un moyen courant étant le carnet d'adresses du client de messagerie.
Quelle faille le ver Blaster exploitait-il ?;Une faille du protocole SMTP;Une faille des serveurs web IIS;Une faille du noyau Linux;Une faille du service Windows DCOM RPC;5;Blaster exploitait une faille du service Windows DCOM RPC, tandis que Code Red exploitait une faille des serveurs IIS et défigurait les sites.
Qu'est-ce qu'un cheval de Troie ?;Un programme qui se reproduit sans intervention humaine;Un serveur de messagerie mal configuré;Un dispositif matériel d'écoute du réseau;Un logiciel d'apparence légitime qui exécute des actions à l'insu de l'utilisateur;5;Un cheval de Troie est un logiciel d'apparence légitime conçu pour exécuter des actions à l'insu de l'utilisateur, souvent pour ouvrir une porte dérobée donnant un accès distant secret.
Qu'est-ce qu'un spyware (espiogiciel) ?;Un logiciel qui chiffre les fichiers contre rançon;Un logiciel qui collecte des informations sur une machine et les envoie à l'insu de l'utilisateur;Un logiciel de sauvegarde automatique;Un pare-feu personnel;3;Un spyware collecte des informations d'une machine et les envoie à l'insu de l'utilisateur, le concept a été nommé par Microsoft en 1995, décliné en adware (publicité) et malware.
Qui contrôle un botnet ?;Le fournisseur d'accès de la victime;Un serveur DNS racine;L'éditeur de l'antivirus;Un « bot herder » ou « botmaster », via IRC, HTTP, DNS, messagerie instantanée, P2P ou Skype;5;Un botnet est un réseau de machines infectées contrôlées par un bot herder ou botmaster, qui peut piloter ses bots via des serveurs IRC ou web, des requêtes DNS, la messagerie instantanée, le P2P ou Skype.
Parmi ces usages, lequel est typique d'un botnet ?;Optimiser la bande passante du réseau;Chiffrer les communications de bout en bout;Envoyer du spam et mener des dénis de service distribués;Sauvegarder les données des victimes;4;Un botnet sert notamment à envoyer du spam, voler des informations avec un keylogger, diffuser des spywares, paralyser un réseau par déni de service distribué ou héberger du phishing.
Quelle est la définition du spam selon la CNIL ?;Un message publicitaire pour lequel le destinataire a donné son accord;Tout courrier électronique contenant une pièce jointe;Un courrier envoyé à une liste de diffusion professionnelle;L'envoi massif de courriers non sollicités à des personnes dont l'adresse a été captée de façon irrégulière;5;Selon la CNIL, le spam est l'envoi massif et parfois répété de courriers électroniques non sollicités à des personnes avec lesquelles l'expéditeur n'a jamais eu de contact et dont il a capté l'adresse de façon irrégulière.
Que doit éviter de devenir un serveur de messagerie mal configuré ?;Un « open relay » exploitable pour relayer du spam;Un contrôleur de domaine;Un serveur DNS secondaire;Un proxy transparent;2;Un serveur de courrier doit être bien configuré et éviter de devenir un « open relay » (relais ouvert), sinon les spammeurs l'utilisent pour relayer leurs envois.
En quoi consiste le greylisting (liste grise) anti-spam ?;À supprimer définitivement tout message d'un expéditeur inconnu;À chiffrer les messages entrants;À dupliquer les messages vers une boîte de quarantaine;À rejeter temporairement un message par un code de refus provisoire envoyé au MTA émetteur;5;Le greylisting rejette temporairement un message par émission d'un code de refus temporaire au MTA émetteur : les serveurs légitimes réémettent après quelques minutes, la plupart des serveurs de spam non.
De quoi le mot « phishing » est-il la contraction ?;De PHreaking et fISHING;De PHishing et spamMING;De PHone et pISHING;De PHysical et fISHING;2;Le mot phishing (hameçonnage) provient de la contraction de PHreaking et fISHING, la technique est utilisée massivement depuis 2003 par courriel, messagerie instantanée ou faux sites.
Quelle est la principale parade comportementale contre le phishing ?;Ne jamais cliquer sur un lien reçu mais taper soi-même l'adresse dans le navigateur;Répondre au message pour vérifier son authenticité;Désactiver le pare-feu pour accéder au site;Transférer le message à ses contacts;2;Contre le phishing, il ne faut jamais cliquer sur un lien mais taper l'adresse dans le navigateur, se méfier des formulaires demandant des informations confidentielles et vérifier le chiffrement et la validité du certificat.
Pourquoi le scam est-il aussi appelé « 419 » ?;En référence à l'article du code pénal nigérian qui réprime ce type d'arnaque;Parce qu'il utilise le port TCP 419;Parce qu'il est apparu en avril 2019;Parce qu'il rapporte en moyenne 419 dollars;2;Les scams, arnaques à l'extorsion de fonds d'origine africaine, sont connus sous le nom de « 419 » en référence à l'article du code pénal nigérian réprimant ce type d'arnaque.
En quoi consiste l'attaque « ping of death » ?;Bloquer les messages ICMP echo reply;Envoyer des milliers de requêtes ping par seconde depuis un botnet;Envoyer un paquet ICMP malformé dépassant la taille IP maximale de 65 535 octets;Répondre à toutes les requêtes ping d'un réseau;4;Le ping of death est une attaque historique de déni de service par envoi d'un paquet ping malformé dépassant la taille maximale de 65 535 octets, que certains systèmes ne savaient pas traiter, d'où un crash de la cible.
Pourquoi une attaque UDP Flood congestionne-t-elle fortement le réseau ?;Parce qu'UDP établit une connexion en trois temps;Parce que le trafic UDP n'a pas de contrôle de congestion et devient prioritaire sur le trafic TCP;Parce qu'UDP chiffre chaque paquet;Parce qu'UDP retransmet chaque paquet perdu;3;L'UDP Flood exploite le mode non connecté d'UDP : sans mécanisme de contrôle de congestion, le trafic UDP devient prioritaire sur TCP, qui réduit son débit, jusqu'à occuper presque toute la bande passante.
Qu'est-ce que l'IP spoofing ?;L'analyse passive des trames d'un réseau;La saturation d'un cache ARP;Le rejeu d'une session TCP interceptée;L'usurpation de l'adresse IP d'un autre ordinateur;5;L'IP spoofing parodie l'adresse IP d'un autre ordinateur pour brouiller les pistes ou obtenir un accès à des systèmes dont l'authentification est fondée sur l'adresse IP, comme rlogin ou rsh.
Comment repère-t-on une attaque SYN flood en cours sur une cible ?;La commande netstat -an montre un grand nombre de connexions dans l'état SYN_RECV;Le cache ARP contient des doublons;Le serveur DNS renvoie de mauvaises adresses;Le fichier /etc/shadow est modifié;2;Le SYN flood inonde la cible de segments SYN à adresse source usurpée et inaccessible, la machine garde de nombreuses connexions en état SYN_RECV, visibles avec netstat -an.
Quelle parade permet de limiter la portée d'un SYN flood ?;Ouvrir davantage de ports en écoute;Désactiver totalement le protocole TCP;Allonger la file d'attente des connexions et réduire la temporisation d'établissement;Augmenter la taille des paquets acceptés;4;Contre le SYN flood, on recommande d'allonger la file d'attente et de réduire la temporisation d'établissement de connexion, les OS modernes intègrent nativement SYN cookie et SYN cache.
Quand l'attaque DDoS a-t-elle été popularisée et par qui ?;Le 14 février 2000, contre des sites .com renommés, par « Mafiaboy » (Michael Calce);En 1988, par le ver de Morris;En 2010, par les Anonymous contre PayPal;En 1995, par Dan Farmer avec SATAN;2;Les attaques DDoS ont été popularisées le 14 février 2000 contre des sites .com renommés (eBay, CNN, Amazon), le coupable, Michael Calce alias « Mafiaboy », 15 ans, a été condamné à huit mois en centre de détention pour jeunes.
En quoi consiste l'ARP spoofing ?;Polluer les caches ARP avec de fausses associations adresse MAC / adresse IP;Usurper un nom de domaine dans un serveur DNS;Rejouer les segments d'une session TCP;Envoyer des requêtes ICMP sur une adresse de broadcast;2;L'ARP spoofing pollue les caches ARP avec de fausses associations adresse MAC / adresse IP, ce qui permet des attaques man in the middle, du déni de service et le contournement de règles de firewall.
Quelle parade est classiquement opposée à l'ARP spoofing ?;Bloquer tout le trafic ICMP;Fermer le port UDP 53;Utiliser des associations statiques et surveiller les changements avec arpwatch;Activer le chiffrement WPA2 sur le Wi-Fi;4;Les parades usuelles à l'ARP spoofing sont l'emploi d'associations statiques (peu souple) et la surveillance des changements d'association via des outils comme arpwatch sous Unix ou WinARPWatch sous Windows.
Pourquoi le TCP hijacking permet-il de prendre une session en cours ?;Parce que le contrôle d'authentification n'a lieu qu'à l'ouverture de la session;Parce que TCP ne numérote pas ses segments;Parce que TCP fonctionne en mode non connecté;Parce que chaque paquet TCP est authentifié individuellement;2;Dans le TCP hijacking, comme le contrôle d'authentification s'effectue uniquement à l'ouverture de la session, un pirate qui réussit l'interception garde la main pendant toute la durée de la session.
En quoi consiste une attaque Smurf ?;Saturer la table de routage d'un routeur;Empoisonner le cache d'un serveur DNS;Envoyer une trame ICMP echo request vers une adresse de diffusion en usurpant l'adresse de la victime;Injecter du code SQL dans un formulaire;4;Le Smurf consiste à envoyer une trame ICMP echo request sur une adresse de diffusion, les nombreuses réponses des intermédiaires, dirigées vers la victime dont l'adresse est usurpée, l'écroulent.
Qu'est-ce que le DNS cache poisoning ?;Chiffrer les réponses DNS pour empêcher leur lecture;Rediriger le trafic vers un serveur DNS interne;Effacer toutes les entrées d'un serveur DNS;Empoisonner le cache d'un serveur DNS pour rerouter un nom légitime vers un site pirate;5;Le DNS cache poisoning vise à corrompre le cache des serveurs DNS pour rerouter un site réel vers un site pirate, BIND en a été victime en juillet 2007, son générateur d'identifiants de requêtes étant prévisible.
Quelle proportion des vulnérabilités les buffer overflows représentent-ils ?;Environ un dixième;La totalité;Moins de un pour cent;Environ deux tiers;5;Le buffer overflow est une vulnérabilité extrêmement répandue, représentant environ deux tiers des vulnérabilités, il consiste à écrire des données hors de la zone allouée dans la pile ou le tas.
À quoi sert un « canary » dans la protection contre les débordements de pile ?;C'est un fichier journal des accès;C'est un repère aléatoire placé devant l'adresse de retour, vérifié avant le retour de la fonction;C'est un antivirus résident en mémoire;C'est un compteur de tentatives de connexion;3;Certains compilateurs (StackGuard dérivé de gcc) placent un repère « canary », généré aléatoirement, devant l'adresse de retour, si une attaque l'écrase, le programme le détecte avant le retour de la fonction.
Qu'est-ce qu'une race condition ?;Une course entre deux serveurs pour répondre à une requête;Un conflit d'adresses IP sur le réseau;Une ressource manipulée simultanément par plusieurs processus ou threads sans opération atomique;Un dépassement de la file d'attente d'un routeur;4;Une race condition survient quand une ressource (fichier, structure de données) est manipulée simultanément par plusieurs processus ou threads, certaines opérations doivent être rendues atomiques et les droits d'accès très précis.
Sur quoi repose une attaque XSS (Cross Site Scripting) ?;Sur l'usurpation d'une adresse MAC;Sur l'exécution de scripts dans le navigateur de la victime;Sur le cassage d'une clé de chiffrement;Sur la saturation de la bande passante du serveur;3;Le nom Cross Site Scripting vient de l'exécution de scripts (JavaScript, VBScript) dans le navigateur de la victime, souvent pour détourner un cookie de session, à ne pas confondre avec CSS (Cascading Style Sheet).
Quel est le remède commun aux failles XSS et aux injections SQL ?;Ne jamais faire confiance à une saisie utilisateur et filtrer ou échapper les caractères indésirables;Augmenter la taille des tampons mémoire;Bloquer le port 80;Chiffrer la base de données;2;Le remède commun est de ne jamais faire confiance à une saisie utilisateur : filtrer les caractères indésirables comme < et > (par exemple avec htmlspecialchars en PHP) et traiter les valeurs des formulaires avant toute requête.
Quel risque spécifique la virtualisation introduit-elle ?;Elle interdit la répartition de charge;La panne d'une ressource commune peut bloquer tous les services hébergés;Elle rend impossible le clonage des serveurs;Elle empêche toute sauvegarde des machines;3;La virtualisation présente des risques : une panne ou une indisponibilité d'une ressource commune peut bloquer tous les services hébergés, un manque de cloisonnement peut causer une fuite d'informations, et une machine virtuelle peut être copiée à l'insu du propriétaire.
Quelle est la première phase type d'une attaque ?;Le lancement immédiat d'un déni de service;Le craquage des mots de passe administrateur;L'installation d'un rootkit;La récolte d'informations sur la cible via les bases whois et les moteurs de recherche;5;La première phase d'une attaque est en général la récolte d'informations sur la cible : interrogation des bases whois et usage de moteurs de recherche, avant une analyse plus détaillée (cartographie, services ouverts, vulnérabilités).
Quel est l'outil de référence pour le scan de ports ?;nmap;arpwatch;tcpdump;tripwire;2;nmap est l'outil de référence pour le scan de ports, il existe sous Unix, Linux et Windows et supporte de nombreuses techniques : TCP connect (-sT), SYN half-open (-sS), FIN stealth (-sF), Xmas (-sX), Null (-sN), UDP (-sU).
À quoi sert l'option -O de nmap ?;À scanner sans envoyer de trame ICMP;À tenter d'identifier le système d'exploitation de la cible par fingerprinting;À ralentir la fréquence des envois;À imposer le port source des paquets;3;L'option -O de nmap active le fingerprinting pour la détection distante du système d'exploitation, tandis que -P0 évite l'envoi de trames ICMP et -D lance un decoy scanning avec des sources leurres.
Qu'est-ce que le fingerprinting passif ?;L'identification d'un système sans émettre d'information, par analyse des trames qu'il envoie;L'envoi de paquets malformés pour observer les réponses;La lecture forcée de la table ARP d'un hôte;Le relevé des empreintes digitales de l'administrateur;2;Le fingerprinting est dit passif quand il n'émet aucune information et se contente d'analyser les trames envoyées par une machine distante, par exemple avec l'outil p0f ou l'analyse d'un fichier de log.
Qu'est-ce que Nessus ?;Un ver exploitant une faille IIS;Un système de prévention d'intrusion matériel;Un sniffer multiplateforme;Un scanner de vulnérabilités client/serveur à plug-ins, doté du langage NASL;5;Nessus est un outil de test de sécurité basé sur le modèle client/serveur, qui utilise des plug-ins et dispose du langage NASL (Nessus Attack Scripting Language), sa base de vulnérabilités est mise à jour régulièrement.
Quelle est la différence entre un IDS et un IPS ?;L'IDS chiffre le trafic, l'IPS le déchiffre;L'IDS agit sur les couches hautes, l'IPS sur les couches basses;L'IDS détecte les intrusions sans les bloquer, l'IPS peut stopper le trafic suspect;L'IDS est matériel, l'IPS est toujours logiciel;4;Un IDS, comme Snort en NIDS, détecte les intrusions par approche comportementale et par signatures sans les bloquer, alors qu'un IPS peut stopper un trafic jugé suspect, sur un routeur, un firewall ou un boîtier en rupture.
Qu'est-ce qu'un rootkit ?;Un protocole de synchronisation d'horloge;Un ensemble de techniques pour obtenir et pérenniser un accès non autorisé de façon furtive;Un scanner de ports en ligne de commande;Un utilitaire de sauvegarde du répertoire /root;3;Un rootkit est un ensemble de techniques mises en œuvre par un ou plusieurs logiciels dont le but est d'obtenir et de pérenniser un accès généralement non autorisé à une machine de la manière la plus furtive possible, c'est un cas classique de cheval de Troie.
Comment un rootkit classique se dissimule-t-il sur un système Unix ?;En chiffrant tout le disque dur;En désactivant la carte réseau;En changeant l'adresse IP de la machine;En remplaçant des commandes comme ps, netstat et ls et en nettoyant les logs;5;Un rootkit classique contient un sniffer et des binaires piégés (inetd, login), remplace des commandes comme ps, netstat et ls, et inclut des outils de nettoyage des journaux dans /var/log.
Quel outil permet de se prémunir des rootkits par contrôle d'intégrité ?;John the Ripper;hping3;p0f;tripwire;5;Pour se prémunir des rootkits on utilise un contrôle d'intégrité comme tripwire, la détection après coup s'appuie sur des utilitaires comme chkrootkit sous Unix ou RootkitRevealer sous Windows.
Quels outils servent à craquer des mots de passe ?;MRTG et vigilog;arp-sk et Cain & Abel;Snort et Nessus;Crack et John the Ripper sous Unix/Linux, L0phtCrack sous Windows;5;Le craquage de mots de passe s'appuie sur des outils comme Crack et John the Ripper sous Unix/Linux ou L0phtCrack sous Windows, face à la multiplication des mots de passe on recourt aussi à des coffres-forts et au SSO.
Qu'est-ce que la cryptographie ?;Une discipline de la cryptologie qui protège les messages à l'aide de secrets ou de clés;Une technique de sauvegarde chiffrée sur bande;Un synonyme de compression de données;La science qui analyse les cryptogrammes pour les décrypter;2;La cryptographie est une des disciplines de la cryptologie s'attachant à protéger des messages (confidentialité, authenticité, intégrité) à l'aide de clés, en rendant un message inintelligible pour qui n'est pas destinataire.
Quelle est la différence entre un « chiffre » et un « code » ?;Le chiffre est logiciel, le code est matériel;Le chiffre substitue les mots, le code substitue les lettres;Le chiffre est symétrique, le code est asymétrique;Le chiffre substitue au niveau des lettres, le code au niveau des mots ou des phrases;5;Le chiffre utilise la substitution au niveau des lettres, tandis que le code utilise la substitution au niveau des mots ou des phrases.
Que signifie « décrypter » un message ?;Signer un message avec une clé privée;Calculer l'empreinte d'un message;Chiffrer un message avec une clé publique;Retrouver le message clair sans posséder la clé de déchiffrement;5;Décrypter, c'est retrouver le message clair correspondant à un message chiffré sans posséder la clé de déchiffrement, là où les anglophones parlent de « casser » un code.
Comment divise-t-on traditionnellement la cryptologie ?;En confidentialité et disponibilité;En hachage et signature;En cryptographie (conception) et cryptanalyse (analyse et mise en défaut);En cryptographie symétrique et cryptographie par flot;4;On divise la cryptologie en deux branches : la cryptographie, qui conçoit les mécanismes de sécurité, et la cryptanalyse, qui tente d'analyser leur sécurité voire de la mettre en défaut.
Quel article a donné naissance à la cryptographie asymétrique et en quelle année ?;Le standard DES du NBS, en 1977;L'article de Diffie et Hellman, en 1976;Les travaux de Shannon, en 1949;L'article de Rivest, Shamir et Adleman, en 1977;3;La cryptographie asymétrique est issue de l'article fondateur de Whitfield Diffie et Martin Hellman publié en 1976, qui suggère qu'il n'est pas nécessaire de partager un secret préalable pour chiffrer un message.
Quels sont les quatre grands objectifs de sécurité traités par la cryptographie ?;Identification, journalisation, supervision, audit;Disponibilité, redondance, sauvegarde, archivage;Confidentialité, intégrité, authentification, non-répudiation;Compression, encapsulation, routage, filtrage;4;La cryptographie traite principalement de la confidentialité, de l'intégrité des données, de l'authentification (de données ou d'entités) et de la non-répudiation.
Qu'est-ce que la non-répudiation et comment l'assure-t-on principalement ?;La garantie que le message n'a pas été lu, assurée par le chiffrement symétrique;La certitude que la clé n'a pas expiré, assurée par la CRL;Un service empêchant une entité de nier une action, assuré surtout par la signature à clé publique;La preuve qu'un message est arrivé, assurée par un accusé de réception;4;La non-répudiation vise à éviter qu'une entité puisse nier avoir effectué une action, son principal mécanisme est la signature à clé publique, qui reste valide même si le signataire change ensuite d'avis.
Qu'est-ce qui caractérise le chiffrement symétrique ?;Une clé publique chiffre et une clé privée déchiffre;Une même clé secrète partagée sert à chiffrer et à déchiffrer;Aucune clé n'est nécessaire;Chaque message utilise une clé calculée à partir de son empreinte;3;Le chiffrement symétrique utilise une seule clé, partagée par les protagonistes, qui sert à la fois à chiffrer et à déchiffrer les données échangées.
Quelles sont les deux familles de chiffrement symétrique ?;Le chiffrement matériel et le chiffrement logiciel;Le chiffrement par bloc et le chiffrement par flot;Le chiffrement local et le chiffrement distant;Le chiffrement par substitution et par transposition;3;Les méthodes de chiffrement symétrique se divisent en deux familles : le chiffrement par bloc (block cipher) et le chiffrement par flot (stream cipher).
Parmi ces algorithmes, lequel est symétrique ?;Diffie-Hellman;DSA;RSA;AES;5;AES, comme DES, 3DES, RC4, RC5, MISTY1 ou le chiffre de Vernam, est un algorithme symétrique, RSA et DSA sont asymétriques et Diffie-Hellman est un protocole d'échange de clés.
Pourquoi la taille n d'une clé symétrique est-elle déterminante ?;Parce que la clé doit être renouvelée tous les n jours;Parce qu'il existe 2^n clés possibles, ce qui conditionne la faisabilité d'une recherche exhaustive;Parce que le message chiffré fait n octets;Parce que n désigne le nombre de correspondants;3;La taille de clé n est déterminante car on peut former exactement 2^n clés de longueur n, si ce nombre est trop faible, une attaque par recherche exhaustive énumérant toutes les clés devient réalisable.
Quel inconvénient découle du partage de la clé secrète en chiffrement symétrique ?;Le message doit être haché avant l'envoi;Les clés ne peuvent jamais être renouvelées;Le chiffrement devient trop lent pour les gros volumes;La signature et la non-répudiation sont impossibles;5;Comme la clé secrète est partagée par les deux correspondants, on ne peut pas prouver qui a chiffré un message : la signature et la non-répudiation sont impossibles en symétrique pur.
Quel est le principe fondamental du chiffrement asymétrique ?;Les opérations publiques et les opérations privées utilisent des clés différentes;La même clé est dérivée à partir de l'empreinte du message;La clé est transmise en clair au début de la session;Chaque correspondant partage sa clé privée avec l'autre;2;L'idée majeure de la cryptographie asymétrique est que les opérations publiques (chiffrement, vérification de signature) n'utilisent pas les mêmes clés que les opérations privées (déchiffrement, signature).
Avec quelle clé chiffre-t-on un message destiné à un correspondant en asymétrique ?;Avec la clé privée du destinataire;Avec la clé publique du destinataire;Avec une clé de session tirée au hasard sans échange;Avec sa propre clé privée;3;En chiffrement asymétrique, on chiffre avec la clé publique du destinataire, seule sa clé privée correspondante permet ensuite de déchiffrer le message.
Sur quels problèmes mathématiques repose surtout la cryptographie asymétrique ?;Le tri de grandes listes;La compression de données sans perte;La factorisation de grands nombres premiers et le calcul de logarithmes discrets;La résolution de systèmes linéaires;4;Les problèmes asymétriques utilisables sont peu nombreux et reposent presque tous sur la théorie des nombres : factorisation de grands nombres premiers et calcul de logarithmes discrets, dont les courbes elliptiques.
Quel est l'inconvénient technique majeur du chiffrement asymétrique ?;L'absence totale de clé publique;La grande lenteur des algorithmes, qui interdit les gros volumes de données;L'obligation de partager un secret au préalable;L'impossibilité de vérifier une signature;3;Le chiffrement asymétrique est très lent : ses algorithmes ne peuvent pas être employés pour de grands volumes, c'est pourquoi il sert surtout à échanger les clés symétriques.
Comment combine-t-on en pratique chiffrement asymétrique et symétrique ?;Les deux chiffrent successivement chaque paquet;Le symétrique échange la clé asymétrique, puis l'asymétrique chiffre les données;On alterne un paquet sur deux entre les deux méthodes;L'asymétrique échange la clé symétrique, puis le symétrique chiffre rapidement les données;5;Le chiffrement asymétrique est employé pour échanger les clés symétriques afin de pouvoir ensuite utiliser un algorithme symétrique permettant un échange rapide de données.
À quelle attaque le chiffrement asymétrique reste-t-il vulnérable, même avec signature ?;À l'attaque par interception (man in the middle);Au débordement de tampon;À l'attaque par rejeu de fragments IP;À la recherche exhaustive de clés;2;Le chiffrement asymétrique, même avec signature électronique, reste vulnérable à une attaque par interception, ce qui justifie les mécanismes de certification des clés publiques.
Qu'est-ce qu'une fonction de hachage cryptographique ?;Une table de correspondance entre noms et adresses;Un protocole d'échange de clés;Une fonction déterministe transformant une donnée de taille quelconque en un condensat de taille fixe, non inversible;Un algorithme de chiffrement réversible avec clé secrète;4;Une fonction de hachage transforme de manière déterministe une suite de bits de longueur quelconque en un condensat (empreinte) de taille fixe, qu'on demande d'être non inversible en pratique.
Quelles sont les deux propriétés attendues d'une fonction de hachage cryptographique ?;Le partage de clé et la rapidité;La réversibilité et la compression;La confidentialité et la non-répudiation;La non-inversibilité et l'absence de collision;5;On demande à une fonction de hachage cryptographique d'être non inversible (impossible de trouver un antécédent d'un condensat) et sans collision (impossible de trouver deux messages distincts de même condensat).
Quel est l'état de MD5 et de SHA-1 selon le fascicule ?;SHA-1 est sûr mais MD5 n'a jamais été utilisé;MD5 et SHA-1 sont tous deux recommandés;MD5 est sûr mais SHA-1 est cassé;MD5 est définitivement cassé et SHA-1 n'est plus conforme au référentiel;5;Après les attaques annoncées en août 2004, ni MD5 (définitivement cassé) ni SHA-1 (non conforme au référentiel) ne sont plus considérés comme sûrs, la famille SHA-2 reste utilisable en attendant SHA-3.
Comment obtient-on une signature numérique d'un message ?;En hachant la clé publique de l'émetteur;En chiffrant le message entier avec la clé publique du destinataire;En concaténant le message et la clé de session;En chiffrant l'empreinte du message avec la clé privée de l'émetteur;5;La signature numérique est obtenue en chiffrant l'empreinte (condensat) du message avec la clé privée de l'émetteur, seule la personne possédant cette clé privée peut donc signer.
Comment vérifie-t-on la validité d'une signature numérique ?;En déchiffrant le message avec la clé privée du destinataire;En comparant deux CRL successives;En appliquant la clé publique de l'émetteur à la signature pour restituer l'empreinte, comparée à celle du message reçu;En recalculant la clé de session via IKE;4;La clé publique de l'émetteur, appliquée à la signature, restitue l'empreinte d'origine, que l'on compare à l'empreinte recalculée du message reçu : toute altération ou mauvaise clé rend la signature invalide.
Que garantit l'action de signer électroniquement un message ?;L'anonymat de l'émetteur;L'identification et l'authentification de l'auteur, l'intégrité et la non-répudiation;La seule confidentialité du message;La disponibilité du serveur de messagerie;3;L'action de signer assure l'identification et l'authentification de l'auteur du message, la vérification de son intégrité et la non-répudiation.
Qu'est-ce qu'un certificat électronique ?;Une clé privée protégée par mot de passe;Une liste des algorithmes autorisés sur un serveur;Un fichier de journalisation des connexions chiffrées;Un document liant une clé publique à l'identité de son propriétaire et à un usage, signé par une autorité de certification;5;Le certificat est un document électronique fixant la relation entre une clé publique, son propriétaire (personne, application ou site) et l'application pour laquelle il est émis, il vaut carte d'identité numérique et est signé par l'autorité de certification.
Sur quelle norme s'appuie le format des certificats ?;La norme X.509 (ITU-T, RFC 2459);La norme IKE;La norme HMAC;La norme LDAP (RFC 2251);2;Le certificat s'appuie sur le protocole normalisé X.509 (ITU-T, RFC 2459), qui associe à la clé des informations sur l'entité, les listes de révocation suivent le format X.509 v2 CRL.
Qu'est-ce qu'une CRL ?;Une liste signée des certificats révoqués avant leur date d'expiration;Un annuaire des clés publiques valides;Un protocole de négociation de clé de session;Un algorithme de hachage certifié;2;Une CRL (Certificate Revocation List) est une structure de données signée qui regroupe les certificats révoqués, son format est défini par X.509 v2 CRL.
Quel protocole d'annuaire sert à publier les certificats et clés publiques ?;ICMP;LDAP (Lightweight Directory Access Protocol);NTP;SMTP;3;La publication des certificats, et donc des clés publiques, se fait au moyen de structures d'annuaires de type LDAP (Lightweight Directory Access Protocol, RFC 2251).
Qu'est-ce qu'une IGC (PKI) ?;Un algorithme de chiffrement par bloc;Un protocole de tunneling chiffré;L'ensemble des matériels, logiciels, personnes, règles et procédures pour créer, gérer, stocker, distribuer et révoquer des certificats à clé publique;Un serveur unique qui stocke toutes les clés privées;4;Une Infrastructure de Gestion de Clés est un ensemble de matériels, logiciels, personnes, règles et procédures nécessaires pour créer, gérer, stocker, distribuer et révoquer des certificats basés sur la cryptographie à clés publiques.
Quel est le rôle de l'autorité de certification dans une IGC ?;Elle définit et fait appliquer la politique de certification et signe les certificats avec sa clé privée;Elle distribue matériellement les cartes à puce;Elle vérifie physiquement l'identité de chaque demandeur au guichet;Elle héberge l'annuaire LDAP des clés publiques;2;L'autorité de certification est le tiers de confiance qui fait appliquer la politique de certification, signe les certificats avec sa clé privée et reste responsable, pour ses utilisateurs, du niveau de confiance fourni par l'IGC.
Quel est le rôle de l'autorité d'enregistrement (AE) ?;Publier les listes de révocation en temps réel;Signer les certificats à la place de l'autorité de certification;Contrôler et vérifier l'identité du demandeur et authentifier les demandes de révocation;Générer la clé privée de l'autorité racine;4;L'autorité d'enregistrement assure le contrôle des données identifiant le demandeur, authentifie les demandes de révocation ensuite exécutées par l'AC, et assure le recouvrement des certificats lors des renouvellements.
Que réalise l'opération d'« affectation » d'une clé cryptographique ?;Elle détruit définitivement la clé en fin de vie;Elle transporte physiquement la clé jusqu'à l'équipement;Elle publie la clé publique dans un annuaire;Elle fait passer une valeur numérique du statut de donnée brute à celui de clé, associée à une identité et un usage;5;L'affectation associe à une valeur numérique l'identité de l'utilisateur ou du flux et l'usage dévolu (signature, chiffrement, échange de clé), elle fait passer cette valeur du statut de donnée brute au statut de clé cryptographique.
Révoquer une clé revient-il exactement à la retirer ?;Oui, les deux termes sont strictement équivalents;Oui, mais seulement pour les clés symétriques;Non, une clé révoquée est immédiatement détruite physiquement;Non, une clé révoquée peut encore servir à la vérification ou à la compatibilité ascendante;5;Révoquer une clé n'est pas synonyme de la retirer : une clé révoquée peut continuer d'être utilisée pour des vérifications ou de la compatibilité ascendante, et une clé retirée peut être archivée pour une enquête ultérieure.
Qu'est-ce qu'une politique de certification ?;Le journal des certificats émis dans l'année;Le fichier de configuration du serveur LDAP;Un ensemble de règles indiquant pour quoi et par qui le certificat est applicable, et ses conditions de mise en œuvre;La liste des ports ouverts sur l'autorité de certification;4;Une politique de certification est un ensemble de règles indiquant ce pour quoi le certificat est applicable et par qui, et quelles sont les conditions de sa mise en œuvre aux plans juridique, administratif et technique.
Comment SSH établit-il une session sécurisée avec un client ?;Le mot de passe transite en clair puis la session est chiffrée;Le client et le serveur s'échangent leurs clés privées;Le serveur envoie sa clé publique RSA, le client renvoie une clé symétrique chiffrée avec elle, puis la session est symétrique;Toute la session utilise uniquement du chiffrement asymétrique;4;SSH génère une paire de clés RSA côté serveur (renouvelée régulièrement), envoie la clé publique au client qui génère une clé symétrique, la chiffre avec la clé du serveur et la renvoie, le reste de la communication est en chiffrement symétrique.
Qu'est-ce que le tunneling ?;La duplication d'un site DNS vers un site pirate;La compression des en-têtes IP;La création d'un chemin privé chiffré à travers une infrastructure éventuellement publique;Le balayage des ports d'un serveur distant;4;Un protocole de tunneling crée un chemin privé (tunnel) à travers une infrastructure éventuellement publique, les données étant encapsulées et chiffrées, c'est une solution économique pour relier deux entités distantes.
Où se situe SSL dans la pile de protocoles ?;À la place de la couche réseau;Au niveau de la couche physique;Entre la couche application et la couche transport;Sous la couche liaison de données;4;SSL (Secure Sockets Layer) se situe entre la couche application et la couche transport, il garantit l'authentification, l'intégrité et la confidentialité et sécurise notamment les sites web en HTTPS.
Contre quelles attaques IPSec protège-t-il ?;Contre les seuls débordements de tampon;Contre l'IP spoofing, le TCP session hijacking et le sniffing;Contre les macro-virus;Contre le phishing et le scam;3;IPSec assure authentification, confidentialité et intégrité : il protège contre l'IP spoofing et le TCP session hijacking, et contre le sniffing grâce à une session chiffrée.
Quels sont les deux protocoles de sécurité utilisés par IPSec ?;SSL, qui authentifie, et TLS, qui chiffre;IKE, qui chiffre, et SA, qui authentifie;AH, qui authentifie les messages, et ESP, qui authentifie et chiffre;AH, qui chiffre, et CRL, qui authentifie;4;IPSec utilise deux protocoles : l'en-tête d'authentification AH, qui permet d'authentifier les messages, et le protocole de sécurité encapsulant ESP, qui permet d'authentifier et de chiffrer les messages.
Quels sont les trois modes de fonctionnement d'IPSec ?;Mode bloc, mode flot et mode hybride;Mode transport, mode tunnel et mode intermédiaire;Mode client, mode serveur et mode pair;Mode chiffré, mode signé et mode haché;3;IPSec fonctionne en mode transport (les hôtes source et destination sont les extrémités), en mode tunnel (les extrémités sont des passerelles) et en mode intermédiaire (tunnel entre une machine et une passerelle).
Que contient une SA (Security Association) IPSec ?;La liste des certificats révoqués;Le nom de domaine et l'adresse IP de la passerelle;Un algorithme de chiffrement, une clé de session négociée via IKE et un algorithme d'authentification;Les statistiques de trafic de la connexion;4;Une SA est établie pour chaque connexion IPSec et comprend un algorithme de chiffrement (DES, 3DES), une clé de session obtenue via IKE (Internet Key Exchange) et un algorithme d'authentification (SHA-1, MD5).
Qu'est-ce qu'un VPN ?;Un tunnel chiffré établi sur une infrastructure publique entre deux points;Un serveur de certificats racine;Un annuaire public de clés de chiffrement;Un pare-feu applicatif de couche 7;2;Un VPN (Virtual Private Network) est un chemin privé virtuel qui crée un tunnel chiffré sur une infrastructure publique entre deux points, les logiciels de VPN peuvent s'appuyer sur IPSec, SSL ou d'autres protocoles, comme OpenVPN.
Quel est l'un des services rendus par un firewall ?;Sauvegarder les données utilisateur;Chiffrer les disques durs des postes de travail;Générer les certificats de l'entreprise;Protéger le réseau interne du monde extérieur;5;Un firewall permet notamment de protéger son réseau du monde extérieur, de maintenir les utilisateurs à l'intérieur du réseau et de restreindre le nombre de machines à surveiller étroitement.
Pourquoi un firewall est-il indispensable mais jamais suffisant ?;Parce qu'il ne fonctionne que sous Windows;Parce qu'il ne protège ni contre les menaces internes ni contre les mots de passe faibles;Parce qu'il ralentit fortement le réseau;Parce qu'il ne filtre que le trafic sortant;3;Un firewall est un outil souvent indispensable mais jamais suffisant : il n'offre pas de protection contre le monde intérieur ni contre les mots de passe faibles.
Quelles sont les deux politiques de sécurité possibles pour un firewall ?;Bloquer les IP publiques, ou bloquer les IP privées;Filtrer en entrée seulement, ou filtrer en sortie seulement;Chiffrer tout le trafic, ou ne rien chiffrer;Tout autoriser puis interdire progressivement, ou tout interdire puis ouvrir sélectivement;5;Un firewall nécessite l'établissement d'une politique de sécurité : soit tout autoriser et interdire progressivement, soit tout interdire et ouvrir sélectivement.
Sur quels critères un firewall contrôle-t-il les accès entrants et sortants ?;Par nom d'utilisateur et mot de passe;Par service (port) et par adresse IP;Par empreinte de certificat;Par heure de la journée uniquement;3;Le firewall permet de contrôler les accès entrant et sortant par service et par adresse IP, et selon son type en fonction du contenu du paquet.
De quoi un firewall ne dispense-t-il pas ?;De protéger chaque machine, structurer le réseau et sensibiliser les utilisateurs;D'installer un serveur proxy;De chiffrer les échanges de messagerie;De disposer d'un serveur DNS;2;Un firewall n'empêche pas de bien protéger et administrer toutes ses machines, de bien structurer son réseau, d'éduquer et sensibiliser les utilisateurs, de faire signer une charte et d'assurer une surveillance quotidienne.
Quels sont les principaux types de firewall ?;Firewalls symétriques et asymétriques;Filtres de paquets, passerelles de circuits, passerelles d'applications et leur combinaison;Firewalls matériels et firewalls sans fil;Firewalls de couche 1 et de couche 2;3;Il existe différents types de firewall : les filtres de paquets, les passerelles de circuits, les passerelles d'applications, et la combinaison de ces trois types.
Pourquoi dit-on qu'un filtre de paquets classique n'a pas de notion de contexte ?;Parce qu'il traite tous les paquets de la même façon;Parce qu'il décide uniquement d'après le contenu du paquet en cours;Parce qu'il ignore les adresses IP;Parce qu'il ne lit que l'en-tête Ethernet;3;Les pare-feu de type filtre de paquets n'ont pas de notion de contexte : la décision est prise d'après le contenu du paquet en cours, sans mémoire des paquets précédents.
Quel problème les fragments IP posent-ils au filtrage de paquets ?;Les fragments doublent la taille des paquets;Les fragments n'ont pas d'adresse IP source;Les fragments sont toujours chiffrés;Les fragments ne portent pas de numéro de port, empêchant un filtrage par service;5;Le filtrage de paquets pose problème pour les fragments IP car la trame fragmentée ne contient pas de numéro de port, ce qui rend le filtrage par service impossible.
Pourquoi FTP est-il difficile à filtrer pour un firewall ?;Parce qu'il n'utilise que le protocole UDP;Parce qu'il utilise plusieurs ports à filtrer et à synchroniser;Parce qu'il change d'adresse IP à chaque session;Parce qu'il chiffre toutes ses commandes;3;Certains protocoles sont difficiles à filtrer, comme FTP qui a plusieurs ports (commande et données) à filtrer et à synchroniser lors de la filtration.
Comment fonctionne une passerelle de circuits ?;Elle chiffre le trafic de bout en bout;Elle relaie les connexions TCP entre un port de la passerelle et le port du service destination;Elle attribue des adresses IP aux clients;Elle analyse le contenu applicatif de chaque paquet;3;Les passerelles de circuits relaient les connexions TCP : l'appelant se connecte à un port TCP de la passerelle, elle-même connectée sur le port du service de la machine de destination.
Comment fonctionne une passerelle d'applications ?;Elle se contente de comparer les adresses IP;Elle utilise un programme spécifique par application, ce qui permet de sectionner les flux;Elle fonctionne uniquement en couche 3;Elle ne filtre que les paquets ICMP;3;Les passerelles d'applications définissent un programme spécifique pour chaque application (relai de courrier, relai HTTP) et permettent de sectionner les flux, mais elles sont plus complexes à mettre en œuvre.
Qu'apporte un firewall « stateful » par rapport à un simple filtre de paquets ?;Il supprime le besoin de politique de sécurité;Il remplace l'antivirus des postes;Il chiffre automatiquement toutes les connexions;Il garde la trace du contexte des connexions au lieu de décider paquet par paquet;5;Le firewall stateful multilayer effectue une inspection avec état : il suit le contexte des connexions, souvent couplé à une inspection applicative multicouche, là où le filtre de paquets décide sans mémoire.
Parmi ces fonctionnalités, laquelle est offerte par un firewall récent ?;Le routage dynamique OSPF exclusivement;La translation d'adresses et les tunnels IPsec, PPTP, L2TP;La sauvegarde incrémentale des serveurs;La génération de clés RSA pour les postes;3;Les pare-feu récents autorisent notamment le filtrage IP/protocole, l'inspection stateful et applicative, le filtrage applicatif (HTTP, antispam, antivirus), la translation d'adresses, les tunnels IPsec/PPTP/L2TP, le proxy applicatif et l'IDS/IPS.
Lequel de ces produits est un firewall ?;Nessus;OpenVPN;Cisco ASA;Snort;4;Parmi les exemples de firewalls figurent Checkpoint, les Cisco PIX et ASA, ou un simple serveur sous BSD ou Linux avec iptables ou Packet Filter.
Quel outil transforme un serveur Linux en firewall ?;tcpdump;iptables;stunnel;honeyd;3;Un serveur simple sous Linux peut servir de firewall avec iptables, l'équivalent sous BSD étant Packet Filter.
Comment protège-t-on individuellement un poste de travail ?;Avec un seul mot de passe fort;Avec un antivirus, un anti-spyware, un firewall personnel et les mises à jour de correctifs;En le déconnectant du réseau la nuit;En chiffrant uniquement la messagerie;3;Les postes de travail, parties intégrantes de la sécurité d'un site, doivent être protégés individuellement par un antivirus, un anti-spyware, un firewall personnel et l'application des correctifs de vulnérabilités.
Qu'est-ce qu'un honeypot ?;Un serveur de sauvegarde chiffré;Un annuaire de certificats;Un pare-feu applicatif de dernière génération;Une machine connectée au réseau et volontairement de sécurité faible;5;Un honeypot est une machine connectée au réseau et volontairement de sécurité faible, conçue pour attirer les attaquants.
Quels sont les objectifs d'un honeypot ?;Distraire un attaquant pour protéger les machines sensibles et découvrir de nouvelles techniques d'attaque;Remplacer le firewall périmétrique;Chiffrer les échanges entre sites distants;Accélérer le trafic réseau légitime;2;Un honeypot répond à deux objectifs : distraire un attaquant pour protéger des machines plus sensibles, et découvrir de nouvelles techniques d'attaque et de nouveaux outils.
Qu'est-ce qui caractérise un honeypot à faible interaction ?;Il permet la récolte d'informations à moindre risque en simulant des services;Il ne collecte aucune donnée;Il nécessite un déploiement particulièrement prudent;Il donne un accès root complet à l'attaquant;2;Les honeypots à faible interaction, comme honeyd, honeytrap ou nepenthes, permettent la récolte d'informations à moindre risque car ils ne font que simuler des services.
Qu'est-ce qui caractérise un honeypot à forte interaction ?;Il ne peut être utilisé que sur un réseau isolé sans intérêt;Il se limite à répondre aux requêtes ICMP;Il donne de véritables accès aux attaquants, avec des risques bien plus importants;Il est toujours moins risqué qu'un honeypot à faible interaction;4;Les honeypots à forte interaction, comme ROO HoneyWall, donnent de véritables accès à des attaquants : les risques sont beaucoup plus importants et imposent un déploiement prudent.
Quel projet est associé à la mise en œuvre de honeypots ?;Le projet OpenSSL;Le projet Honeynet;Le projet BugTraq;Le projet Nagios;3;Parmi les exemples de mise en œuvre de honeypots figurent le projet Honeynet et le réseau NoAH (European Network of Affined Honeypots).
Un firewall protège-t-il contre les attaques provenant de l'intérieur du réseau ?;Oui, mais seulement s'il est stateful;Non, il n'offre aucune protection contre le monde intérieur;Oui, il inspecte tout le trafic interne;Non, sauf s'il embarque un antivirus;3;Un firewall ne protège pas contre le monde intérieur : les menaces internes et les mots de passe faibles échappent à son contrôle, d'où la nécessité d'autres mesures.
Selon quels éléments un firewall filtre-t-il les paquets ?;Selon la longueur d'onde du signal;Selon la version du système d'exploitation;Selon le fabricant de la carte réseau;Selon les adresses IP, les ports source et destination et le contenu;5;Les paquets peuvent être triés en fonction des adresses IP, des ports source et destination, et du contenu du paquet.
Quelles sont les deux familles d'outils de détection d'intrusion ?;Les outils libres et les outils commerciaux;Les outils host-based qui analysent les journaux et les outils network-based qui analysent le trafic;Les outils préventifs et les outils curatifs;Les outils locaux et les outils cloud;3;On distingue les outils « host-based », qui analysent les journaux des événements se produisant sur les équipements, et les outils « network-based », qui capturent et analysent le trafic en certains points du réseau, les utiliser tous deux améliore l'analyse.
Pourquoi faut-il prendre au sérieux les alertes des CERT ?;Parce que les CERT imposent des amendes en cas d'inaction;Parce que les CERT gèrent directement le pare-feu de l'entité;Parce que les alertes CERT remplacent la politique de sécurité;Parce qu'un élément du SI signalé comme compromis a de fortes chances d'être aussi repéré par un attaquant;5;Il faut suivre les conseils des CERT car un élément du SI concerné par une compromission mise en avant dans leurs alertes a de fortes chances d'être également repéré par un attaquant, et l'attaque subie peut déjà faire l'objet d'une fiche de remédiation.
Quelle est la première action recommandée en cas de détection d'intrusion ?;Déconnecter la machine du réseau sans l'éteindre ni la redémarrer;Redémarrer la machine en mode sans échec;Éteindre immédiatement la machine pour stopper l'attaque;Lancer un antivirus complet en laissant la machine connectée;2;L'ANSSI et le CERT préconisent de déconnecter la machine du réseau sans l'éteindre ni la redémarrer, sous peine de perdre des informations importantes comme l'état des processus en cours au moment de la détection.
Par quel moyen faut-il prévenir le responsable sécurité d'une intrusion ?;En publiant une note sur l'intranet;Par un message sur la messagerie instantanée interne;Par téléphone ou de vive voix, car l'intrus peut lire les courriers électroniques;Par un courriel détaillé à toute l'équipe;4;Il convient de prévenir immédiatement le responsable sécurité et la hiérarchie, de préférence par téléphone ou de vive voix, car l'intrus est peut-être capable de lire les courriers électroniques échangés depuis une autre machine du réseau.
Quel CERT les administrations françaises doivent-elles contacter en cas d'intrusion ?;Le CERT-IST;Le CERTA (CERT-FR), à contact@cert.ssi.gouv.fr;Le CERT/CC de Carnegie Mellon;Le FIRST;3;En France, le CERT dont dépendent les administrations est le CERTA (devenu CERT-FR), contactable par courrier électronique à contact@cert.ssi.gouv.fr.
Pourquoi réaliser une copie physique de bas niveau du disque d'une machine compromise ?;Parce que cela répare automatiquement le système de fichiers;Parce que cela supprime la porte dérobée de l'intrus;Parce qu'une simple sauvegarde de fichiers ne fournit pas l'intégralité des informations, dont les secteurs non occupés;Parce que c'est plus rapide qu'une sauvegarde de fichiers;4;Une simple sauvegarde de fichiers ne fournit pas l'intégralité des informations contenues sur le disque : il faut une copie de bas niveau incluant les secteurs non occupés, réalisée par exemple avec dd sous Unix, et jamais stockée sur le disque à étudier.
Que faire des traces d'intrusion relevées sur les autres équipements du réseau ?;Les copier, les dater et les signer numériquement;Les laisser en place sans y toucher;Les transmettre directement à l'attaquant présumé;Les supprimer pour éviter toute confusion;2;Un équipement n'est jamais isolé : il faut rechercher les traces liées à la compromission dans tout l'environnement (pare-feu, routeurs, IDS), puis les copier, les dater et les signer numériquement.
Faut-il contacter soi-même l'administrateur de la machine source d'une attaque ?;Non, il faut contacter directement la police;Oui, mais seulement par courriel chiffré;Non, il faut laisser le CERT s'en charger;Oui, immédiatement et par téléphone;4;Il ne faut pas entrer en contact directement avec l'administrateur de la machine attaquante, au risque de communiquer avec le pirate, le CERT, qui dispose de contacts et représente une autorité neutre, obtiendra un bien meilleur résultat.
Pourquoi réinstaller entièrement le système d'exploitation d'une machine compromise ?;Parce que la réinstallation est plus rapide qu'un nettoyage;Parce que n'importe quelle partie du système a pu être modifiée : noyau, binaires, données, processus, mémoire;Parce que le CERT l'exige légalement;Parce que cela conserve les preuves de l'attaque;3;Sur une machine compromise, n'importe quelle partie du système peut avoir été modifiée, réinstaller entièrement l'OS depuis une distribution saine, puis appliquer tous les correctifs avant reconnexion, est le seul moyen de s'assurer de l'absence de porte dérobée.
Que penser du fait de supprimer uniquement la vulnérabilité utilisée par l'intrus ?;C'est suffisant si un antivirus est installé;C'est très largement insuffisant;C'est inutile mais sans risque;C'est la mesure la plus efficace;3;Se contenter de supprimer la vulnérabilité qu'a utilisée l'intrus pour pénétrer le système est très largement insuffisant, car d'autres modifications ou portes dérobées ont pu être laissées.
Quelle est la règle de bon sens n°1 concernant les services d'un système ?;Laisser l'utilisateur choisir les services à activer;Démarrer tous les services par défaut puis surveiller;Ne démarrer que les services nécessaires et aucun autre;Désactiver la journalisation des services;4;La configuration normale d'un système est de ne démarrer que les services qu'il doit offrir et aucun autre, une bonne méthode consiste à tout désactiver au départ et à activer les services au fur et à mesure des besoins.
Après avoir corrigé les vulnérabilités d'un SI compromis, que faut-il faire des mots de passe ?;Désactiver l'authentification par mot de passe;Ne changer que le mot de passe administrateur;Modifier les mots de passe de tous les comptes du système d'information;Ne rien changer si les mots de passe sont forts;4;Une fois toutes les vulnérabilités connues supprimées, il est très fortement recommandé de modifier les mots de passe de tous les comptes du système d'information.
En cas d'intrusion, qui est habilité à déposer plainte ?;N'importe quel administrateur système;Seule la direction de l'organisme, qui en porte l'autorité morale;Le responsable sécurité uniquement;Le CERT au nom de l'organisme;3;Seule la direction de l'organisme, qui en porte l'autorité morale, est habilitée à déposer une plainte.
Quel service central est spécialisé dans la lutte contre la criminalité liée aux technologies de l'information ?;L'ANSSI;L'OCLCTIC;Le CLUSIF;Le FIRST;3;L'OCLCTIC (Office Central de Lutte contre la Criminalité liée aux Technologies de l'Information et de la Communication) est l'un des services spécialisés auprès desquels la direction peut déposer plainte, avec la BEFTI et la DCRI.
En quoi consiste une attaque de mot de passe par force brute ?;À tester toutes les combinaisons possibles;À tester des mots issus d'un dictionnaire;À exploiter une table pré-calculée d'empreintes;À capturer le mot de passe à la frappe;2;L'attaque par force brute consiste à tester toutes les combinaisons possibles d'un mot de passe, plus il y a de combinaisons possibles, plus le temps moyen nécessaire pour le retrouver est long.
En quoi consiste une attaque par dictionnaire ?;À énumérer exhaustivement toutes les chaînes de caractères;À intercepter la session d'authentification;À tester des mots d'un dictionnaire, éventuellement transformés par des règles;À deviner le mot de passe grâce à une chaîne de Markov seule;4;L'attaque par dictionnaire teste une série de mots issus d'un dictionnaire, avec des règles de transformation (majuscule, S remplacé par 5, ajout d'un chiffre), un mot de passe sans signification y résiste a priori.
Qu'est-ce qu'une attaque par compromis temps/mémoire ?;Une attaque nécessitant plus de temps ET plus de mémoire que les autres;Une attaque qui ne fonctionne que sur les mots de passe forts;Une attaque par ingénierie sociale;Une solution intermédiaire entre force brute et dictionnaire, fondée sur des chaînes de hachage et de réduction;5;Les attaques par compromis temps/mémoire sont plus rapides que la force brute et moins gourmandes en mémoire que le dictionnaire complet, elles s'appuient sur des chaînes construites par des fonctions de hachage et de réduction, particulièrement efficaces sur les algorithmes faibles comme le hash LM.
Qu'est-ce qu'une attaque indirecte sur un mot de passe ?;Une attaque qui casse l'algorithme de hachage;Une attaque qui sature le serveur d'authentification;Une attaque qui teste les mots de passe voisins du bon;Une attaque qui capture le mot de passe à la saisie ou le fait communiquer par supercherie;5;Les attaques indirectes, comme le filoutage et les logiciels de capture des frappes clavier, ne cherchent pas à calculer le mot de passe mais à le capturer au moment de sa saisie ou à se le faire communiquer par ruse.
De quoi dépend la force d'un mot de passe ?;Uniquement de la présence de caractères spéciaux;De la fréquence à laquelle il est changé;De sa longueur et du nombre de possibilités par caractère;Uniquement de sa longueur;4;La force d'un mot de passe dépend de sa longueur et du nombre de possibilités existantes pour chaque caractère : minuscules, majuscules, chiffres et caractères spéciaux sont plus difficiles à découvrir que des minuscules seules.
Quel est le paradoxe de la force d'un mot de passe ?;Un mot de passe trop compliqué est noté quelque part par l'utilisateur, ce qui ruine la sécurité;Un mot de passe long est plus facile à casser qu'un court;Un mot de passe faible est plus sûr car moins ciblé;Un mot de passe fort ne peut jamais être mémorisé;2;Un bon mot de passe doit être fort mais facile à retenir : s'il est trop compliqué, l'utilisateur trouve des astuces comme l'inscrire sur un papier collé à l'écran, ce qui met la sécurité en danger.
Que produit la méthode phonétique de création de mot de passe ?;Un mot de passe fondé sur les sons des syllabes d'une phrase facile à retenir;Un mot de passe composé uniquement de chiffres;La première lettre de chaque mot d'une citation;Un mot de passe généré aléatoirement par un logiciel;2;La méthode phonétique utilise les sons de chaque syllabe pour fabriquer une phrase facile à retenir : « Usain Bolt a Couru le 100 en moins de 10 Secondes cet après-midi » devient « UBaClsansMe-2102nde7am ».
Comment doit être communiqué un mot de passe initial fourni par l'administrateur sur un canal non sûr ?;Il doit rester inchangé pendant 90 jours;Il doit être identique à celui d'un autre compte connu;Il doit être changé dès la première connexion de l'utilisateur;Il doit être envoyé aussi par SMS pour confirmation;4;Lorsque le mot de passe initial est fourni par l'administrateur ou communiqué sur un canal non confidentiel, il doit être changé dès la première connexion de l'utilisateur, et l'administrateur doit rester vigilant entre-temps.
Pourquoi prévoir un déblocage automatique des comptes après un délai ?;Pour supprimer le besoin de mots de passe forts;Pour accélérer les attaques par force brute;Pour permettre aux attaquants de réessayer plus tard;Pour éviter les dénis de service liés au blocage de tous les comptes;5;Pour éviter les dénis de service liés au blocage de tous les comptes d'un système d'information, il peut être intéressant que le déblocage des comptes se fasse automatiquement après un certain délai.
Pourquoi utiliser des mots de passe différents selon les services ?;Parce qu'un keylogger sur un poste compromis capture tous les mots de passe saisis et l'impact dure tant qu'ils ne sont pas changés;Parce qu'un seul mot de passe est plus difficile à mémoriser;Parce que cela permet de ne jamais changer de mot de passe;Parce que les serveurs interdisent les mots de passe identiques;2;Un mot de passe n'est pas inviolable dans le temps : si un poste est compromis avec un renifleur de clavier, tous les mots de passe saisis sont récupérés, même forts, et des accès malveillants restent possibles tant qu'ils n'ont pas été changés depuis une machine saine.
Quelle est la limite d'un mot de passe non rejouable (OTP) ?;Il doit être changé tous les jours;Il ne fonctionne pas sur les systèmes Windows;Il reste vulnérable aux attaques par interception (man in the middle);Il peut être réutilisé une fois découvert;4;Le mot de passe à usage unique ne peut plus être réutilisé une fois découvert, ce qui est son avantage, mais cette technique reste vulnérable aux attaques de type interception (man in the middle).
Quelle alternative au mot de passe l'ANSSI recommande-t-elle quand c'est possible ?;Un mot de passe encore plus long;Un mot de passe partagé entre collègues de confiance;Une question secrète liée à l'identité;Un certificat d'authentification et une clé privée sur carte à puce qualifiée ANSSI;5;Si le client peut disposer d'un certificat d'authentification et d'une clé privée stockés sur une carte à puce qualifiée par l'ANSSI, il est préférable d'utiliser ce dispositif plutôt qu'un mot de passe, comme à la Gendarmerie Nationale à partir de 2014.
Selon les recommandations minimales de l'ANSSI, à quelle fréquence renouveler un mot de passe protégeant des données sensibles ?;Une fois par an;Tous les 90 jours;Tous les jours;Jamais, s'il est assez fort;3;L'ANSSI recommande de renouveler ses mots de passe avec une fréquence raisonnable : tous les 90 jours est un bon compromis pour les systèmes contenant des données sensibles.
Qu'est-ce qu'une attaque DDoS par réflexion ?;Chiffrer les fichiers de la victime contre rançon;Rediriger le trafic de la victime vers un site pirate;Envoyer des paquets à des réflecteurs en usurpant l'adresse IP de la victime, saturée par les réponses;Injecter du code dans une page web de la victime;4;Une attaque par réflexion consiste à envoyer des paquets à des machines qui répondent à toute source (réflecteurs) en usurpant l'adresse IP de la victime, les réponses non sollicitées peuvent saturer les liens réseau de la victime.
Quels protocoles sont typiquement exploités dans une attaque DDoS par amplification ?;SSH, Telnet et RDP;DNS, NTP, SNMP et SSDP;HTTP, HTTPS et FTP;SMTP, POP3 et IMAP;3;Les attaques par amplification exploitent des protocoles générant des réponses bien plus volumineuses que la requête, souvent des protocoles d'infrastructure ou de supervision comme DNS, NTP, SNMP ou SSDP.
Qu'est-ce qu'un « booter » ou « stresser » ?;Un pare-feu spécialisé anti-DDoS;Un service de DDoS en ligne, à tarif abordable, permettant à un particulier de lancer des attaques;Un protocole d'amplification DNS;Un outil de test de charge officiel pour les serveurs web;3;L'apparition des services de DDoS en ligne, appelés « booter » ou « stresser », a contribué à répandre ce type d'attaque : à des tarifs abordables, ils permettent à un particulier de lancer des attaques contre la cible de son choix.
Quel risque court un pare-feu à suivi de connexions placé devant un serveur web à forte audience lors d'un DDoS ?;Il chiffre le trafic entrant pour se protéger;Il bloque automatiquement tout le trafic légitime pendant un an;Il subit l'attaque de plein fouet et devient le point de défaillance de tout le SI;Il transfère l'attaque vers l'opérateur de transit;4;Il faut éviter le suivi de connexions entrantes pour des pare-feux placés devant des serveurs à forte audience, sous peine de subir de plein fouet un DDoS massif qui impacte alors l'équipement filtrant et l'ensemble du SI, et non plus seulement le service web.
Qu'est-ce que le « blackholing » réalisé par un opérateur de transit ?;La duplication du trafic vers un honeypot;Le chiffrement du trafic entre l'opérateur et le client;Le filtrage fin du contenu de chaque paquet;Le rejet du trafic selon sa destination, ce qui rend le déni de service effectif pour la victime;5;Les opérateurs peuvent effectuer du « blackholing » de trafic basé sur la destination, donc sur la victime : cette mesure, parfois nécessaire pour protéger le reste du réseau, rend au final le déni de service effectif pour la cible.
Qu'est-ce qu'un CDN et comment aide-t-il face aux DDoS ?;Un service de sauvegarde chiffrée hors site;Une infrastructure de serveurs répartis en data-centres, avec cache, géolocalisation et anycast, qui répartit la charge;Un annuaire mondial des adresses IP malveillantes;Un pare-feu applicatif installé chez le client;3;Un Content Delivery Network est une infrastructure de serveurs répartis dans plusieurs data-centres, avec fonction de cache, géolocalisation de l'IP source et adressage anycast, la répartition des ressources sur de nombreux serveurs améliore la résistance aux attaques DDoS.
Quelle est une limite de la protection anti-DDoS par redirection DNS ?;Elle rend le déni de service permanent;Le trafic ne transite pas forcément par le fournisseur et l'IP réelle peut être découverte;Elle nécessite de couper Internet pendant l'attaque;Elle ne fonctionne qu'avec le protocole UDP;3;La redirection DNS a pour limite que le trafic à destination de l'entité protégée ne transite pas forcément par le fournisseur de protection, et qu'un attaquant qui découvre l'adresse IP originale peut accéder directement au serveur sans passer par le CDN.
Pourquoi le déroutement de trafic par annonces BGP offre-t-il une meilleure protection que la redirection DNS ?;Parce qu'il masque définitivement l'entité sur Internet;Parce qu'il fait transiter l'intégralité du trafic d'un bloc d'adresses vers le fournisseur de protection;Parce qu'il est gratuit et immédiat;Parce qu'il ne nécessite aucune configuration;3;Le déroutement de trafic par annonces BGP dirige l'ensemble du trafic à destination d'un bloc d'adresses IP vers le fournisseur de service de protection, ce qui offre un bien meilleur niveau de protection qu'une solution basée sur la résolution de nom, mais coûte plus cher.
Citez une mesure organisationnelle de bon sens contre les DDoS.;Déconnecter définitivement l'entité d'Internet;Segmenter le réseau pour faciliter le filtrage et l'isolement de sous-réseaux;Ouvrir tous les ports pour diluer l'attaque;Supprimer tous les journaux d'événements;3;Parmi les mesures de bon sens figurent la segmentation du réseau (défense en profondeur) pour faciliter le filtrage et l'isolement de sous-réseaux, le filtrage en bordure pour n'autoriser que les flux nécessaires, et la tenue d'un annuaire de contacts à jour.
Quel est le rôle de la journalisation vis-à-vis des mécanismes de protection ?;C'est un moyen de détection et d'analyse qui complète mais ne remplace pas la protection;Elle empêche les intrusions en temps réel;Elle remplace le pare-feu et l'antivirus;C'est le principal mécanisme de protection d'un SI;2;L'activité de journalisation est un moyen de détection (analyse en temps réel) et d'analyse a posteriori, elle ne remplace pas les mécanismes de protection du système d'information mais doit être employée de façon complémentaire.
Pourquoi l'horodatage et la synchronisation des horloges sont-ils essentiels en journalisation ?;Parce qu'ils chiffrent automatiquement les journaux;Parce qu'un événement journalisé n'est pertinent que s'il peut être situé dans le temps;Parce qu'ils suppriment le besoin de serveur central;Parce qu'ils réduisent le volume de stockage des journaux;3;Un événement journalisé n'est pertinent que s'il peut être situé dans le temps : l'horodatage doit être activé pour tous les événements et les horloges synchronisées sur plusieurs sources internes cohérentes, elles-mêmes calées sur des sources externes fiables.
Où les journaux d'événements doivent-ils être exportés ?;Sur la même machine, dans un dossier caché;Sur le poste de l'administrateur uniquement;Sur un support amovible conservé par l'utilisateur;Sur une machine physique différente de celle qui les génère, puis vers des serveurs centraux dédiés;5;Les journaux doivent être automatiquement exportés sur une machine physique différente de celle qui les a générés et transférés vers un ou plusieurs serveurs centraux dédiés, redondés selon l'importance du parc.
Quel mode de transfert des journaux l'ANSSI privilégie-t-elle ?;Un transfert manuel par clé USB;Un transfert temps réel, sans traitement préalable, en mode connecté (TCP plutôt qu'UDP);Un transfert par lots hebdomadaires en UDP;Un transfert après compression et chiffrement sur le poste source;3;L'ANSSI préconise un transfert en temps réel des journaux, sans traitement préalable, en privilégiant un mode connecté et de contrôle des flux (TCP de préférence à UDP), tout en maîtrisant la bande passante utilisée.
Combien de temps les FAI et les hébergeurs doivent-ils conserver leurs journaux ?;Au minimum un mois;Au minimum cinq ans;Aucune durée n'est imposée;Au minimum un an;5;La réglementation impose aux fournisseurs d'accès à Internet et aux hébergeurs de conserver leurs journaux pour une durée minimale d'un an.
Quel intérêt y a-t-il à signer et horodater les journaux dès leur création ?;Cela permet de les effacer plus vite;Cela assure leur intégrité et accroît leur valeur probatoire;Cela les rend illisibles pour les administrateurs;Cela réduit leur taille de moitié;3;Le fait de signer et d'horodater les journaux dès leur création permet d'assurer leur intégrité et d'accroître leur valeur probatoire en justice.
En quoi consiste le principe de « minimisation » pour un système Linux ?;Réduire la mémoire allouée à chaque processus;Limiter le nombre d'utilisateurs à un seul;Diminuer la fréquence des mises à jour;Supprimer tous les éléments logiciels superflus pour réduire la surface d'attaque;5;La minimisation doit guider la configuration sécurisée d'un système GNU/Linux : supprimer tous les éléments logiciels superflus, au niveau utilisateur comme au niveau du noyau et de ses modules, pour réduire la surface d'attaque.
Quel service faut-il « éliminer » sur un serveur Linux et que signifie ce terme ici ?;Le serveur X, en empêchant surtout son lancement automatique;Le noyau, en le recompilant entièrement;Le service SSH, en le désinstallant définitivement;Le service de journalisation, pour gagner de l'espace;2;Sur un serveur, il faut éliminer le serveur X, service complexe et privilégié, « éliminer » ne signifie pas nécessairement désinstaller le programme, mais faire en sorte qu'il ne soit pas lancé automatiquement.
Quelles options de montage un partitionnement Linux bien pensé permet-il d'appliquer ?;sync, async, dirsync et lazytime;raid, lvm, swap et boot;exec, suid, dev et rw uniquement;ro, nodev, noexec et nosuid;5;Un partitionnement rationnel évite la saturation, simplifie la sauvegarde et permet d'appliquer des options de montage nécessaires et suffisantes comme ro (lecture seule), nodev, noexec et nosuid.
Quelles solutions de cloisonnement Linux privilégier plutôt qu'un simple chroot ?;Un alias dans le fichier hosts;Un second compte root;Un chiffrement du disque uniquement;LXC, VServer ou OpenVZ;5;Pour isoler les éléments applicatifs, il vaut mieux privilégier des solutions de type LXC, VServer ou OpenVZ, globalement plus robustes qu'un chroot dont l'isolation se cantonne au système de fichiers.
Quelle est la différence fondamentale entre les SRP et AppLocker sous Windows ?;SRP contrôle les DLL, AppLocker seulement les .exe;SRP fonctionne en réseau, AppLocker en local uniquement;SRP impacte tous les utilisateurs d'une machine, AppLocker peut cibler un utilisateur précis;SRP est gratuit, AppLocker est payant;4;La différence fondamentale réside dans le champ d'application : avec SRP tous les utilisateurs d'une machine sont impactés indifféremment, tandis qu'avec AppLocker il est possible de cibler un utilisateur précis d'une machine ou d'un domaine, d'où la préférence pour AppLocker.
Quels sont les trois types de règles AppLocker ?;Chemin d'accès, signature électronique d'un éditeur, empreinte cryptographique SHA-256;Lecture, écriture, exécution;Utilisateur, groupe, ordinateur;Adresse IP, port, protocole;2;AppLocker propose trois types de règles : celles basées sur le chemin d'accès, celles basées sur la signature électronique d'un éditeur (avec critères de nom et version), et celles basées sur l'empreinte cryptographique SHA-256 d'un fichier.
Quel type de règle AppLocker faut-il privilégier quand c'est possible ?;Les règles basées sur le chemin d'accès;Les règles basées sur l'empreinte SHA-256 de chaque fichier;Les règles basées sur la signature électronique, si les certificats et AC sont de confiance;Les règles de type REFUSER sans exception;4;Il convient d'utiliser des règles basées sur la signature électronique, après s'être assuré que les certificats et les autorités de certification sont de confiance : c'est le meilleur compromis entre sécurité et souplesse d'administration.
Citez une limite ou un contournement possible d'AppLocker.;AppLocker chiffre les exécutables autorisés;Les composants ActiveX peuvent instancier des programmes bloqués, par exemple une session RDP depuis un document Word;AppLocker empêche toute mise à jour du système;AppLocker bloque le noyau Windows;3;Parmi les limites d'AppLocker : les composants ActiveX peuvent instancier des programmes normalement bloqués (comme une session RDP insérée dans un document Word), il ne contrôle pas le comportement d'un programme lancé, ni les codes interprétés comme les macros, ni les applications 16 bits exécutées via NTVDM.
Combien de domaines principaux le guide d'hygiène de la sécurité des SI de l'ANSSI comporte-t-il ?;Douze;Cinq;Quarante;Neuf;5;Le guide d'hygiène de l'ANSSI organise ses règles en neuf domaines : sensibiliser et former, connaître le SI, authentifier et contrôler les accès, sécuriser les postes, sécuriser le réseau, sécuriser l'administration, gérer le nomadisme, maintenir le SI à jour, superviser auditer réagir.
Pourquoi former en priorité les équipes opérationnelles à la sécurité des SI ?;Parce qu'elles sont les seules à utiliser Internet;Parce qu'elles ne connaissent pas le métier de l'entité;Parce qu'elles ont des accès privilégiés et peuvent créer des vulnérabilités par méconnaissance;Parce que la loi leur interdit tout autre accès;4;Les équipes opérationnelles ont des accès privilégiés au SI et peuvent, par inadvertance ou méconnaissance des conséquences, réaliser des opérations génératrices de vulnérabilités, comme l'attribution de comptes trop privilégiés ou le choix de mots de passe faibles.
Quand un utilisateur doit-il commencer à être sensibilisé à la sécurité des SI ?;Uniquement lors de son départ;Jamais, si sa fonction n'est pas technique;Dès son arrivée dans l'entité, puis régulièrement;Seulement après un premier incident;4;Chaque utilisateur étant un maillon à part entière de la chaîne des systèmes d'information, il doit être informé des enjeux et des règles dès son arrivée dans l'entité, à travers des actions de sensibilisation régulières et adaptées.
Que doit exiger une entité d'un prestataire d'infogérance ?;La réversibilité du contrat, des audits, la restitution des données en format ouvert normalisé;La propriété exclusive des données hébergées;L'interdiction de tout audit externe;Un accès administrateur permanent au SI de l'entité;2;Une entité qui externalise doit imposer une liste d'exigences précises : réversibilité du contrat, réalisation d'audits, sauvegarde et restitution des données dans un format ouvert normalisé, maintien à niveau de la sécurité dans le temps.
Que doit permettre de localiser le schéma simplifié du réseau (cartographie) ?;Les sites web concurrents;Les points de vente de l'entité;Les serveurs détenteurs d'informations sensibles de l'entité;Les postes des employés les mieux payés;4;Le schéma simplifié du réseau doit représenter les zones IP et le plan d'adressage, les équipements de routage et de sécurité, les interconnexions avec l'extérieur, et permettre de localiser les serveurs détenteurs d'informations sensibles.
Pourquoi les comptes sensibles doivent-ils faire l'objet d'un inventaire tenu à jour ?;Parce qu'ils consomment plus de ressources;Parce que la CNIL l'impose pour tous les comptes;Parce qu'ils doivent être supprimés chaque mois;Parce que ce sont des cibles privilégiées des attaquants cherchant un accès large au SI;5;Les comptes bénéficiant de droits spécifiques (administrateurs, accès aux répertoires des responsables, postes non administrés) sont des cibles privilégiées des attaquants, il faut en tenir un inventaire à jour et procéder à une revue périodique.
Avec quelle fonction de l'entité les procédures d'arrivée et de départ doivent-elles être définies ?;Le service juridique uniquement;Le prestataire d'infogérance;La fonction ressources humaines;La direction commerciale;4;Les procédures d'arrivée et de départ doivent être définies en lien avec la fonction ressources humaines et couvrir la création/suppression des comptes, les droits, les accès physiques, l'affectation des équipements mobiles et la gestion des mots de passe.
Quels équipements peuvent être autorisés à se connecter aux réseaux d'accès de l'entité ?;N'importe quel équipement disposant d'un antivirus;Tous les équipements des employés et des visiteurs;Uniquement les terminaux maîtrisés par l'entité;Les seuls équipements sous Windows;4;Seule la connexion de terminaux maîtrisés par l'entité doit être autorisée sur ses réseaux filaires ou sans fil, les terminaux personnels ou visiteurs doivent être orientés vers un réseau Wi-Fi avec SSID dédié.
Pourquoi les comptes d'accès doivent-ils être nominatifs ?;Pour accélérer l'authentification;Pour réduire le nombre total de comptes;Pour permettre le partage des identifiants entre collègues;Pour attribuer une action à une personne en cas d'incident et repérer les comptes compromis;5;Des comptes nominatifs permettent de faciliter l'attribution d'une action sur le SI en cas d'incident et d'identifier d'éventuels comptes compromis, les comptes génériques doivent rester marginaux, hormis les comptes de service rattachés à un processus.
Comment protéger les mots de passe qui doivent être conservés ?;Avec un coffre-fort numérique et des mécanismes de chiffrement;Sur un post-it rangé dans un tiroir fermé;Dans un fichier texte sur le bureau du poste;En les envoyant chiffrés sur sa messagerie personnelle;2;Les mots de passe stockés doivent être protégés par des solutions sécurisées, au premier rang desquelles un coffre-fort numérique et le chiffrement, l'utilisateur n'a alors plus qu'à mémoriser le mot de passe du coffre-fort.
Quel principe faut-il adopter vis-à-vis des configurations par défaut des équipements ?;Les conserver tant qu'aucun incident n'a eu lieu;Partir du principe qu'elles sont systématiquement connues des attaquants et les modifier dès l'installation;Les documenter publiquement pour plus de transparence;Ne les changer qu'au bout d'un an;3;Il faut partir du principe que les configurations par défaut sont systématiquement connues des attaquants et souvent triviales, les éléments d'authentification par défaut doivent être modifiés dès l'installation, et tout secret « en dur » signalé au distributeur.
Qu'est-ce que l'authentification forte selon l'ANSSI ?;L'utilisation de deux facteurs différents parmi ce que je sais, ce que je possède, ce que je suis;Un mot de passe de plus de vingt caractères;Deux mots de passe successifs;Une authentification biométrique unique;2;L'authentification forte nécessite deux facteurs d'authentification différents parmi : quelque chose que je sais (mot de passe), quelque chose que je possède (carte à puce, jeton USB, RFID, téléphone pour un code SMS), quelque chose que je suis (empreinte biométrique).
Quelle mesure fait partie du niveau de sécurité minimal d'un poste ?;Donner les droits d'administration à l'utilisateur;Chiffrer les partitions où sont stockées les données des utilisateurs et désactiver l'autorun;Installer le maximum d'applications pour couvrir tous les besoins;Désactiver le pare-feu local pour éviter les blocages;3;Le niveau de sécurité minimal d'un poste comprend la limitation des applications installées, un pare-feu local et un antivirus, le chiffrement des partitions de données et la désactivation des exécutions automatiques (autorun).
Comment traiter le risque lié aux supports amovibles ?;Interdire totalement tout support amovible dans l'entité;Autoriser toutes les clés USB sans contrôle;Chiffrer uniquement les clés USB perdues;Proscrire les clés USB inconnues et faire inspecter par l'antivirus celles non maîtrisées;5;Sans interdire totalement les supports amovibles, il faut proscrire le branchement de clés USB inconnues (ramassées dans un lieu public) et limiter celui des clés non maîtrisées, à moins de faire inspecter leur contenu par l'antivirus du poste.
Pourquoi activer le pare-feu local des postes de travail ?;Pour accélérer les transferts de fichiers entre postes;Pour remplacer l'antivirus;Pour bloquer l'accès aux serveurs de fichiers;Pour rendre plus difficile le déplacement latéral d'un attaquant d'un poste à l'autre;5;Le pare-feu local rend plus difficile le déplacement latéral (rebond) d'un attaquant vers les autres postes, les flux de poste à poste étant très rares dans un réseau bureautique classique où fichiers et applications sont sur des serveurs.
Comment transmettre des données sensibles par courriel ou via le Cloud ?;Les compresser dans une archive sans mot de passe;Les envoyer telles quelles si le destinataire est connu;Les publier sur un partage réseau ouvert;Les chiffrer systématiquement et transmettre le secret par un canal de confiance ou distinct;5;Toutes les données envoyées par courriel ou hébergées en ligne sont vulnérables : il faut les chiffrer systématiquement et transmettre le secret de déchiffrement via un canal de confiance ou, à défaut, un canal distinct (remise en main propre ou téléphone).
Quel est le danger d'un réseau « à plat » sans cloisonnement ?;La compromission d'une machine met en péril toutes les autres par rebond;Il est plus lent qu'un réseau segmenté;Il interdit toute connexion Internet;Il empêche l'usage du DHCP;2;Sur un réseau à plat, chaque machine peut accéder à n'importe quelle autre : la compromission de l'une met en péril l'ensemble, un attaquant pouvant rebondir jusqu'à des serveurs critiques.
Sur quoi repose la segmentation d'un réseau selon l'ANSSI ?;Sur la séparation par étage du bâtiment;Sur l'attribution d'une adresse IP publique par poste;Sur des zones regroupant des systèmes aux besoins de sécurité homogènes, avec VLAN et sous-réseaux dédiés;Sur un seul grand VLAN pour tout le parc;4;La segmentation consiste à raisonner en zones composées de systèmes ayant des besoins de sécurité homogènes (serveurs d'infrastructure, serveurs métier, postes utilisateurs, postes administrateurs), chaque zone ayant VLAN et sous-réseaux IP dédiés, avec filtrage IP entre zones.
Quels réglages privilégier pour sécuriser un Wi-Fi professionnel ?;Un réseau ouvert sans mot de passe pour la simplicité;Un mot de passe unique partagé et diffusé largement;Un chiffrement WEP avec clé courte;Un chiffrement robuste WPA2 AES CCMP et une authentification centralisée par certificats clients;5;Il faut recourir prioritairement à un chiffrement robuste (mode WPA2, algorithme AES CCMP) et à une authentification centralisée, si possible par certificats clients, le mot de passe unique et partagé est déconseillé et les SSID/VLAN des terminaux personnels doivent être distincts.
Comment reconnaît-on souvent un protocole réseau sécurisé ?;À l'ajout de la lettre « s » à son acronyme, comme https, IMAPS ou SMTPS;À l'utilisation exclusive d'UDP;À l'absence de chiffrement;À un numéro de port inférieur à 100;2;Les protocoles réseau sécurisés reposent souvent sur TLS et sont identifiables par l'ajout de la lettre « s » (secure) à leur acronyme : https, IMAPS, SMTPS, POP3S, d'autres, comme SSH, ont été conçus pour remplacer des protocoles non sécurisés (Telnet, Rlogin).
Comment protéger les services hébergés en interne et visibles depuis Internet ?;Désactiver leurs journaux pour gagner en performance;Les rendre accessibles sans aucun filtrage;Cloisonner physiquement l'infrastructure d'hébergement et imposer un reverse proxy pour les flux entrants;Les placer sur le même réseau que la bureautique pour simplifier;4;Les infrastructures d'hébergement Internet doivent être physiquement cloisonnées du reste du SI, administrées par des personnels compétents (sinon externalisation), et les flux entrants doivent passer par un serveur mandataire inverse (reverse proxy) embarquant des mécanismes de sécurité.
Pourquoi la messagerie doit-elle être particulièrement protégée ?;Parce qu'elle consomme trop de bande passante;Parce qu'elle est le principal vecteur d'infection du poste de travail;Parce qu'elle ne peut pas être chiffrée;Parce qu'elle est interdite aux administrateurs;3;La messagerie est le principal vecteur d'infection du poste de travail, par l'ouverture de pièces jointes malveillantes ou le clic sur un lien piégé, il faut un antivirus en amont des boîtes aux lettres et le chiffrement TLS des échanges.
Pourquoi proscrire la redirection de messages professionnels vers une messagerie personnelle ?;Parce que la messagerie personnelle est toujours plus lente;Parce que cela sature le serveur de l'entité;Parce que c'est techniquement impossible;Parce que cela constitue une fuite irrémédiable d'informations de l'entité;5;La redirection de messages professionnels vers une messagerie personnelle est à proscrire car elle constitue une fuite irrémédiable d'informations de l'entité, des moyens maîtrisés d'accès distant à la messagerie professionnelle doivent être proposés si besoin.
Comment sécuriser une interconnexion réseau avec un partenaire passant par Internet ?;Utiliser une connexion en clair pour faciliter le débogage;Confier entièrement la sécurité au partenaire;Établir un tunnel site à site de préférence IPsec et filtrer les flux au plus près de l'entrée;Ouvrir tous les ports vers le partenaire par confiance;4;Une interconnexion via Internet avec un partenaire doit se faire par un tunnel site à site, de préférence IPsec, le partenaire étant considéré comme non sûr, un filtrage IP par pare-feu est indispensable au plus près de l'entrée des flux, avec une matrice des flux réduite au juste besoin.
Comment contrôler l'accès physique aux salles serveurs et locaux techniques ?;En confiant une clé unique à tout le personnel;Par serrures ou badges, avec revue régulière des droits et proscription des accès non accompagnés des prestataires;En supprimant toute traçabilité des entrées;En laissant les portes ouvertes pour faciliter la maintenance;3;Les accès aux salles serveurs et locaux techniques doivent être contrôlés par serrures ou badges, les accès non accompagnés de prestataires proscrits (sauf traçage strict et plages horaires), les droits revus régulièrement et retirés au départ, et les prises réseau des zones publiques restreintes ou désactivées.
Pourquoi un poste d'administration ne doit-il pas avoir accès à Internet ?;À cause des risques que la navigation Web et la messagerie font peser sur son intégrité;Parce que la loi l'interdit formellement;Parce que les administrateurs n'ont pas besoin de documentation;Parce que cela ralentirait le réseau d'administration;2;Un poste ou serveur utilisé pour l'administration ne doit en aucun cas avoir accès à Internet, en raison des risques liés à la navigation Web (sites piégés) et à la messagerie (pièces jointes vérolées), un poste distinct est fourni pour les autres usages.
Comment cloisonner un réseau d'administration, par ordre de préférence ?;Uniquement par VLAN dans tous les cas;Cloisonnement physique, sinon cloisonnement logique cryptographique par IPsec, au minimum par VLAN;Aucun cloisonnement n'est nécessaire;Uniquement par mot de passe sur les équipements;3;L'ANSSI recommande de privilégier un cloisonnement physique du réseau d'administration, à défaut un cloisonnement logique cryptographique reposant sur des tunnels IPsec, et au minimum un cloisonnement logique par VLAN.
Quel niveau de privilèges un utilisateur doit-il avoir par défaut sur son poste ?;Les privilèges d'administration uniquement le week-end;Les mêmes privilèges que l'équipe informatique;Aucun privilège d'administration, quelle que soit sa position hiérarchique;Des privilèges d'administration complets pour son confort;4;Par défaut, un utilisateur du SI, quelle que soit sa position hiérarchique, ne doit pas disposer de privilèges d'administration sur son poste, afin de limiter les conséquences de l'exécution d'un code malveillant, un magasin d'applications validées couvre la majorité des besoins.
Quelles mesures physiques prévoir pour les terminaux nomades ?;Y inscrire le nom et le poste de l'utilisateur;Les laisser dans la voiture pendant les déplacements;Les banaliser, poser un filtre de confidentialité et sensibiliser à les garder à portée de vue;Y coller un autocollant aux couleurs de l'entité;4;Les terminaux nomades doivent être aussi banalisés que possible (pas de logo de l'entité), équipés d'un filtre de confidentialité sur l'écran, et les utilisateurs sensibilisés à conserver leurs équipements à portée de vue.
Par quel chiffrement commencer sur un matériel nomade et pourquoi ?;Aucun, si le poste a un mot de passe de session;Par le chiffrement d'un seul fichier sensible;Par un chiffrement complet du disque, car les fichiers peuvent laisser des restes non chiffrés;Par le chiffrement des seules archives compressées;4;Il est conseillé de commencer par un chiffrement complet du disque avant d'envisager le chiffrement d'archives ou de fichiers, car ces derniers peuvent laisser sur le support des informations non chiffrées, comme des fichiers de restauration bureautique.
Quel type de VPN l'ANSSI recommande-t-elle pour un poste nomade et comment le configurer ?;Un tunnel ouvert uniquement pour la messagerie;Un VPN SSL/TLS activé manuellement par l'utilisateur;Aucun VPN si le Wi-Fi est chiffré;Un tunnel VPN IPsec vers une passerelle de l'entité, établi automatiquement et non débrayable;5;Il est fortement recommandé d'établir un tunnel VPN IPsec entre le poste nomade et une passerelle VPN IPsec de l'entité, ce tunnel doit être établi automatiquement et non débrayable, de sorte qu'aucun flux ne puisse être transmis en dehors.
Sous quel délai appliquer les correctifs de sécurité publiés par un éditeur ?;Dans le mois qui suit leur publication;Uniquement lors du renouvellement du matériel;Dans l'année qui suit;Seulement après un incident avéré;2;Il est primordial de s'informer des nouvelles vulnérabilités (CERT-FR) et d'appliquer les correctifs de sécurité sur l'ensemble des composants du système dans le mois qui suit leur publication par l'éditeur.
Que faire d'un composant obsolète qui n'est plus supporté par son fabricant ?;Le connecter directement à Internet pour surveillance;L'isoler du reste du système par un filtrage strict des flux et des secrets d'authentification dédiés;Partager ses identifiants avec les autres systèmes;Le laisser en production tel quel s'il fonctionne;3;Les composants obsolètes qui ne sont plus supportés doivent être isolés du reste du système, aussi bien au niveau réseau par un filtrage strict des flux qu'au niveau des secrets d'authentification, qui doivent leur être dédiés.
Combien de temps conserver au minimum les événements critiques pour la sécurité ?;Aucune durée minimale;Au moins une semaine;Au moins dix ans;Au moins un an;5;Les événements critiques pour la sécurité doivent être journalisés et gardés pendant au moins un an, voire davantage selon les obligations légales du secteur d'activité.
Pourquoi la source de synchronisation de temps doit-elle être identique sur tous les composants journalisés ?;Pour éviter d'utiliser le protocole NTP;Pour désactiver l'horodatage;Pour pouvoir corréler les événements entre les différents composants;Pour réduire la taille des journaux;4;Afin de pouvoir corréler les événements entre les différents composants, leur source de synchronisation de temps, obtenue grâce au protocole NTP, doit être identique.
Que doit contenir au minimum une politique de sauvegarde ?;Seulement la liste des logiciels installés;La liste des données vitales, les types et la fréquence de sauvegarde, les tests de restauration et la destruction des supports;Uniquement la fréquence des sauvegardes;La liste des mots de passe des serveurs;3;Une politique de sauvegarde doit au moins intégrer la liste des données vitales et serveurs concernés, les types de sauvegarde (dont le mode hors ligne), la fréquence, la procédure d'exécution, le stockage et les restrictions d'accès, les procédures de test de restauration et la destruction des supports.
À quelle fréquence minimale réaliser un audit du système d'information ?;Au moins une fois par an;Une fois tous les cinq ans;Après chaque mise à jour;Uniquement à la création du SI;2;La réalisation d'audits réguliers, au moins une fois par an, permet d'évaluer l'efficacité des mesures et leur maintien dans le temps, ainsi que de mesurer les écarts entre la règle et la pratique.
Que ne prouve jamais un audit de sécurité ?;L'efficacité des mesures existantes;La présence de vulnérabilités;L'absence de vulnérabilités;La conformité réglementaire;4;Si les audits de sécurité permettent de mettre en évidence d'éventuelles vulnérabilités, ils ne constituent jamais une preuve de leur absence et ne dispensent donc pas d'autres mesures de contrôle.
Quel est le rôle du référent en sécurité des systèmes d'information ?;Gérer uniquement le budget informatique;Être le premier contact connu de tous : définir et vérifier les règles, sensibiliser, centraliser et traiter les incidents;Développer les applications métier;Remplacer la direction en cas de crise;3;Le référent SSI, soutenu par la direction et connu de tous les utilisateurs, définit les règles selon le contexte, vérifie leur application, sensibilise et forme les acteurs, et centralise et traite les incidents de sécurité, il doit être formé à la SSI et à la gestion de crise.
Quel est le bon réflexe en cas d'incident de sécurité sur une machine ?;La laisser connectée et lancer un antivirus;La déconnecter du réseau tout en la maintenant sous tension et sans la redémarrer;L'éteindre immédiatement puis la rallumer;La reformater sans délai;3;Le bon réflexe est de déconnecter la machine du réseau pour stopper l'attaque, mais de la maintenir sous tension et de ne pas la redémarrer pour ne pas perdre d'informations utiles à l'analyse, puis de prévenir la hiérarchie et le référent SSI.
Qu'est-ce qu'un PRIS que le référent SSI peut solliciter ?;Un Poste de Réserve pour l'Infrastructure Serveur;Un Protocole de Restauration Interne Sécurisé;Un Plan de Reprise Informatique Standard;Un Prestataire de Réponse aux Incidents de Sécurité, pour les opérations techniques d'analyse;5;Le référent SSI peut prendre contact avec un prestataire de réponse aux incidents de sécurité (PRIS) pour réaliser les opérations techniques nécessaires : copie physique du disque, analyse de la mémoire, des journaux et d'éventuels codes malveillants, et détermination de l'étendue de la compromission.
Où tout incident de sécurité doit-il être consigné ?;Uniquement dans la mémoire de l'administrateur;Dans un courriel envoyé au prestataire;Sur le poste compromis lui-même;Dans un registre centralisé;5;Tout incident de sécurité doit être consigné dans un registre centralisé, et une plainte peut également être déposée auprès du service judiciaire compétent.
Quelles sont les trois grandes architectures de stockage en réseau ?;Le SATA, le SAS et le SSD;Le NFS, le CIFS et le NCP;Le RAID, le LUN et le VTL;Le DAS, le NAS et le SAN;5;La mutualisation du stockage propose généralement trois grands types d'architectures : le DAS (Direct Attached Storage), le NAS (Network Attached Storage) et le SAN (Storage Area Network).
Combien de serveurs accèdent au stockage dans une architecture DAS ?;Tous les serveurs du réseau local;Deux serveurs en redondance;Un seul serveur;Un nombre illimité via des switches;4;Le DAS est un stockage en attachement direct auquel un seul serveur accède, il reste privilégié pour les sites déconcentrés et les serveurs de développement, en petite volumétrie.
Qu'est-ce qu'un NAS ?;Un réseau dédié uniquement au trafic de stockage;Un disque interne SCSI relié à un seul serveur;Un serveur dédié et optimisé pour le stockage, connecté au réseau local;Une carte d'extension installée dans chaque serveur;4;Le NAS est la plupart du temps un serveur dédié (parfois nommé Filer), spécialisé et optimisé pour le stockage, connecté au réseau local et mettant les données à disposition sous forme de répertoires partagés.
Quel est l'inconvénient principal d'une architecture NAS ?;Elle ne supporte qu'un seul système de fichiers;Elle partage la bande passante du réseau local, d'où de possibles dégradations des temps de réponse;Elle interdit tout accès en écriture;Elle impose l'achat d'un réseau Fibre Channel dédié;3;Le NAS partage la bande passante réseau avec toutes les autres connexions, ce qui peut impliquer des dégradations de temps de réponse, son avantage est financier, car seul le serveur NAS est à budgéter.
Sur quoi s'appuie un SAN ?;Le protocole NFS sur TCP/IP;Le réseau local Ethernet partagé avec les postes clients;Une liaison série SCSI interne au serveur;Un réseau dédié au stockage, via Fibre Channel, FCoE ou iSCSI;5;Le SAN est un réseau dédié au stockage qui s'appuie soit sur le protocole Fibre Channel, soit sur FCoE (Fibre Channel over Ethernet), soit sur iSCSI qui encapsule des commandes SCSI dans des trames IP.
Quelles sont les trois topologies proposées pour un SAN ?;Le point à point, le mode fabric et la boucle arbitrée;Le maillage complet, partiel et hiérarchique;Le mode transport, tunnel et intermédiaire;L'étoile, le bus et l'anneau à jeton;2;Trois topologies sont généralement proposées pour un SAN : le mode point à point, le mode fabric à base de commutateurs, et la boucle arbitrée (Arbitrated Loop).
Comment obtenir une architecture SAN redondante sans point de défaillance unique ?;En utilisant un seul switch très puissant;En doublant la capacité des disques;En remplaçant la fibre optique par du cuivre;En créant deux fabrics séparées et en installant deux cartes FC sur les serveurs et les baies;5;En créant deux fabrics et en intégrant deux cartes FC sur les serveurs et les baies, on monte une architecture redondante sans aucun SPOF (Single Point Of Failure), permettant le multi-pathing.
Qu'est-ce qu'une carte HBA ?;Une carte accélératrice de calcul de parité RAID;Un module d'administration constructeur;La carte Host Bus Adapter par laquelle un serveur se connecte au réseau de stockage SAN;Un adaptateur Ethernet 10 Gb/s pour NAS;4;Chaque serveur connecté au réseau de stockage doit être équipé d'une carte spécifique appelée HBA (Host Bus Adapter), il est recommandé d'en installer deux pour pouvoir basculer en cas de problème matériel.
À quoi servent les ISL dans un SAN ?;À relier entre eux les commutateurs pour constituer les fabrics;À synchroniser les horloges des baies;À encapsuler les commandes SCSI dans IP;À connecter les disques aux contrôleurs de la baie;2;Le cœur de réseau des fabrics se configure en raccordant entre eux plusieurs commutateurs à travers des ISL (Inter Switch Link).
Que permet le protocole iSCSI dans un SAN ?;Dédupliquer les blocs de données à la volée;Transporter des trames Fibre Channel sur fibre noire;Chiffrer les échanges entre serveurs et baies;Encapsuler des commandes SCSI dans des paquets IP pour un stockage économique sur le réseau existant;5;Une architecture SAN peut être basée sur iSCSI, protocole encapsulant des commandes SCSI dans des paquets IP : intéressant pour du stockage de moyenne volumétrie à prix réduit, mais peu performant car il s'appuie sur le réseau existant.
Que permet le protocole FCoE ?;Supprimer le besoin de cartes HBA;Connecter des disques SATA en attachement direct;Faire transiter des trames Fibre Channel sur un support Ethernet par encapsulation;Remplacer totalement le protocole IP sur le réseau local;4;FCoE (Fibre Channel over Ethernet) permet de faire transiter des trames Fibre Channel sur Ethernet par encapsulation et de faire cohabiter LAN et SAN sur les mêmes cartes, au prix de cartes et switches spécifiques.
Quelle est la caractéristique du RAID 0 ?;Une parité répartie sur tous les disques;Un miroir des données sur des disques distincts;Deux disques de parité dédiés;Du stripping de bandes sans copie : rapide mais sans aucune sécurité;5;Le RAID 0 fait du stripping de bandes sans copie : il n'offre aucune sécurité mais autorise les lectures/écritures simultanées et accroît la rapidité de l'ensemble du sous-système.
Que fournit le RAID 1 ?;Une déduplication par pointeurs;Un stockage hiérarchisé vers VTL;Du stripping avec parité répartie;Le mirroring : une protection par duplication des données, au prix de la capacité;5;Le RAID 1 (mirroring) offre une protection suffisante par duplication des données sur des disques distincts, mais diminue d'autant la capacité de stockage.
Combien de disques le RAID 5 exige-t-il au minimum ?;Au moins cinq disques;Au moins trois disques;Exactement deux disques;Un seul disque suffit;3;Le RAID 5, du stripping de bandes avec une parité répartie sur chaque disque, nécessite au moins trois disques mais offre un très bon niveau de sécurité.
Quel est l'avantage du RAID matériel par rapport au RAID logiciel ?;Il fonctionne sans contrôleur;Il ne nécessite aucun disque supplémentaire;Il coûte nettement moins cher;Une carte physique dédiée décharge totalement le processeur de la gestion des E/S et de la parité;5;Seule la version matérielle du RAID offre les meilleurs débits car elle décharge totalement le processeur de la gestion des entrées/sorties et du contrôle de parité grâce à une carte physique dédiée, alors que la version logicielle est moins onéreuse mais moins performante.
Qu'est-ce qu'un disque de spare dans une baie de disques ?;Un disque de réserve qui reprend automatiquement la place d'un disque en panne;Un disque externe de sauvegarde hors site;Un disque réservé aux snapshots;Le disque qui stocke la parité en RAID 5;2;Les baies de forte capacité intègrent la gestion de disques de spare : si un disque tombe en panne, un disque de spare reprend automatiquement sa place, en complément de la fonction hot-plug d'ajout et de changement à chaud.
Pour quels usages privilégier des disques SAS à 15 000 tours/minute ?;L'archivage de longue durée à faible coût;La production, notamment les bases de données, qui exige de très bonnes performances d'E/S;Le test et le développement peu exigeants;Le stockage à froid sur bande;3;Les disques SAS ont une capacité moindre (500-600 Go) mais autorisent des accès à 15 000 tours/minute pour des utilisations nécessitant de très bonnes performances d'entrées/sorties, comme les bases de données en production, le SATA, plus lent, convient au test et au développement.
Qu'est-ce que la dé-duplication de stockage ?;Répliquer chaque bloc sur deux baies distantes;Compresser les fichiers sans perte avant écriture;Migrer les blocs anciens vers une bandothèque;N'écrire qu'un seul bloc partagé par pointeurs au lieu de multiples copies identiques;5;La dé-duplication consiste, au lieu d'avoir de multiples copies d'un même bloc, à n'écrire qu'un seul bloc proposé à tous les utilisateurs par un système de pointeurs, les blocs redondants sont éliminés.
Qu'est-ce que le thin provisioning (surbooking) ?;Chiffrer les volumes à la volée;Mettre à disposition seulement l'espace réellement occupé tout en promettant la volumétrie prévue;Réserver physiquement d'emblée toute la volumétrie annoncée;Supprimer automatiquement les fichiers anciens;3;Le thin provisioning, ou surbooking, est une méthode de mise à disposition de l'espace réellement occupé avec la promesse de fournir la volumétrie initialement prévue.
Que sont les snapshots sur une baie de stockage ?;Des répliques synchrones vers un site de secours;Des copies instantanées, totales ou incrémentales, des données pour permettre les sauvegardes;Des points de restauration système Windows;Des copies identiques complètes d'un volume ou d'un LUN;3;Les snapshots sont des copies instantanées totales ou incrémentales des données pour permettre les sauvegardes, tandis que les clones sont des copies identiques d'un volume, d'un LUN ou d'une machine virtuelle.
À quoi sert le HSM (Hierarchical Storage Management) ?;À chiffrer les archives longue durée;À migrer les données peu sollicitées vers des supports de longue durée de type VTL;À accélérer les accès disque par un cache SSD;À équilibrer la charge entre plusieurs contrôleurs;3;L'appel au stockage hiérarchisé HSM (Hierarchical Storage Management) migre les données vers des supports de longue durée de type VTL (Virtual Tape Library).
À quoi sert le protocole NDMP ?;À partager des fichiers entre serveurs Windows;À encapsuler du Fibre Channel dans Ethernet;À réduire le trafic réseau et mieux utiliser les fenêtres de sauvegarde, notamment pour les NAS;À administrer les switches Brocade;4;NDMP (Network Data Management Protocol) est un protocole réseau qui procure une réduction significative du trafic et une meilleure utilisation des fenêtres de sauvegarde, c'est une bonne solution pour la sauvegarde des NAS.
Quel protocole de partage de fichiers est associé au monde Unix/Linux ?;NDMP;SMB/CIFS;NCP;NFS (Network File System);5;NFS (Network File System) est le protocole de partage de fichiers du monde Unix/Linux, SMB/CIFS celui du monde Windows et NCP (Network Core Protocol) celui du monde Novell.
Quelle norme définit le protocole Fibre Channel ?;La norme ISO 27001;La norme ANSI/TIA 942;La norme IEEE 802.3;La norme ANSI X3T11;5;Le protocole Fibre Channel est défini par la norme ANSI X3T11, avec la fibre optique comme média habituel.
Quel est le rôle de la couche FC_2 de Fibre Channel ?;Elle réalise l'encodage/décodage 8b/10b;Elle assure l'adaptation au médium physique;Elle sert d'interface aux applications encapsulées;Elle est le cœur du protocole : découpage, réassemblage et contrôle de l'ordre des trames;5;FC_2, la couche réseau, est le cœur du protocole Fibre Channel : elle est responsable du découpage des données puis de leur réassemblage, contrôle l'ordre et détecte les trames manquantes.
Que regroupe la couche FC_PH de Fibre Channel ?;Les couches FC_0, FC_1 et FC_2;Les commandes SCSI et IP;Les couches FC_3 et FC_4;Les protocoles ULP;2;Les couches FC_0, FC_1 et FC_2 sont regroupées logiquement dans une couche appelée FC_PH pour couche physique.
Pourquoi la puissance d'un groupe électrogène de secours peut-elle diminuer de 40 % ?;À cause de la pollution harmonique générée par les alimentations des matériels;Parce que les onduleurs se déconnectent automatiquement;À cause de la climatisation coupée pendant la panne;Parce que les baies consomment moins en mode secours;2;En cas de secours par groupe électrogène, la puissance effective peut diminuer de 40 % du simple fait de la pollution harmonique générée par les alimentations des matériels, tous les matériels doivent respecter la norme PFC (Power Factor Correction).
Que fixe la norme ANSI/TIA 942 pour les centres de données ?;Le nombre maximal de baies par armoire;La durée de conservation des sauvegardes;Des règles réparties en quatre niveaux de disponibilité;La vitesse de rotation minimale des disques;4;La norme américaine ANSI/TIA 942 fixe des règles pertinentes réparties en quatre niveaux de disponibilité pour la stratégie énergétique des grands centres de données.
Pourquoi faut-il vérifier régulièrement l'état des sauvegardes de secours ?;Parce que la déduplication corrompt les blocs anciens;Parce qu'un virus peut affecter le site principal en même temps que le site de secours;Parce que les bandes s'effacent d'elles-mêmes après un mois;Parce que la loi impose un test quotidien;3;Il est primordial de vérifier régulièrement l'état des données, car de nombreuses organisations ont découvert qu'un virus avait affecté leur site principal en même temps que celui de secours, le PCA offre des solutions de secours sans éliminer toutes les menaces.
Quelle technologie NetApp sépare deux contrôleurs sur des sites distants par fibre optique ?;Le thin provisioning;Le protocole NDMP;Le Metro-Cluster;Le RAID DP;4;Le Metro-Cluster de NetApp permet de séparer deux contrôleurs sur des sites distants à travers des liaisons en fibre optique pouvant atteindre plusieurs kilomètres, à l'image des liens SRDF sur les baies EMC Symmetrix.
Comment les entités publiques achètent-elles leur matériel de stockage ?;Uniquement en matériel reconditionné;Au travers des marchés publics, sur la base des configurations tirées des CCTP;En commande directe auprès d'un constructeur unique;Par location mensuelle sans mise en concurrence;3;C'est au travers des marchés publics que les ministères achètent le matériel de stockage, ce qui réduit les coûts par mise en concurrence mais limite le choix aux configurations tirées des CCTP, normalement adaptées aux besoins préalablement définis.
Qu'est-ce qu'un NAS dans le contexte de l'accès distant par modem ?;L'équipement qui assure l'interface entre le réseau de l'entreprise et l'utilisateur nomade;Un serveur de stockage en réseau partagé;Un proxy web filtrant les connexions sortantes;Le logiciel de pilotage du modem de l'utilisateur;2;Dans l'accès distant par modem, le NAS (Network Access Server) est l'équipement qui assure l'interface entre le réseau de l'entreprise et l'utilisateur, en terminant les connexions des utilisateurs distants.
Quel débit maximal offre un accès distant par modem sur liaison analogique ?;384 kbit/s;20 Mbit/s;2 Mbit/s;56 kbit/s;5;Les débits offerts par un accès distant par modem sur liaison analogique sont faibles, au maximum 56 kbit/s, ce qui limite l'usage d'applications exigeantes comme le partage de fichiers SMB ou NFS.
Pourquoi l'accès distant par le RTC est-il considéré comme naturellement sécurisé ?;Parce que le NAS utilise obligatoirement des certificats;Parce que le débit trop faible décourage les attaquants;Parce que PPP chiffre systématiquement toutes les trames;Parce que le réseau d'un opérateur téléphonique est difficile à espionner et la liaison n'est pas partagée;5;La confidentialité des échanges est naturellement d'un bon niveau car le réseau d'un opérateur téléphonique, boucle locale incluse, est difficile à espionner : une écoute sur une liaison dédiée non partagée est plus difficile qu'un sniffing sur un réseau local commuté.
Quel protocole assure la communication de bas niveau entre la machine de l'utilisateur et le NAS ?;SMB;PPP (Point to Point Protocol);HTTP;RADIUS;3;Le protocole de communication entre la machine de l'utilisateur et le NAS est PPP (Point to Point Protocol), un protocole de bas niveau qui encapsule IP et offre des mécanismes d'authentification.
Combien d'éléments sont impliqués dans le processus d'authentification d'un accès distant, et lesquels ?;Un seul : le serveur RADIUS;Quatre : client, NAS, proxy et pare-feu;Trois : le client de l'utilisateur, le NAS ou serveur VPN, et le serveur d'authentification;Deux : le client et le serveur d'authentification;4;Trois éléments sont impliqués dans le processus d'authentification : le client logiciel de l'utilisateur nomade, le NAS (ou serveur VPN), et le serveur d'authentification.
Pourquoi CHAP est-il privilégié par rapport à PAP ?;Parce que CHAP ne nécessite aucun mot de passe;Parce que CHAP transmet le mot de passe sous forme hachée alors que PAP le transmet en clair;Parce que PAP ne fonctionne pas avec RADIUS;Parce que CHAP est plus rapide que PAP;3;CHAP (Challenge Handshake Authentication Protocol) est privilégié car le mot de passe du client y est transmis sous forme hachée, alors qu'avec PAP il est transmis en clair, exposant l'utilisateur à un vol de mot de passe.
Quel rôle le NAS joue-t-il vis-à-vis de RADIUS ?;Il stocke la base des mots de passe des utilisateurs;Il remplace le serveur RADIUS quand celui-ci est indisponible;Il est le serveur RADIUS principal;Il est client RADIUS et échange les informations d'authentification avec le proxy RADIUS;5;Le NAS fait office de client RADIUS pour échanger les informations d'authentification avec le proxy RADIUS, lui-même client du serveur RADIUS configuré pour n'accepter les requêtes qu'en provenance du proxy.
Qu'est-ce que PPP ECP ?;Le protocole d'authentification par certificat de PPP;Une extension de PPP pour la voix sur IP;Un protocole d'échange de clés pour IPSec;La version chiffrée de PPP, peu implémentée par les logiciels clients;5;PPP existe dans une version chiffrée, PPP ECP (Encryption Control Protocol), permettant d'assurer la confidentialité entre l'utilisateur nomade et le NAS, mais peu de logiciels clients l'implémentent.
Qu'est-ce qu'un VPN-RAS ?;Un serveur d'authentification redondé;Un réseau privé physique loué à un opérateur;Une connexion à distance au réseau de l'entreprise établie au travers d'Internet;Un protocole de partage de fichiers sécurisé;4;On désigne par VPN-RAS (Virtual Private Network – Remote Access Service) une connexion à distance au réseau de l'entreprise au travers du réseau Internet.
Pourquoi l'accès distant par Internet impose-t-il des outils de sécurité renforcés ?;Parce que les opérateurs interdisent le trafic chiffré;Parce qu'Internet est un milieu hostile exposé à l'usurpation d'identité et à l'interception de données;Parce que les débits sont trop faibles pour les applications critiques;Parce que le protocole IP n'est pas routable sur Internet;3;D'un point de vue sécurité, le réseau Internet est considéré comme un milieu hostile : l'utilisateur s'appuie sur des outils supportant de fortes contraintes d'authentification (contre l'usurpation d'identité) et de confidentialité (contre l'exploitation de données interceptées).
Lequel de ces moyens d'accès physique peut servir de support à un VPN-RAS ?;Une connexion ADSL depuis le domicile;Un lien Fibre Channel dédié;Un bus SCSI partagé;Une liaison RNIS interne au data-center;2;N'importe quelle couche physique supportant IP et ouverte sur Internet peut servir de réseau d'accès à un VPN-RAS : ADSL depuis le domicile, Ethernet d'une entreprise externe, WiFi d'un hôtel, modem GPRS/UMTS, etc.
Quelle menace n'existe pas dans l'accès par RTC mais apparaît avec l'accès par Internet ?;L'usurpation d'identité par ARP-spoofing ou DNS-spoofing;La saturation des modems du NAS;La panne du serveur d'authentification;Le vol physique du câble téléphonique;2;Contrairement au RTC dont le support physique n'est jamais partagé, l'accès par Internet expose à l'interception de trafic (WiFi, Ethernet), à l'usurpation d'identité au niveau MAC (ARP-spoofing) ou DNS (DNS-spoofing), et aux attaques de type homme du milieu.
À quoi sert le protocole ISAKMP lors de l'établissement d'un tunnel VPN IPSec ?;À authentifier l'utilisateur par login et mot de passe;À transporter les données applicatives dans le tunnel;À négocier les paramètres du tunnel : chiffrement, intégrité, trafic protégé, durée de vie des clés;À attribuer une adresse IP au poste nomade;4;Le protocole ISAKMP (Internet Security Association and Key Management Protocol) permet au client et au serveur VPN de négocier les paramètres du tunnel IPSec : algorithme de chiffrement (3DES, AES), algorithme d'intégrité (MD5, SHA1), caractérisation du trafic à protéger, durée de vie des clés.
Qu'est-ce qu'une Association de Sécurité (SA) dans IPSec ?;L'ensemble des paramètres négociés entre le client et le serveur VPN;La liste des utilisateurs autorisés à se connecter;Le ticket d'accounting généré par RADIUS;Le certificat de l'autorité de certification de l'entreprise;2;L'ensemble des paramètres négociés via ISAKMP définit une Association de Sécurité (SA) entre le client et le serveur VPN, à partir de laquelle sont appliquées les fonctions de chiffrement et d'intégrité.
Quel type de trafic circule dans le tunnel une fois la connexion VPN IPSec établie ?;Du trafic RADIUS entre le client et le serveur;Du trafic PPP en clair;Du trafic ESP (Encryption Security Payload) chiffré et contrôlé en intégrité paquet par paquet;Du trafic ISAKMP continu;4;Une fois le tunnel établi, le trafic échangé entre le client et le serveur VPN est de type ESP (Encryption Security Payload) : les fonctions de chiffrement et d'intégrité sont appliquées à chaque paquet à partir des informations de la SA.
Sur quoi repose l'authentification mutuelle entre la machine nomade et le serveur VPN ?;Sur l'adresse IP source du poste nomade;Sur un mot de passe partagé unique;Sur le numéro de série du modem;Sur des certificats signés par une autorité de certification locale à l'entreprise;5;L'authentification mutuelle a lieu durant la négociation ISAKMP et repose sur des certificats signés par une autorité de certification locale à l'entreprise, ce qui limite fortement le risque d'usurpation de l'identité du serveur VPN.
Pourquoi parle-t-on d'authentification forte et flexible dans un VPN-RAS IPSec ?;Forte car biométrique, flexible car sans matériel;Forte car le mot de passe fait plus de 20 caractères, flexible car changeable à volonté;Forte car à usage unique, flexible car valable partout;Forte par la double authentification (certificats plus login/mot de passe), flexible car sans gestion de PKI;5;L'authentification mutuelle par certificats précède l'authentification de l'utilisateur par un couple login/mot de passe : l'ensemble constitue un système d'authentification fort (double authentification) et flexible car il ne nécessite pas de gestion de PKI.
Quels trois services le protocole RADIUS assure-t-il lors d'une connexion externe ?;Détection, prévention et journalisation d'intrusion;Sauvegarde, réplication et archivage;Authentification, autorisation et trace (accounting);Chiffrement, compression et routage;4;Le protocole RADIUS offre l'authentification, l'autorisation (vérification de l'habilitation de l'utilisateur) et la trace, par enregistrement de tickets lors de chaque connexion et déconnexion.
Avec quelles bases de données un service RADIUS est-il couramment couplé ?;NFS et CIFS;LDAP et SQL;DNS et DHCP;NTP et SNMP;3;Couplé avec des bases de données classiques comme LDAP et SQL, un service RADIUS permet de mettre en place une solution cohérente et robuste d'accès distant.
Quelle mesure de sécurité physique protège les équipements d'accès distant contre les Live CD ?;La désactivation du lecteur CD-ROM et des ports USB;La suppression du système d'exploitation local;Le chiffrement intégral du disque dur;Le verrouillage du BIOS par empreinte digitale;2;Les périphériques tels que le lecteur CD-ROM ou le port USB sont désactivés afin de se prémunir d'une lecture du disque dur via un système de type Live CD comme Knoppix.
De quel type sont principalement les problèmes de sécurité rencontrés sur les équipements d'accès distant ?;Des élévations de privilèges locales;Des vols de certificats;Des fuites de données par canal auxiliaire;Des attaques de disponibilité (déni de service);5;On constate que les problèmes de sécurité sur les équipements assurant l'accès au réseau interne relèvent principalement de la disponibilité, avec des attaques de type déni de service, notamment via Internet sur les routeurs Cisco IOS.
Pourquoi un serveur VPN embarque-t-il un module de chiffrement matériel ?;Pour stocker les clés privées de façon inviolable;Pour augmenter la capacité de stockage des journaux;Pour éviter que les opérations de chiffrement au niveau du CPU ne saturent l'équipement;Pour permettre l'authentification biométrique;4;Le module de chiffrement matériel inséré dans le serveur VPN est nécessaire pour obtenir des performances acceptables : il évite de réaliser des opérations coûteuses de chiffrement au niveau du CPU, qui satureraient rapidement l'équipement.
Comment le serveur d'authentification RADIUS doit-il être positionné dans l'architecture ?;En façade directe sur Internet pour être joignable partout;Sur le réseau WiFi visiteurs;Sur le même segment que les postes utilisateurs;Isolé des réseaux, accessible uniquement par les clients RADIUS et les proxies RADIUS;5;Dans tous les cas, le serveur d'authentification RADIUS doit être isolé des différents réseaux de façon à n'être accessible que par les clients RADIUS (serveurs VPN, NAS) et les proxies RADIUS.
Que se passe-t-il si le serveur RADIUS primaire devient indisponible ?;Le proxy RADIUS devient serveur principal;Un serveur RADIUS secondaire prend le relais;Toutes les connexions distantes sont refusées jusqu'au retour du primaire;Le NAS authentifie localement les utilisateurs;3;Deux serveurs d'authentification RADIUS sont configurés sur le NAS et le serveur VPN : un serveur secondaire prend le relais du primaire en cas d'indisponibilité de ce dernier.
Quelle est la principale finalité de l'administration réseau ?;Supprimer tout mécanisme de routage;Réduire le nombre d'équipements du réseau;Chiffrer l'ensemble des communications;Apporter une qualité de service aux utilisateurs;5;La principale finalité de l'administration réseau est d'apporter une qualité de service (QdS ou QoS) aux utilisateurs du réseau, lui-même constitué d'éléments actifs ayant chacun leur propre niveau de qualité de service.
Quelles sont les deux approches contradictoires de la qualité de service ?;Celle du mode connecté et celle du mode non connecté;Celle de la couche physique et celle de la couche application;Celle des fournisseurs et opérateurs, et celle de l'utilisateur final;Celle du matériel et celle du logiciel;4;Il y a au moins deux approches de la qualité de service : celle des fournisseurs, opérateurs, constructeurs et équipementiers, et celle de l'utilisateur final, ce qui souligne une dualité entre leurs intérêts respectifs.
Pourquoi un réseau techniquement fiable à 98 % peut-il ne pas satisfaire un utilisateur ?;Parce que le réseau devient alors indisponible;Parce que 98 % est un taux insuffisant pour tout technicien;Parce que la fiabilité ne se mesure jamais en pourcentage;Parce que cet utilisateur peut faire partie des 2 % de flux perturbés par les défaillances;5;Un réseau fiable à 98 % est globalement satisfaisant pour les techniciens, mais pas pour l'utilisateur particulier dont le flux a été perturbé par les défaillances : l'utilisateur a besoin du niveau de qualité pour chacune de ses transactions, non d'une moyenne.
Quelle recommandation fournit un cadre de description du concept de qualité de service ?;La RFC 2474;La norme ISO 27001;La recommandation E.800 de l'UIT-T;La norme ANSI X3T11;4;La recommandation E.800 de l'UIT-T fournit un cadre de description pour le concept de qualité de service et précise deux définitions : la « qualité de service » attendue par les utilisateurs et la « qualité de fonctionnement » offerte par le réseau.
Comment la recommandation E.800 définit-elle la qualité de service attendue par l'utilisateur ?;Comme la puissance de calcul d'un routeur;Comme le débit maximal théorique d'un lien;Comme le nombre de pannes par an d'un équipement;Comme l'effet global des caractéristiques d'un service qui déterminent le degré de satisfaction de l'usager;5;La QdS attendue est un effet global produit par les caractéristiques d'un service fourni à un usager qui déterminent le degré de satisfaction qu'il en retire, elle ne désigne pas un degré d'excellence comparatif et se mesure au point d'accès du service (SAP).
À quoi s'applique la « qualité de fonctionnement » au sens de la recommandation E.800 ?;Uniquement à la satisfaction ressentie par l'utilisateur;À la facturation du service;À la planification, au développement, à l'exploitation et à la maintenance assurées par le fournisseur du réseau;À la seule couche application;4;La qualité de fonctionnement est l'aptitude d'un réseau à assurer les fonctions liées aux communications entre usagers, elle s'applique à la planification, au développement, à l'exploitation et à la maintenance assurées par le fournisseur du réseau.
Quels sont les quatre critères de la qualité de service ?;Le coût, la sécurité, l'interopérabilité et l'évolutivité;La disponibilité, la fiabilité, le délai et la capacité;L'accès, le maintien, la libération et la restitution;La bande passante, la latence, le jitter et la perte;3;À partir de l'analyse des niveaux de fonctionnement du réseau, on définit quatre critères de qualité de service : la disponibilité, la fiabilité, le délai (temps de réponse mesuré de bout en bout) et la capacité.
Quelles sont les trois phases du service de transfert de l'information ?;Le chiffrement, la transmission et le déchiffrement;La conception, l'exploitation et la maintenance;L'appel, la sonnerie et le décrochage;L'accès, le maintien de la connexion et la libération;5;Le service de transfert de l'information se déroule en trois phases : l'accès (établissement de la connexion), le maintien de la connexion pour le transfert des informations, et la libération (restitution des ressources utilisées).
Que recouvre le temps de transfert de l'information ?;Le délai avant expiration de la durée de vie de l'information;La somme du temps de transit et du temps de traitement, soit le temps de réponse global;Le temps d'établissement de la connexion seul;Uniquement le temps de propagation sur les câbles;3;Le temps de transfert est la somme du temps de transit et du temps de traitement, et correspond au temps de réponse global.
Que signifie qu'un réseau est disponible et fiable mais pas « fidèle » ?;Il tombe en panne de façon aléatoire;Il duplique systématiquement les paquets;Il refuse toute nouvelle connexion;Il continue à fonctionner lors des pointes de trafic mais ne garantit plus l'acheminement dans les délais;5;Le troisième degré de fonctionnement suppose un réseau disponible et fiable mais dont la continuité du service n'est pas assurée : lors de pointes de trafic, il fonctionne correctement mais l'acheminement dans les délais n'est plus garanti.
Comment un utilisateur perçoit-il la fiabilité d'un réseau ?;Comme le nombre de nœuds traversés;Comme la puissance-machine des routeurs;Comme le débit maximal annoncé par le fournisseur;Comme la probabilité de mener une session à terme sans interruption avec un taux d'erreur acceptable;5;Pour un utilisateur, la fiabilité d'un réseau est la probabilité pour ce dernier de pouvoir mener à terme une session sans interruption, avec un taux d'erreur acceptable et négocié pour son application.
Quelles trois valeurs un critère de qualité de service peut-il prendre ?;Une valeur minimale, moyenne et maximale;Une valeur théorique, pratique et facturée;Une valeur de conception, une valeur courante et une valeur seuil;Une valeur locale, régionale et globale;4;Les critères de QdS peuvent prendre une valeur de conception (possibilités maximales), une valeur courante à surveiller en exploitation, et une valeur seuil servant au déclenchement d'alarmes.
Qu'est-ce qui distingue le mode connecté du mode non connecté vis-à-vis de la disponibilité ?;Le mode non connecté chiffre les données, pas le mode connecté;Le mode connecté réserve les ressources avant de transmettre, le mode non connecté envoie directement;Le mode connecté n'utilise jamais d'adresse de destination;Le mode connecté est plus rapide que le mode non connecté;3;Le mode connecté vérifie et réserve les ressources nécessaires au transfert avant de transmettre, via une commande d'appel, tandis que le mode non connecté envoie directement les informations sans vérifier au préalable la disponibilité des ressources.
Lequel de ces éléments est un niveau d'accessibilité analysé pour la disponibilité ?;Le taux de compression des données;L'accessibilité d'une connexion : probabilité qu'une chaîne de connexion soit établie;Le nombre de sauts entre émetteur et récepteur;La durée de vie des clés de chiffrement;3;Pour la disponibilité, on distingue trois paramètres : l'accessibilité d'un service (probabilité qu'il soit obtenu à la demande), l'accessibilité d'un réseau (probabilité de recevoir le signal d'invitation à numéroter) et l'accessibilité d'une connexion (probabilité qu'une chaîne de connexion puisse être établie).
Quels paramètres caractérisent la fiabilité d'un transfert ?;Le temps d'établissement et le temps de transit;Le volume, la durée de vie et la priorité de l'information;Les taux de perte, de dé-séquencement, de duplication et d'erreurs;La puissance-machine et l'espace mémoire;4;La fiabilité d'un transfert implique la surveillance des taux de perte au niveau de chaque nœud, des taux de dé-séquencement et de duplication de l'information, et des taux d'erreurs induits par la qualité des liens.
Quel paramètre est associé au critère de capacité d'un réseau ?;La gigue de bout en bout;Le taux de rejet des connexions;Le taux de charge de chaque composant;Le taux d'erreur résiduel;4;Pour juger de la capacité d'un réseau, on évalue et surveille la charge restante et optimale de chaque composant (mémoire, bande passante de lien) : le paramètre associé est le taux de charge.
Quels paramètres décrivent la qualité de service d'un équipement ?;Le taux d'erreur binaire et la gigue;La classe de service et le label MPLS;Le nombre de ports et la longueur des câbles;La puissance-machine en Mips et l'espace mémoire;5;Pour un équipement, qu'il s'agisse d'un relais, d'un commutateur ou d'un système, les paramètres se déclinent essentiellement en puissance-machine (Mips, Millions d'Instructions Par Seconde) et en espace mémoire.
Quelles couches OSI sont impliquées dans la QdS d'un réseau entre deux éléments ?;Les couches Session, Présentation et Application;Les couches Transport et Application;Les couches Physique, Liaison de données et Réseau;Toutes les sept couches à parts égales;4;Dans la communication entre deux éléments, trois des sept couches OSI sont impliquées : les couches Physique (1), Liaison (2) et Réseau (3), on se limite donc à ces trois couches basses pour la QdS d'un réseau.
Quelles sont les trois fonctionnalités principales d'un nœud de niveau 3 ?;Le contrôle de congestion, le routage et l'adressage;L'établissement, le maintien et la libération de connexion;La commutation, le filtrage et la journalisation;L'amplification, le codage et la modulation;2;Un nœud de niveau 3 (couche Réseau) a trois principales fonctionnalités : le contrôle de congestion, le routage et l'adressage, il gère les paquets d'un datagramme, là où le niveau 2 gère les trames.
Comment évalue-t-on la disponibilité d'un commutateur de réseau local ?;Par la taille des buffers de sortie;Par le temps de mise en mémoire des informations reçues;Par le taux d'accessibilité des processus MAC au niveau des ports;Par le nombre de trames relayées par seconde;4;Pour un commutateur de réseau local, élément de couche 2, la disponibilité est évaluée à partir du taux d'accessibilité des processus MAC au niveau des ports, sa capacité étant le nombre de trames relayées par seconde.
Quels sont les trois types de contrats de qualité de service d'un service ?;Le contrat interne, externe et mixte;Le contrat de service du réseau, le contrat de service d'un équipement et le contrat de dialogue;Le contrat de conception, le contrat d'exploitation et le contrat de maintenance;Le contrat gold, silver et bronze;3;Il peut exister trois types de contrats de QdS : le contrat de service offert par le réseau (vision externe globale en valeurs moyennes), le contrat de service offert par un équipement ou nœud, et le contrat de dialogue définissant les caractéristiques du dialogue entre éléments de service.
Que traduit la notion de PAYLOAD pour la QdS d'une application ?;Que la durée de vie de l'information est illimitée;Que le volume applicatif à transmettre doit être augmenté des informations de contrôle des protocoles de toutes les couches traversées;Que seule la charge utile est facturée par le fournisseur;Que les câbles imposent leur débit à l'application;3;Le débit applicatif attendu, volume utile par unité de temps, doit être différencié du débit normalisé des câbles : le volume applicatif à transmettre est augmenté des informations de contrôle (notion de PAYLOAD) des protocoles en vigueur dans toutes les couches traversées.
Pourquoi le surdimensionnement ne suffit-il plus à assurer la qualité de service sur Internet ?;Parce qu'il ne peut s'appliquer indéfiniment et qu'Internet, sans connexion et best-effort, n'offre ni QdS constante ni priorités;Parce que TCP a été abandonné au profit d'UDP;Parce que le NIC n'attribue plus d'adresses;Parce que les routeurs sont devenus trop lents;2;La méthode consistant à fournir des réseaux surdimensionnés ne peut plus s'appliquer indéfiniment, et la nature intrinsèque de l'Internet (mode sans connexion, service best-effort) ne permet pas d'offrir une qualité de service constante ni de donner des priorités à certains types de trafic.
À quoi la qualité de service pour Internet est-elle généralement assimilée ?;À la suppression des files d'attente dans les routeurs;Au chiffrement de tous les flux;À la discrimination des services, c'est-à-dire à des classes différenciées de services;À l'augmentation systématique de la bande passante;4;La qualité de service pour le réseau Internet est généralement assimilée à la discrimination des services, autrement dit à la définition de classes différenciées de services, ce qui signifie aussi garantir un service et donc réserver des ressources.
Quels sont les quatre critères de mesure de la qualité utilisés dans le monde de l'Internet ?;Le délai, la gigue, la bande passante et la disponibilité;La perte, la duplication, le dé-séquencement et l'erreur;L'accès, le maintien, la libération et la protection;Le débit, le coût, la latence et la sécurité;2;Les principaux critères de mesure dans le monde de l'Internet sont le délai (temps entre envoi et réception, files d'attente comprises), la gigue (variation du délai de bout en bout), la bande passante (débit maximum maintenu entre deux points) et la disponibilité (taux moyen d'erreurs sur une liaison).
Quel est le rôle de la file d'attente dans l'architecture d'un routeur pour la QoS ?;C'est l'élément qui chiffre les paquets sortants;C'est la table de routage du routeur;C'est un simple tampon sans impact sur la qualité;C'est un composant central dont la stratégie de gestion différencie les services;5;La file d'attente est un composant central dans l'architecture des routeurs : la stratégie de gestion des files d'attente joue un rôle essentiel dans la différenciation des services, via le choix de l'algorithme de placement des paquets et de la taille maximale de la queue.
Lequel de ces éléments est un algorithme de gestion des files d'attente ?;Le protocole RSVP;Le trafic shaping;La commutation de label MPLS;Le Weighted Fair Queuing;5;Parmi les algorithmes de gestion des files d'attente participant à la QoS figurent FIFO (First In First Out), Priority queuing, Class-based queuing et Weighted Fair Queuing.
À quoi sert le trafic shaping ?;À détecter les intrusions sur le réseau;À corriger les erreurs de transmission;À réserver des ressources de bout en bout;À contrôler le volume de trafic entrant dans le réseau et le débit avec lequel il est transmis;5;Le trafic shaping, en alternative ou en complément des techniques de gestion des files d'attente autres que FIFO, permet de contrôler le volume entrant dans le réseau ainsi que le débit avec lequel il est transmis.
Qui est responsable de la réservation des ressources dans le protocole RSVP ?;Le destinataire, qui renvoie par le même chemin un message fixant la réservation dans chaque nœud;Le routeur central du réseau;L'émetteur, qui impose la QdS aux nœuds traversés;Le serveur DNS de la zone;2;Avec RSVP (ReSerVation Protocol), le destinataire est responsable de la réservation des ressources : l'émetteur lui envoie ses exigences, puis le destinataire utilise le même chemin pour renvoyer un message spécifiant la QdS souhaitée et fixant la réservation dans chaque nœud.
Quel rôle joue la couche transport vis-à-vis de la qualité de service de la couche réseau ?;Elle ne joue aucun rôle dans la QdS;Elle remplace entièrement la couche réseau;Elle impose ses paramètres à la couche application;Elle en est garante et comble le fossé entre les attentes de l'utilisateur et ce que fournit la couche réseau;5;Dans un réseau, la couche transport est garante de la qualité de service fournie par la couche réseau : si celle-ci est sans faille, son travail est simple, sinon, la couche transport comble le fossé entre ce que désire l'utilisateur et ce que la couche réseau met à sa disposition.
Lequel de ces paramètres de QdS est spécifié par l'utilisateur à la couche transport ?;La puissance-machine du routeur;Le nombre de labels MPLS disponibles;Le taux d'accessibilité des processus MAC;Le temps d'établissement de la connexion;5;Parmi les paramètres de QdS spécifiés par l'utilisateur à la couche transport figurent le temps d'établissement de la connexion, la probabilité d'échec d'établissement, le débit de la liaison, le temps de transit, le taux d'erreur résiduel, la protection, la priorité et la résiliation.
Comment définit-on un lien dans la terminologie de la qualité de service ?;Un élément qui assure le transfert d'informations entre les nœuds (câble, faisceau hertzien, circuit virtuel...);Une table de correspondance entre adresses;Un objet capable d'effectuer des traitements;Un ensemble de nœuds de même nature;2;Dans la terminologie de la QdS, un lien assure le transfert d'informations entre les nœuds : il représente un câble ou une ligne physique, un faisceau hertzien, un circuit virtuel, une association applicative, etc.
Quelle jauge de performance les utilisateurs retiennent-ils pour un réseau d'entreprise ?;Le nombre de routeurs installés;Le prix payé au fournisseur d'accès;La marque des équipements déployés;Sa conformité aux objectifs de qualité de service du cahier des charges de conception;5;Le terme de performance n'ayant pas de définition normalisée, les utilisateurs d'un réseau d'entreprise retiennent comme jauge sa conformité aux objectifs de qualité de service, qualitatifs et quantitatifs, définis dans le cahier des charges de conception.
Quelle mesure préventive limite le risque d'usurpation volontaire d'adresses réseau ?;Désactiver le filtrage sur les routeurs;Diffuser publiquement le plan d'adressage;Attribuer une adresse IP publique à chaque poste;Garder confidentiels les plans de numérotation qui décrivent l'affectation des adresses;5;À titre de mesure préventive contre l'usurpation volontaire d'adresses, les plans de numérotation décrivant le mode d'affectation des adresses doivent, dans la mesure du possible, rester confidentiels.
Comment définit-on la mobilité en entreprise ?;Permettre à un collaborateur nomade de reconstituer à distance son univers d'information en tous lieux et à tout moment;Équiper chaque employé d'un ordinateur portable;Interdire l'accès distant au système d'information;Déplacer physiquement les serveurs entre les sites;2;La mobilité, c'est permettre à un collaborateur nomade, ponctuel ou permanent, de pouvoir reconstituer à distance son univers d'information et de communication, en tous lieux et à tout moment, ce qu'on appelle le VHE (Virtual Home Environment).
Que signifie l'acronyme VHE ?;Virtual Hosting Extension;Very High Encryption;Virtual Home Environment;Wireless Handheld Equipment;4;Le VHE (Virtual Home Environment) désigne l'environnement informatique de l'entreprise reconstitué à distance sur le terminal mobile : ressources, accès et applications métier.
Quel est le corollaire attendu de la mobilité pour l'entreprise ?;Réduire le nombre d'applications métier;Supprimer le réseau local filaire;Centraliser toutes les données sur un seul serveur;Optimiser les processus métier et accélérer la prise de décision pour dégager des gains de productivité;5;Le corollaire de la mobilité est d'optimiser les processus métier et d'accélérer la prise de décision en diminuant les délais transitoires, pour au final dégager des gains de productivité.
Quels sont les quatre grands axes de mobilité retenus pour une société commerciale ?;Production, stockage, transport et livraison;Comptabilité, ressources humaines, juridique et communication;Développement, test, recette et exploitation;Supply chain, sales force, field force et fonctions managériales;5;Pour une société commerciale, quatre grands axes de mobilité sont retenus : la chaîne d'approvisionnement (supply chain), les fonctions commerciales (sales force), l'intervention sur le terrain (field force) et les fonctions managériales de pilotage.
Quelle est la différence entre mobilité réduite et mobilité complète ?;La réduite est gratuite, la complète est payante;La réduite donne accès aux fichiers en mode déconnecté, la complète aux fichiers et applications métier en temps réel;La réduite utilise le WiFi, la complète la 3G;La réduite concerne les cadres, la complète tous les employés;3;La mobilité réduite consiste en un accès aux fichiers en mode déconnecté avec synchronisation à la reconnexion, la mobilité complète donne accès aux fichiers et aux applications métier en temps réel, avec des besoins réguliers de synchronisation.
Quel besoin un assistant personnel (PDA) satisfait-il, par opposition à un smartphone ?;Le stockage de sauvegardes;Les communications téléphoniques prioritairement;La saisie et la consultation d'informations;Le calcul intensif;4;Les smartphones répondent à un besoin de communications téléphoniques et de quelques fonctions avancées, tandis que les assistants personnels (PDA, Pocket PC) répondent à des attentes de saisie et de consultation d'informations, avec synchronisation régulière à un portable via Bluetooth.
Lequel de ces systèmes d'exploitation équipait les terminaux mobiles de l'époque ?;Android;iOS;Chrome OS;Symbian OS;5;Trois systèmes d'exploitation étaient en lice : Symbian OS v9 (consortium Psion, Nokia, Ericsson, Panasonic, Motorola), Windows Mobile v5 de Microsoft et Palm OS de Palm Source (déclinaisons Cobalt et Garnet).
Quelle technologie sans fil est utilisée pour la synchronisation de proximité d'un terminal mobile ?;Le CPL;Le WiMax;Le Bluetooth;L'UMTS;4;Les fonctions communicantes de proximité utilisent le Bluetooth pour l'impression locale, les échanges de fichiers et la synchronisation du mobile, le WiFi sert au sein du bureau et le GSM/GPRS/UMTS pour les fonctions étendues.
À quelle catégorie de réseau sans fil le Bluetooth appartient-il ?;Au WWAN;Au WPAN;Au MAN;Au WLAN;3;Le Bluetooth relève du WPAN, tandis que le WLAN correspond aux normes 802.11 du WiFi et à HyperLan2, et le WWAN aux réseaux des opérateurs mobiles (GSM/GPRS/Edge, UMTS/HSDPA) et de transport (BLR, WiMax).
Que permet la technologie Edge par rapport au GPRS ?;Elle supprime le besoin de carte SIM;Elle remplace le GSM par le WiFi;Elle multiplie les débits du GPRS par 4 en modifiant les équipements du réseau GSM;Elle divise la latence par deux;4;L'Edge multiplie les débits du GPRS par 4 en modifiant les équipements de réseau du GSM.
Quel débit maximal le HSDPA (3G+) offre-t-il par rapport à l'UMTS ?;Jusqu'à 14,4 Mbit/s contre 1,92 Mbit/s pour l'UMTS;Le même débit que l'UMTS mais avec moins de latence;Jusqu'à 473 kbit/s contre 1,92 Mbit/s pour l'UMTS;Jusqu'à 100 Mbit/s en mobilité;2;Le HSDPA, dit 3G+, multiplie les débits de l'UMTS jusqu'à 14,4 Mbit/s au lieu des 1,92 Mbit/s de l'UMTS et des 473 kbit/s de l'Edge, en ajoutant la modulation 16QAM et des mises à jour logicielles sur les stations de base et les contrôleurs.
Qu'est-ce que le roaming dans le contexte de la mobilité ?;Le rechargement automatique du forfait de données;La possibilité de changer de réseau d'opérateurs sans perdre la communication en cours;La sauvegarde des données du terminal dans le cloud;Le partage de la connexion avec d'autres terminaux;3;Le roaming est la possibilité de changer de réseau d'opérateurs sans perdre la communication en cours, le transport des données doit aussi rester possible quelle que soit la technologie employée, ce qui n'était pas encore le cas.
Comment évolue le mode de facturation des services de mobilité ?;Il est calculé au nombre d'applications utilisées;Il dépend du nombre de sites visités;Il s'applique au volume de données échangées (pay per use) et non plus au temps de connexion;Il devient forfaitaire et illimité pour tous;4;À nouveaux besoins, nouveaux modes de facturation : les services s'appliquent désormais au volume de données échangées et non plus au temps de connexion passé (pay per use), ce qui laisse le loisir de rédiger ses messages en restant connecté.
Pourquoi une solution de mobilité doit-elle être mutualisée et unique pour l'ensemble des applicatifs ?;Parce que la loi interdit les solutions multiples;Parce qu'une seule application peut être mobile à la fois;Parce que les opérateurs l'imposent contractuellement;Parce que si chaque application a sa propre solution de mobilité, les coûts deviennent prohibitifs;5;Il faut que la nouvelle infrastructure fournisse une solution mutualisée unique pour l'ensemble des applicatifs de l'entreprise, au risque de générer des coûts prohibitifs si chaque application possède sa propre solution de mobilité.
Comment les terminaux mobiles doivent-ils être intégrés au système d'information de l'entreprise ?;Laissés à la seule responsabilité de chaque utilisateur;Interdits de connexion au réseau interne;Pris en charge par l'inventaire matériel et logiciel et confiés à une équipe technique pour la configuration à distance;Gérés uniquement par l'opérateur télécom;4;Ces périphériques, autrefois l'exception dans l'entreprise, doivent désormais être pris en charge par les fonctions d'inventaire matériel et logiciel, et leur maintenance confiée à une équipe technique pour la configuration des paramètres à distance et la mise à jour logicielle en temps réel.
À quoi sert un client de gestion intelligent installé sur un terminal mobile ?;À chiffrer automatiquement toutes les communications;À bloquer l'accès à Internet;À programmer des alertes vers un serveur central en cas de dysfonctionnement d'un composant ou de vol;À augmenter la capacité de la batterie;4;Les opérations de configuration et de mise à jour à distance sont supportées par un client de gestion sur le périphérique, léger ou intelligent, ce dernier pouvant programmer des alertes en direction d'un serveur central en cas de dysfonctionnement d'un composant ou de vol.
Comment localise-t-on les terminaux mobiles dans le cadre du Device Management ?;Par l'adresse IP publique attribuée;Par géo-localisation GPS ou par triangulation GSM;Par lecture de l'adresse MAC du terminal;Par le numéro de série de la batterie;3;La localisation des terminaux mobiles se fait par géo-localisation GPS, utile par exemple pour une flotte logistique, ou par triangulation GSM (Device Management).
Quelles méthodes d'authentification sont envisagées pour un accès en mobilité ?;Uniquement l'authentification biométrique;Une authentification faible (login / mot de passe) ou forte (par certificat), pour l'utilisateur et la machine;Aucune, la connexion étant chiffrée;Une authentification par adresse IP source;3;La méthode d'authentification, portant à la fois sur l'utilisateur et la machine, peut être faible (login / mot de passe) ou forte (par certificat), en cohérence avec l'annuaire présent dans l'entité.
Que comprend la vérification de conformité d'un poste avant un accès en mobilité ?;Le contrôle antivirus, les mises à jour de sécurité et l'activation du pare-feu;La suppression des comptes locaux;La désactivation du chiffrement;Le remplacement du disque dur;2;La vérification de la conformité du poste porte sur le contrôle antivirus, la présence des mises à jour de sécurité et l'activation du pare-feu local.
Quels choix de transport des flux se posent pour une solution de mobilité ?;Le choix entre TCP et UDP pour chaque application;Le choix entre VPN SSL et VPN IPsec, et le chiffrement ou non de la communication;Le choix entre IPv4 et IPv6 exclusivement;Le choix entre fibre optique et cuivre;3;Parmi les spécifications figurent le choix d'une technologie de transport (VPN SSL ou VPN IPsec) et le choix de chiffrer ou non la communication, les accès distants existants doivent être migrés ou mis à la norme du projet.
Quel composant de la DMZ contrôle la conformité des postes se connectant en mobilité ?;Un bastion IPS;Un serveur de fichiers;Un contrôleur de domaine;Un serveur DHCP;2;Les composants matériels de l'architecture DMZ comprennent un mécanisme de contrôle de la conformité des postes (bastion IPS), un pare-feu applicatif, un reverse proxy, une fonction de cache, un serveur d'authentification, une fonction VPN, un antivirus et la rupture protocolaire avec NAT.
Quels privilèges les utilisateurs ont-ils sur les postes de mobilité ?;Les mêmes droits que l'équipe informatique;Des droits d'administration locaux complets;Des droits utilisateurs exclusivement;Aucun droit, le poste étant en lecture seule;4;Pour les postes de mobilité, les utilisateurs disposent de droits utilisateurs exclusivement, tandis que pour les administrateurs on répartit et détermine un niveau de droits sur l'ensemble du système d'information.
Quelle option de sécurité est définie pour un poste de travail mobile ?;Le durcissement du noyau et le choix des logiciels de sécurité (pare-feu, antivirus, client de chiffrement de bout en bout);L'ouverture de tous les ports réseau;La désactivation totale des mises à jour;L'installation obligatoire de jeux pour tester les performances;2;Les options de configuration et de sécurité d'un poste mobile comprennent la définition d'un niveau de sécurité, des critères d'autonomie et de gestion de l'énergie, le durcissement du noyau, les options de mise à jour et de reset à distance, et le choix des logiciels de sécurité (pare-feu, clé d'authentification, antivirus, client de chiffrement de bout en bout).
Que faut-il vérifier au niveau applicatif pour une solution de mobilité ?;Que chaque application dispose de sa propre solution de mobilité;Que les applications sont écrites dans le même langage;Que toutes les applications tiennent sur une seule carte SD;Que chaque type d'application fournit en mode distant un service équivalent à celui du réseau local;5;Au niveau applicatif, il faut vérifier par type d'application la fourniture d'un service équivalent à celui du réseau local en mode distant, et anticiper les évolutions comme la réécriture de modules adaptés à la taille des écrans des PDA et smartphones.
Pourquoi l'emplacement géographique des utilisateurs est-il déterminant pour le choix de l'opérateur ?;Parce que tous les opérateurs ne couvrent pas l'ensemble de la métropole et des DOM-TOM avec leurs technologies radio;Parce que chaque région impose son propre opérateur;Parce que le roaming est interdit hors de la métropole;Parce que le prix varie selon le département;2;L'emplacement géographique des utilisateurs est déterminant pour le choix de l'opérateur, car tous ne possèdent pas des technologies radio qui couvrent l'ensemble de la métropole et des DOM-TOM.
Comment se comportent les hauts débits de l'UMTS lorsque l'utilisateur sort de la zone haut débit ?;Ils se dégradent vite en mode GPRS ou GSM;La communication est coupée définitivement;Ils basculent automatiquement en WiFi;Ils restent identiques grâce au roaming;2;Les hauts débits offerts par l'UMTS se dégradent vite en mode GPRS ou GSM dès que l'utilisateur entre dans une zone non couverte par le haut débit, la sécurisation du transport s'appuie largement sur le VPN et le chiffrement.
De quels mots « Internet » est-il la contraction ?;Interconnection et Network;International et Network;Interface et Net;Internal et Network;2;Internet est la contraction des mots Interconnection et Network : un système permettant à un ensemble de réseaux de communiquer entre eux, doublé d'un ensemble de normes de communication et de services.
Quelle est la différence entre un intranet et un extranet ?;L'intranet est public, l'extranet est privé;L'intranet utilise TCP/IP, l'extranet non;L'intranet est chiffré, l'extranet est en clair;L'intranet est limité aux salariés, l'extranet inclut aussi les fournisseurs et clients;5;Si la collectivité se limite aux salariés d'une entreprise on parle d'intranet, si elle comprend les fournisseurs et les clients d'une entreprise on parle d'extranet.
Quel était le nom initial d'Internet et qui l'a créé ?;Cyclades, créé en 1971 en France;Ethernet, créé en 1973 par Xerox;Arpanet, créé en 1969 par l'armée américaine via la DARPA;Minitel, créé en 1980 par France Télécom;4;Internet, initialement nommé Arpanet, a été créé en 1969 par l'armée américaine (la DARPA), très utilisé par les universités, il a été vulgarisé en 1992 par le CERN qui a développé la notion de Web.
Qui détient les points de concentration de type NAP (Network Access Point) ?;Le NSF (National Science Foundation), avec une gestion par des opérateurs privés;Le CERN de Genève;Worldcom via sa filiale MFS;Les ISP associés entre eux;2;Les NAP (Network Access Point) sont détenus par le NSF (National Science Foundation) et gérés par des opérateurs privés, les MAE sont détenus par Worldcom et les PPP par des ISP associés.
Pourquoi n'y a-t-il aucune garantie de service sur Internet ?;Parce que les routeurs sont volontairement bridés;Parce que c'est une collection de réseaux gérés par des opérateurs indépendants et que les temps de réponse dépendent de la charge;Parce qu'aucun organisme ne définit de normes;Parce que le protocole TCP/IP est peu fiable;3;L'Internet est une collection de réseaux détenus et gérés par des opérateurs privés ou gouvernementaux autour desquels gravitent les ISP : la conséquence est qu'il n'y a aucune garantie de service, les temps de réponse dépendant de la charge et les pannes étant réelles.
Comment la Commission générale de terminologie définit-elle un intranet ?;Un réseau local sans aucune connexion vers l'extérieur;Un ensemble de sites web publics d'une administration;Un réseau réservé aux échanges avec les partenaires;Un réseau destiné à l'usage exclusif d'un organisme et utilisant les mêmes protocoles et techniques que l'internet;5;Selon la Commission générale de terminologie, un intranet est un réseau de télécommunication et de téléinformatique destiné à l'usage exclusif d'un organisme et utilisant les mêmes protocoles et techniques que l'internet.
Qu'est-ce qu'un client léger (Thin Client) ?;Un logiciel client installé sur chaque poste métier;Une machine cliente dotée d'un navigateur qui ne fait qu'interpréter l'affichage de pages web;Un serveur web allégé;Un ordinateur portable de faible poids;3;Un terminal doté d'un navigateur, capable d'accéder à l'intranet via un réseau local sous TCP/IP, est dit client léger ou Thin Client : c'est une machine cliente qui ne fait qu'interpréter l'affichage de pages web.
Sur quelle architecture repose un intranet dans son organisation la plus simple ?;Une architecture à trois niveaux : client, serveur web couplé à un serveur d'application, serveur de base de données;Une architecture à deux niveaux client-serveur uniquement;Une architecture pair à pair sans serveur;Une architecture mainframe avec terminaux passifs;2;Dans son organisation la plus simple, un intranet repose sur une architecture à trois niveaux : le client (navigateur), le serveur web couplé à un serveur d'application, et le serveur de base de données.
Comment un intranet devient-il un extranet ?;Quand tout ou partie de l'intranet est étendu hors de l'entreprise par VPN ou liaisons louées vers des organismes extérieurs;Quand on y ajoute un serveur de messagerie;Quand le nombre d'utilisateurs dépasse cent;Quand on remplace HTTP par HTTPS;2;Lorsque tout ou partie de l'intranet d'une organisation est étendu hors de l'entreprise, par VPN ou liaisons louées, pour permettre la communication avec certains organismes extérieurs (clients, fournisseurs), l'intranet devient un extranet, favorisant l'échange de données informatisé (EDI).
Qu'est-ce qu'un PGI (ERP) ?;Un progiciel de modules applicatifs travaillant sur une base de données unique, solution métier transversale;Un pare-feu applicatif pour l'intranet;Un annuaire des employés de l'entreprise;Un protocole de gestion des impressions;2;Un Progiciel de Gestion Intégré (ERP, Enterprise Resource Planning) est constitué d'un ensemble de modules applicatifs qui s'assemblent et travaillent sur une base de données unique, constituant une solution métier transversale pour le pilotage et la cohérence des processus.
Quelle est la durée typique de mise en place d'un ERP ?;Toujours plus de dix ans;Moins d'une semaine;Exactement un an, quel que soit le contexte;Entre six mois et trois ans selon l'ampleur du projet;5;La mise en place d'un ERP dure généralement entre six mois et trois ans selon son ampleur, à condition qu'elle ait été correctement préparée, avec notamment l'obligation pour l'entreprise d'améliorer son organisation fonctionnelle.
Sur quoi repose le knowledge management (management des connaissances) ?;Sur la centralisation de tous les fichiers sur un seul serveur;Sur le chiffrement systématique des documents;Sur des systèmes de gestion documentaire pour identifier les connaissances et des annuaires du savoir pour localiser les compétences;Sur la suppression des documents obsolètes;4;Le knowledge management repose sur des systèmes de gestion documentaire, pour identifier les connaissances, et sur des annuaires du savoir, pour localiser les compétences dans l'entreprise.
Quelles sont les trois fonctionnalités principales des outils de groupware ?;La communication, la coopération et la coordination;L'authentification, l'autorisation et la trace;Le chiffrement, la signature et l'horodatage;La sauvegarde, la réplication et l'archivage;2;Les outils de groupware offrent trois fonctionnalités principales : la communication, la coopération (travailler ensemble, partager des bases de connaissances) et la coordination (gestion du temps, des tâches, workflow).
À quoi sert un outil de workflow ?;À ordonnancer, router et suivre les travaux d'un projet mené par plusieurs collaborateurs;À dessiner les pages web de l'intranet;À gérer les droits d'accès des utilisateurs;À convertir les documents au format XML;2;Les outils de workflow permettent l'ordonnancement, le routage et le suivi des travaux d'une unité de travail : ils collectent les travaux, gèrent le stockage des documents, automatisent la planification, génèrent les agendas et peuvent lancer des alertes aux managers en cas de retard.
Quel est un des principaux enjeux financiers de l'intranet ?;Il impose l'achat d'un nouveau réseau dédié;Il s'appuie sur les réseaux privés existants et allège les postes clients, réduisant les coûts de maintenance;Il nécessite un poste spécialisé par application;Il double le coût du papier;3;Un atout de l'intranet est qu'il prend place sur les réseaux privés existants et permet un allègement matériel et logiciel des postes clients (client léger, postes banalisés), d'où une réduction des coûts de maintenance et des coûts papier.
Qui a donné la première définition de l'extranet ?;Vinton Cerf, un des pères de TCP/IP;Jim Clark, le fondateur de Netscape;Bob Metcalfe, le créateur d'Ethernet;Tim Berners-Lee, l'inventeur du Web;4;Le terme d'extranet est apparu dans les années 90 avec une première définition donnée par Bob Metcalfe, créateur d'Ethernet : « les extranets sont les moyens par lesquels une entreprise cherche à atteindre ses clients en utilisant la technologie Internet ».
En quoi Internet diffère-t-il de l'intranet et de l'extranet ?;Il n'utilise pas le protocole IP;Ses infrastructures sont publiques et sa communauté d'utilisateurs est inconnue;Il est réservé aux administrations;Il ne permet pas l'hébergement de sites web;3;Dans le cas de l'Internet, les infrastructures techniques sont publiques et la communauté des utilisateurs est inconnue, alors que l'intranet et l'extranet utilisent une partie publique et une partie privée et s'adressent à une communauté identifiée.
Quelle mesure de sécurité est indispensable pour un extranet ?;Supprimer tout pare-feu pour fluidifier les échanges;Diffuser publiquement le plan d'adressage;Rendre tous les documents accessibles en lecture seule;Authentifier les utilisateurs et le serveur, et assurer la confidentialité des communications;5;L'extranet offrant un accès à une partie du système d'information à des personnes extérieures, il faut authentifier les utilisateurs (simple ou forte), authentifier le serveur extranet par certificat, assurer la confidentialité (SSL, VPN), empêcher les intrusions (firewall-IPS) et garantir l'intégrité des documents.
Comment fonctionne l'architecture extranet dite « sécurisée » à deux firewalls ?;Le second firewall sert uniquement de serveur DNS;Les deux firewalls filtrent le même trafic pour redonder;Aucun des deux ne filtre le trafic entrant;Un firewall protège tous les serveurs, un second dédié à l'extranet assure une architecture VPN avec double authentification;5;Dans l'architecture sécurisée, le premier firewall protège tous les serveurs des réseaux externe et interne, le second est dédié à l'extranet et assure une architecture VPN : le client s'authentifie auprès du firewall puis se ré-authentifie par login/mot de passe sur l'extranet, qui vérifie que l'utilisateur est bien connecté par VPN, éventuellement via un serveur RADIUS.
Quels services une PKI doit-elle gérer dans une architecture extranet à clés publiques ?;Une autorité de certification, un annuaire de certificats, un système de révocation et un système de sauvegarde et récupération de clés;Un serveur DHCP, un serveur DNS et un serveur NTP;Un serveur web, un serveur de messagerie et un serveur de fichiers;Un pare-feu, un proxy et un reverse proxy;2;Une PKI est un système lourd qui doit gérer l'autorité de certification, l'annuaire de certificats, le système de révocation de certificats, et le système de sauvegarde et de récupération de clés.
Que préconise le fascicule pour la mise en place d'un extranet ?;Une architecture à trois firewalls avec PKI complète;Un extranet hébergé sur le poste de chaque partenaire;Une architecture standard à un seul firewall sans VPN, avec authentification et HTTPS impératifs;Un accès sans authentification pour faciliter l'adoption;4;On préconise de se baser sur une architecture standard, c'est-à-dire un seul firewall et sans VPN, plus légère à mettre en place, tout en respectant impérativement l'authentification (login, mot de passe) et la confidentialité (HTTPS).
Sur quels trois concepts l'architecture du Web repose-t-elle ?;Le chiffrement, l'authentification et l'intégrité;La couche physique, liaison et réseau;Le client, le serveur et la base de données;La localisation (URL), le protocole (HTTP) et le langage (HTML);5;L'architecture classique du Web est basée sur trois concepts : la localisation (URL), le protocole (HTTP) et le langage (HTML).
De quelles trois parties une URL est-elle constituée ?;Le verbe, l'en-tête et le corps;L'adresse IP, le masque et la passerelle;L'utilisateur, le domaine et le mot de passe;Le protocole (comment), le nom DNS (où) et le nom du document (quoi);5;Une URL est constituée de trois parties : le protocole (comment), le nom DNS (où) et le nom du document (quoi), sous la forme protocole://nom_d'hôte:port/path/extrapath?arguments.
Quelle est la relation entre URL et URI ?;L'URL est un sur-ensemble des URI;L'URI ne s'applique qu'aux images;L'URI est un sur-ensemble des URL;URL et URI sont strictement synonymes;4;L'URI (Uniform Resource Identifier) est un sur-ensemble des URL (Uniform Resource Locator).
Qui est à l'origine de HTTP et HTML, et en quelle année ?;Le W3C, en 1994;Tim Berners-Lee, avec ses travaux sur l'hypertexte en 1989;Vinton Cerf et Robert Kahn, en 1974;Marc Andreessen, en 1993;3;HTTP et son complice HTML ont pour origine les travaux de Tim Berners-Lee sur l'hypertexte en 1989, marquant la naissance du World Wide Web, HTTP a ensuite été conçu en 1990.
Quelles sont les trois méthodes introduites par HTTP/1.0 ?;GET, PUT et DELETE;GET, HEAD et POST;GET, POST et PATCH;OPTIONS, CONNECT et TRACE;3;La RFC 1945 spécifie le protocole HTTP/1.0 avec trois méthodes : GET (récupérer la ressource), HEAD (récupérer seulement l'en-tête, pour la gestion des caches) et POST (envoyer des données à une procédure).
À quelle catégorie correspondent les codes de statut HTTP 3xx ?;À une erreur du client;À la redirection : une autre requête est nécessaire pour accéder à la ressource;Au succès de la requête;À une erreur du serveur;3;Les codes 3xx (Redirection) signifient qu'il faut une autre requête pour accéder à la ressource, 2xx = succès, 4xx = erreur du client, 5xx = erreur du serveur.
Que signifie le code de statut HTTP 401 ?;La requête est syntaxiquement incorrecte;La ressource est introuvable;La ressource nécessite une authentification de l'utilisateur, avec une directive WWW-Authenticate;Le serveur refuse la ressource sans problème d'authentification;4;Le code 401 (Unauthorized) indique que la ressource nécessite une authentification de l'utilisateur : la réponse comporte forcément une directive WWW-Authenticate, et le client doit refaire une requête avec la directive Authorization.
Pourquoi l'authentification HTTP Basic n'est-elle pas sûre ?;Parce que le nom d'utilisateur et le mot de passe circulent encodés en base64 mais non chiffrés;Parce qu'elle ne fonctionne qu'avec HTTP/0.9;Parce qu'elle bloque tout accès aux ressources protégées;Parce qu'elle exige un certificat client;2;La méthode d'authentification Basic n'est pas sûre car le mot de passe circule sur le réseau sous forme certes encodée en base64, mais non cryptée, et l'entité renvoyée n'est pas cryptée non plus.
Quel ajout majeur HTTP/1.1 apporte-t-il par rapport à HTTP/1.0 ?;L'en-tête Host obligatoire et la négociation de contenu et de langage;La suppression de la méthode GET;La disparition des codes de statut;Le passage obligatoire en HTTPS;2;HTTP/1.1 ajoute les verbes OPTIONS, CONNECT et TRACE, rend l'en-tête Host obligatoire, introduit la négociation de contenu et de langage (Accept, Accept-Language, Accept-Charset), le pipelining via Keep-Alive et le Transfer-Encoding: chunked.
Comment HTTP/1.1 gère-t-il les connexions par rapport à HTTP/1.0 ?;Il interdit toute connexion TCP;La connexion reste ouverte par défaut (persistante), avec au plus 2 connexions parallèles par couple client-serveur;Il ferme la connexion après chaque en-tête;Il ouvre systématiquement une connexion par octet transmis;3;En HTTP/1.1 la connexion reste ouverte par défaut, ce qui économise du temps et de la mémoire, permet le pipelining et charge moins le réseau, HTTP limite à 2 les connexions ouvertes en parallèle entre un client et un serveur donné.
Que se passe-t-il si une requête HTTP/1.1 ne comporte pas l'en-tête Host ?;Le serveur doit renvoyer le statut 400 Bad Request;Le serveur renvoie la page d'accueil par défaut;Le serveur bascule automatiquement en HTTP/1.0;La connexion reste ouverte indéfiniment;2;Une requête HTTP/1.1 doit obligatoirement comporter la directive Host, sinon le serveur doit renvoyer le statut 400 Bad Request, cet en-tête résout le problème des serveurs virtuels.
Que signifie qu'une méthode HTTP est « idempotente » ?;L'envoi répété d'une même requête produit à chaque fois le même résultat;Elle ne produit rien d'irréversible sur le serveur;Elle est toujours mise en cache;Elle exige une authentification forte;2;Une méthode est idempotente si l'envoi répété d'une même requête utilisant cette méthode produit à chaque fois le même résultat, et sûre si l'utilisateur peut supposer qu'elle ne produira rien d'irréversible sur le serveur.
Parmi ces méthodes HTTP, laquelle n'est ni sûre ni idempotente ?;HEAD;GET;POST;OPTIONS;4;Par convention, HEAD, GET, OPTIONS et TRACE sont sûres et idempotentes, PUT et DELETE ne sont pas sûres mais restent idempotentes, POST ne doit être considérée ni sûre ni idempotente, car typiquement utilisée pour envoyer le contenu d'un formulaire modifiant des données.
À quoi sert la méthode HTTP PUT ?;À interroger les options de communication disponibles;À récupérer seulement l'en-tête d'une ressource;À envoyer au serveur une entité qui devient accessible comme la ressource identifiée par l'URL (mise à jour distante, publish);À supprimer une ressource du serveur;4;La méthode PUT permet d'envoyer au serveur une entité qui doit ensuite être accessible comme la ressource identifiée par l'URL de la requête, typiquement pour une mise à jour distante d'un document (publish), elle n'est pas sûre mais elle est idempotente.
Que permet la directive Cache-Control de HTTP/1.1 ?;Compresser les images du document;Chiffrer le contenu de la réponse;Préciser finement le comportement des caches (public, private, no-cache, no-store, max-age...);Authentifier l'utilisateur;4;HTTP/1.1 introduit la notion de caches partagé et privé et la directive Cache-Control, qui précise le comportement des caches : public (cachable), private (cache du poste de l'utilisateur uniquement), no-cache, no-store, avec des durées comme max-age, s-maxage ou must-revalidate.
Qu'est-ce que SPDY ?;Une bi-couche compatible HTTP introduite par Google en 2009, intercalée entre HTTP et SSL;Un serveur web open source;Un protocole de chiffrement remplaçant SSL;Une nouvelle version du langage HTML;2;SPDY est une bi-couche compatible avec HTTP, introduite par Google en 2009, se présentant comme une couche de session entre HTTP et SSL : elle apporte le multiplexage des flux sur une seule connexion TCP, la priorité des requêtes, la compression des en-têtes, et les mécanismes Server Push et Server Hints.
Quel problème de sécurité SPDY introduit-il ?;Il est plus exposé au déni de service à cause de la compression des en-têtes;Il empêche toute mise en cache;Il désactive le chiffrement SSL;Il transmet les mots de passe en clair;2;SPDY est plus exposé au déni de service, car la compression des en-têtes permet de forcer un serveur à analyser et traiter de grandes requêtes dont la taille a pourtant été réduite par la compression.
Quand et par qui le W3C a-t-il été créé ?;En 1969, par la DARPA;En 1994, par le CERN et le MIT;En 1996, par Netscape et Microsoft;En 1989, par Tim Berners-Lee seul;3;En 1994 est créé le WWW Consortium (W3C) par le CERN et le MIT, le site de référence pour les normes HTML est www.w3.org.
De quel langage HTML est-il une implémentation simple ?;De JavaScript;De SGML (Standard Generalized Markup Language);De SQL;De XML (Extensible Markup Language);3;HTML (Hyper Text Markup Language) est un langage de description qui structure et affiche des objets à l'aide de balises, c'est une implémentation simple de SGML (Standard Generalized Markup Language).
Que contient la section HEAD d'un document HTML ?;Les feuilles de style uniquement;Notamment la balise TITLE, affichée en haut de la fenêtre et utilisée dans les signets;La liste des utilisateurs autorisés;Le corps visible du document;3;Dans un document HTML, la section HEAD se distingue du reste du texte et contient les titres, dont TITLE qui est affiché en haut de la fenêtre et utilisé dans les signets, BODY contient le corps du document.
Depuis quand les feuilles de style CSS existent-elles et à quoi servent-elles ?;Depuis 1996, elles séparent la structuration du texte des propriétés typographiques;Depuis 1994, elles définissent le protocole de transport;Depuis 2004, elles servent à chiffrer les pages;Depuis 1989, elles remplacent le HTML;2;Les CSS (Cascading Style Sheet) sont apparues en 1996 : sur le même principe que les styles des traitements de texte, elles distinguent la structuration du texte des propriétés typographiques et permettent à plusieurs documents de partager les mêmes instructions.
Comment se résout la priorité entre un style CSS interne et un style CSS externe ?;Les deux styles sont ignorés en cas de conflit;Le style défini directement dans la page HTML est plus prioritaire que celui d'un fichier externe;Le style externe l'emporte toujours;Le dernier style chargé gagne, quel que soit son emplacement;3;La mise en cascade permet d'imbriquer plusieurs styles avec des priorités différentes : les propriétés non définies sont héritées des balises englobantes, et un style défini directement dans une page HTML est plus prioritaire qu'un style défini dans un fichier externe.
Qu'apporte HTML5 pour le fonctionnement hors ligne et le multimédia ?;Le chiffrement automatique de toutes les pages;Un nouveau protocole de transport remplaçant HTTP;Un cache côté client pour la consultation hors ligne sans JavaScript, et des fonctions multimédias évitant Flash;La suppression des feuilles de style;4;HTML5 permet d'embarquer des informations côté client dans un cache pour une consultation hors ligne sans JavaScript, et ses fonctions multimédias permettent d'envisager de ne plus utiliser des modules propriétaires comme Flash.
Quelle est la différence entre répartition de charge et tolérance de panne ?;En répartition de charge il n'y a qu'une machine, en tolérance de panne il y en a plusieurs;Il n'y a aucune différence entre les deux;En répartition de charge toutes les machines sont actives, en tolérance de panne un actif et un passif se relaient;La répartition de charge concerne le stockage, la tolérance de panne le réseau;4;En répartition de charge, toutes les machines doivent être actives et un équipement intermédiaire répartit les requêtes, en tolérance de panne (fail over), on a un équipement actif et un équipement passif, tous deux dimensionnés à 100 % de la charge, qui se relaient en cas de défaillance.
Lequel de ces protocoles assure une bascule rapide entre équipements réseau ?;SNMP (Simple Network Management Protocol);VRRP (Virtual Router Redundancy Protocol);ISAKMP;NDMP (Network Data Management Protocol);3;Parmi les protocoles propriétaires assurant une bascule rapide et transparente entre équipements réseau figurent CARP, VRRP (Virtual Router Redundancy Protocol), HSRP et FSRP, ils sont peu interopérables.
Quel protocole est utilisé pour la messagerie dans un intranet ?;HTTP;FTP;SMTP, POP ou IMAP;NNTP;4;Dans un intranet, les protocoles utilisés pour la messagerie sont SMTP (envoi), POP ou IMAP (consultation), HTTP sert aux documents hypertextes, FTP au transfert de fichiers et NNTP aux forums de discussion.
Que renvoie une requête GET conditionnel (If-Modified-Since) si la ressource n'a pas changé ?;Un code 304 Not Modified;Un code 200 avec le corps complet;Un code 404 Not Found;Un code 401 Unauthorized;2;Avec un GET conditionnel utilisant If-Modified-Since, si la ressource a été modifiée depuis la date fournie la réponse est celle d'un GET normal, mais si elle n'a pas été modifiée le serveur retourne un code 304 Not Modified.
Comment définir schématiquement le Cloud Computing ?;La virtualisation de postes de travail en interne uniquement;Le déport vers Internet de données, d'applications et de services auparavant situés sur les ordinateurs des entreprises ou des particuliers;La sauvegarde chiffrée des données sur bande magnétique;Le regroupement de plusieurs serveurs dans une même armoire;3;De façon schématique, le Cloud Computing ou informatique en nuage désigne le déport vers Internet de données, d'applications et de services qui étaient auparavant situés sur les ordinateurs des entreprises ou des particuliers.
Quels sont les cinq critères du Cloud Computing selon le NIST ?;Disponibilité, intégrité, confidentialité, traçabilité, non-répudiation;Calcul, stockage, réseau, sécurité, supervision;SaaS, IaaS, PaaS, public, privé;Service à la demande, extrême flexibilité, accès léger, virtualisation des ressources, paiement à l'usage;5;Le NIST définit le Cloud Computing par cinq critères : la simplicité d'un service à la demande, l'extrême flexibilité, l'accès léger, la virtualisation des ressources et le paiement à l'usage.
Dans la gestion des plates-formes, de quelle révolution le Cloud Computing est-il considéré ?;La troisième, après l'informatique centralisée sur mainframe et l'informatique personnelle client/serveur;La deuxième, après l'informatique personnelle;La première, remplaçant les mainframes;La quatrième, après le mobile;2;Le Cloud Computing est vu comme la troisième révolution dans la gestion des plates-formes, après l'informatique traditionnelle centralisée des mainframes et terminaux passifs, puis l'informatique personnelle avec les architectures client/serveur.
Que signifie SaaS ?;Server as a Service : la location de serveurs physiques;Software as a Service : la fourniture de logiciel en ligne;Security as a Service : la sécurité externalisée;Storage as a System : le stockage réseau mutualisé;3;SaaS signifie Software as a Service, c'est-à-dire la fourniture de logiciel en ligne, ce concept apparu dans les années 2000 prend la suite du service ASP (Application Service Provider).
De quel service le SaaS prend-il la suite ?;Le service RTC;Le service Minitel;Le service EDI;Le service ASP (Application Service Provider);5;Le SaaS, apparu dans les années 2000, prend la suite du service ASP (Application Service Provider ou fournisseur de service applicatif).
Que fournit le modèle IaaS ?;Des infrastructures de calcul et de stockage en ligne;Des logiciels applicatifs standardisés;Des services de sauvegarde chiffrée;Une plateforme de développement d'applications;2;IaaS signifie Infrastructure as a Service, c'est-à-dire la fourniture d'infrastructures de calcul et de stockage en ligne, c'est une solution très technique.
Que fournit le modèle PaaS ?;Un logiciel de comptabilité en ligne;Des serveurs de stockage à la demande;Un pare-feu managé;Une plateforme de développement d'applications en ligne;5;PaaS signifie Platform as a Service, c'est-à-dire la fourniture d'une plateforme de développement d'applications en ligne, le PaaS et l'IaaS sont des solutions très techniques.
Lequel des modèles Cloud est le plus destiné aux métiers de l'entreprise ?;Le SaaS;Le Cloud communautaire;L'IaaS;Le PaaS;2;Le PaaS et l'IaaS sont des solutions très techniques, alors que le SaaS est davantage destiné aux métiers de l'entreprise (outils collaboratifs, CRM, comptabilité, trésorerie...).
Qu'est-ce qu'un Cloud public ?;Un datacenter privé exploité pour une seule entreprise;L'accès à un service mutualisé, hébergé chez un fournisseur;Un cloud partagé entre organisations du même secteur;Un service déployé et géré en interne par l'entreprise;3;Le Cloud public est l'accès à un service mutualisé, hébergé chez un fournisseur, par opposition au Cloud interne (géré par l'entreprise) et au Cloud privé ou hybride.
Pourquoi dit-on que le Cloud interne n'apporte pas d'innovation majeure ?;Parce qu'il impose de tout héberger à l'étranger;Parce qu'il coûte plus cher que le Cloud public;Parce qu'il interdit la virtualisation;Parce qu'il se limite à la mutualisation et à la virtualisation de ressources qui restent gérées en interne;5;Le Cloud interne est le déploiement en interne d'un service géré par l'entreprise : il n'apporte pas d'innovation majeure dans la mesure où il se limite à la mutualisation et à la virtualisation des ressources de l'entreprise, qui restent gérées en interne.
Qu'est-ce qu'un Cloud communautaire ?;Un Cloud sans aucune mesure de sécurité;Un Cloud privé partagé plus largement, mutualisé par plusieurs organisations d'un même secteur économique;Un Cloud public gratuit financé par la publicité;Un Cloud réservé aux administrations d'un même pays;3;Le Cloud communautaire est un Cloud privé partagé de manière plus large, mutualisé par plusieurs organisations qui, en général, opèrent dans le même secteur économique.
Pour quelle raison principale une organisation choisit-elle un Cloud privé ?;Parce qu'il supprime le besoin de sécurité;Pour des besoins de confidentialité et pour garder la main sur l'infrastructure;Parce qu'il est toujours gratuit;Parce qu'il ne nécessite aucun contrat;3;Les organisations choisissent le Cloud privé lorsqu'elles ont des besoins de confidentialité, d'autres facteurs comme la volonté de garder la main sur l'infrastructure, voire un rejet du Cloud public, peuvent aussi motiver ce choix.
Qu'est-ce que le Safe Harbor Agreement et quelle est sa limite ?;Un accord protégeant les données européennes hébergées chez des fournisseurs américains, rendu inopérant par le Patriot Act;Une norme de sécurité imposée à tous les fournisseurs Cloud;Un label français de certification des datacenters;Un traité interdisant tout transfert de données hors d'Europe;2;Le Safe Harbor Agreement prévoit de protéger les données européennes hébergées chez des fournisseurs américains, mais il est rendu totalement inopérant par le Patriot Act.
Quelle autorité nationale a interdit l'utilisation de Google Docs pour les données à caractère personnel ?;L'autorité norvégienne;L'autorité allemande;L'autorité française;L'autorité italienne;2;L'autorité norvégienne a interdit l'utilisation de Google Docs dans différents cas, notamment lorsque des données à caractère personnel sont concernées, tandis que l'autorité danoise l'a interdit pour les données sensibles.
Quelle est la position de la France dans l'adoption du Cloud en Europe selon l'étude IDC de 2012 ?;C'est un pays sans aucune entreprise utilisant le Cloud;C'est le pays le plus réticent au Cloud en Europe;C'est un pays où le Cloud est interdit par la loi;C'est le pays d'Europe où la pénétration du Cloud est la plus forte, avec 93 % des entreprises concernées;5;Avec 93 % des entreprises françaises connaissant, évaluant ou ayant mis en place des services Cloud, la France est le pays d'Europe où la pénétration du Cloud Computing est la plus forte au sein de la stratégie informatique des entreprises.
Comment la démarche vers le Cloud doit-elle être menée dans une organisation ?;Uniquement par la direction générale, sans la DSI;En externalisant tout, immédiatement et totalement;De façon opportuniste, sans réflexion stratégique;Comme un vrai projet d'entreprise, conçu, piloté et accompagné comme tout projet de SI;5;La démarche vers le Cloud est un vrai projet d'entreprise qui doit se concevoir, se piloter, se mettre en œuvre et s'accompagner comme tout projet de système d'information, contrairement à l'adoption opportuniste souvent constatée pour le SaaS.
Quel organisme a engagé une réflexion sur le partage des responsabilités entre Client et Prestataire dans les projets Cloud ?;L'IDC;Le NIST;L'ANSSI;La CNIL;5;La CNIL a engagé une réflexion sur les notions de Client et de Prestataire dans le cadre de projets Cloud et suggère un partage des responsabilités entre ces deux acteurs.
Quel risque une analyse de risques Cloud doit-elle notamment identifier ?;La disparition du besoin de politique de sécurité;La suppression des sauvegardes;L'augmentation du parc de serveurs internes;La perte de gouvernance et la dépendance technologique vis-à-vis du fournisseur;5;Une analyse de risques Cloud doit identifier notamment la perte de gouvernance, la dépendance technologique vis-à-vis du fournisseur, les failles dans la gestion des données et dans la chaîne de sous-traitance, la gestion des droits d'accès et la non-conformité réglementaire.
Quelle recommandation doit précéder la souscription à un service Cloud ?;Identifier clairement les données et traitements qui passeront dans le Cloud;Choisir le prestataire le moins cher sans étude;Supprimer la politique de sécurité interne;Migrer d'abord l'ensemble des données sensibles;2;Parmi les recommandations principales figure l'identification claire des données et des traitements qui passeront dans le Cloud (confidentialité, interfaçage, réglementation), avant de définir ses exigences et de conduire une analyse de risques.
Quelles garanties sur la localisation des données faut-il exiger d'un prestataire Cloud ?;L'absence de toute information sur la localisation;Le transfert libre des données vers n'importe quel pays;L'indication claire des pays hébergeant les serveurs et la possibilité de limiter les transferts aux pays à protection adéquate;L'hébergement obligatoire aux États-Unis;4;Le contrat doit préciser la localisation et les transferts : indication claire et exhaustive des pays hébergeant les serveurs, assurance d'une protection adéquate à l'étranger, possibilité de limiter les transferts aux seuls pays tiers assurant un niveau de protection adéquat, et information du client en cas de requête d'une autorité étrangère.
Quelles compétences d'une DSI sont renforcées par le Cloud Computing ?;La veille et l'expertise Cloud, le management de projet et l'AMOA, l'architecture et l'urbanisation, le pilotage de contrat;La saisie de données et le support de niveau 1;La gestion d'infrastructure et le câblage;Le développement applicatif et la recette;2;Le Cloud Computing déplace le curseur des compétences d'une DSI : sont renforcées la veille et l'expertise Cloud, le management de projet et l'AMOA, l'architecture et l'urbanisation, et le pilotage de contrat.
Quelles compétences d'une DSI sont délaissées avec le Cloud Computing ?;Le développement (hormis les interfaçages) ainsi que la recette et la gestion d'infrastructure;La veille technologique;Le pilotage de contrat et l'AMOA;L'architecture et l'urbanisation;2;Avec le Cloud Computing, les compétences délaissées au sein d'une fonction SI sont le développement (hormis les interfaçages) ainsi que la recette et la gestion d'infrastructure.
Comment le Cloud Computing modifie-t-il la structure du budget informatique ?;Il supprime toute dépense de fonctionnement;Il n'a aucun impact sur le budget;Il augmente fortement les investissements matériels;Il réduit les dépenses d'investissement de capital (CAPEX) au profit des dépenses de fonctionnement (OPEX);5;La mise en œuvre du Cloud Computing modifie la structure classique du budget en réduisant les dépenses d'investissement de capital (CAPEX, capital expenditure) au profit des dépenses de fonctionnement ou d'exploitation (OPEX, operational expenditure).
Que doit contenir le contrat de prestations d'un service Cloud en matière de sécurité et de confidentialité ?;Uniquement le prix du service;Les obligations du prestataire, la réversibilité et portabilité des données, la traçabilité, la continuité de service et les engagements de niveau de service;Le code source des applications hébergées;La liste des employés du prestataire;3;Le contrat doit préciser en matière de sécurité et de confidentialité les obligations incombant au prestataire, la politique de sécurité, la certification, la réversibilité et la portabilité des données, la traçabilité, la continuité de service, les sauvegardes et l'intégrité, ainsi que les engagements de niveau de service.
À combien s'élève la dépense annuelle du SI de la fonction publique d'État hors T2 ?;Environ 2 milliards d'euros;Environ 500 millions d'euros;Environ 200 millions d'euros;Environ 20 milliards d'euros;2;La dépense annuelle du SI de la fonction publique d'État est d'environ 2 milliards d'euros hors T2 (dépenses de personnel), pour 2 millions d'agents dotés d'une boîte mail et d'un poste de travail.
Combien d'agents publics exercent un métier SIC dans la fonction publique d'État ?;Environ 2 000;Environ 200 000;Environ 100 000;Environ 20 000, hors personnels militaires;5;On compte environ 20 000 agents publics « métier SIC » hors personnels militaires, avec environ 10 % de contractuels contre 15 % en moyenne dans la fonction publique d'État.
Quel élément est devenu déterminant pour les centres informatiques principaux de l'État, à la place de la superficie ?;Le nombre d'étages du bâtiment;La puissance électrique et la capacité de climatisation;La date de construction;La proximité d'une gare;3;Pour les structures d'hébergement de l'État, la superficie n'est plus l'élément fondamental : la puissance électrique et la capacité de climatisation restent fondamentales.
Qu'a présenté l'ATICA en 2002 par voie de circulaire du Premier ministre ?;Le premier Cadre général d'interopérabilité;Le plan ADELE;Le référentiel RGAA;La création de la DISIC;2;En 2002, l'ATICA (Agence des Technologies de l'Information et de la Communication dans l'Administration) présentait par circulaire du Premier ministre le premier Cadre général d'interopérabilité et officialisait la charte de nommage internet de l'administration.
Combien d'étapes le rapport Carcenac (2011) identifie-t-il pour l'administration électronique citoyenne ?;Deux;Quatre;Six;Neuf;3;Le rapport Carcenac décrit quatre étapes : le dialogue et l'information, l'interaction simple sur le web, la gestion complète en ligne d'une démarche, puis la distribution des services publics par un guichet unique.
Quand le PAGSI a-t-il été lancé et par qui ?;En janvier 1998, sous Lionel Jospin;En 1996, sous Alain Juppé;En 2002, sous Jean-Pierre Raffarin;En 2005, sous Dominique de Villepin;2;Le PAGSI (Plan d'Action Gouvernemental pour l'entrée de la France dans la société de l'information) a été lancé en janvier 1998 sous l'initiative de Lionel Jospin, autour de six chantiers : école, culture, service public, entreprise, innovation, régulation.
Quel constat central le rapport Hyper République (2003) porte-t-il ?;L'administration électronique n'apporte aucun gain;Il faut multiplier le nombre de formulaires administratifs;Les administrations doivent s'organiser autour de l'usager et passer d'une logique de silo à une logique en réseau;Il faut fermer les guichets physiques;4;Le rapport Hyper République décrit une « révolution copernicienne » : les administrations doivent s'organiser autour de l'usager et non l'inverse, en passant d'une logique de silo à une logique en réseau, il fut le premier à dénoncer le nombre de formulaires (1 373 agréés par le CERFA).
Quels plans l'ADAE a-t-elle conduits ?;Le PAGSI et RE/SO 2007;Le plan Numérique 2012;Les circulaires Juppé de 1996;Les plans ADELE 2004-2007 puis ADELE 2006-2010;5;L'Agence de Développement de l'Administration Électronique (ADAE), créée en février 2003, a conduit les plans ADELE 2004-2007 (140 mesures) et ADELE 2006-2010.
Où et quand la DGME a-t-elle été créée ?;À Matignon, en 1998;À Bercy, en décembre 2005;Au ministère de l'Intérieur, en 2011;À l'Élysée, en 2008;3;La DGME (Direction Générale de la Modernisation de l'État) a été créée à Bercy en décembre 2005 sous le gouvernement Villepin, le volet réforme de l'État étant rattaché aux ministères économiques et financiers.
Par quel texte la DISIC a-t-elle été créée ?;La loi du 13 mars 2000;Le décret n° 2011-193 du 21 février 2011;Le décret du 1er août 2014;L'ordonnance du 8 décembre 2005;3;La DISIC (Direction interministérielle des Systèmes d'Information et de Communication de l'État) a été créée auprès du Premier ministre par le décret n° 2011-193 du 21 février 2011.
Autour de quels services la DISIC est-elle organisée ?;Stratégie et urbanisation, performance et maîtrise des risques, programmes et opérations;Achats, ressources humaines, communication;Développement, exploitation, support;Réseau, poste de travail, messagerie;2;La DISIC est organisée autour de trois services : stratégie, urbanisation et innovation, performance et maîtrise des risques, programmes et opérations (RIE, transformation des centres informatiques, SIC territoriaux).
Quelles sont les deux instances de comitologie de la DISIC ?;Le CIMAP et le SGMAP;Le CSIC (Conseil des SIC) et le CTSIC (Comité Technique des SIC);Le CSIC et le CIMAP;Le NOC et le SOC;3;La DISIC s'accompagne d'une comitologie à deux niveaux : le CSIC (Conseil des SIC), qui réunit les secrétaires généraux deux fois par an, et le CTSIC (Comité Technique des SIC), qui réunit les DSI ministériels chaque mois.
De quelles entités le SGMAP était-il structuré ?;Le RGI, le RGS et le RGAA;La DGME, l'ADAE et l'ATICA;La mission Etalab, la DIMAP et la DISIC;Le NOC, le SOC et le SCN RIE;4;Le SGMAP, créé en octobre 2012, était structuré autour de la mission Etalab (ouverture des données publiques), de la DIMAP (qui remplace la DGME) et de la DISIC.
Qu'est-ce que le CIMAP ?;Le nom du réseau interministériel;Le comité interministériel de décision et d'arbitrage pour la modernisation de l'action publique;Une agence de développement de l'administration électronique;Un référentiel technique d'accessibilité;3;Le CIMAP (Comité Interministériel pour la Modernisation de l'Action Publique) est l'instance de décision et d'arbitrage en la matière, le premier CIMAP a eu lieu le 18 décembre 2012, avec une feuille de route de 50 décisions dans 5 domaines.
Quelle entité a fusionné la DISIC, Etalab et le pôle Innovation le 21 septembre 2015 ?;Le SGMAP;La DGME;La DINSIC;La DITP;4;Le 21 septembre 2015, la DISIC, Etalab et le pôle Innovation et services aux usagers ont été fusionnés au sein de la DINSIC (Direction interministérielle du Numérique et du SIC de l'État).
Par quelles directions le SGMAP a-t-il été remplacé en novembre 2017 ?;Le SCN RIE et Etalab;La DGME et l'ADAE;Le CSIC et le CTSIC;La DITP et la DINSIC;5;En novembre 2017, le SGMAP laisse place à la DITP (Direction Interministérielle de la Transformation Publique) et à la DINSIC, par les décrets du 20 novembre 2017.
Quand le RIE a-t-il été décidé et dans quel but ?;En 2005, pour créer service-public.fr;En 1998, pour équiper les lycées;Par le Conseil des ministres du 25 mai 2011, pour assurer la continuité de l'action gouvernementale en cas de dysfonctionnement grave d'Internet;En 2016, pour remplacer le Minitel;4;Le Conseil des ministres du 25 mai 2011 a décidé la mise en place d'un réseau interministériel sécurisé regroupant l'ensemble des réseaux des ministères et permettant la continuité de l'action gouvernementale en cas de dysfonctionnement grave d'Internet.
Sur quelle infrastructure le RIE s'appuie-t-il ?;Sur les liaisons satellitaires de l'État;Sur l'infrastructure optique à haut débit de RENATER;Sur le réseau Transpac;Sur le réseau téléphonique commuté;3;Le RIE s'appuie sur l'infrastructure optique à haut débit du réseau RENATER (Réseau national de télécommunications pour la technologie, l'enseignement et la recherche), le passage à RENATER 6 porte la capacité du cœur de réseau de 10 à 100 Gbit/s.
Quel réseau de coordination interministérielle le RIE remplace-t-il ?;Le réseau RENATER;Le réseau TESTA;Le réseau AdER/SIGMA;Le réseau service-public.fr;4;Le RIE remplace le réseau de coordination interministérielle AdER/SIGMA, dont les dernières prestations ont été résiliées le 7 juin 2016.
Comment le RIE est-il gouverné ?;Par un opérateur privé unique;Par chaque ministère indépendamment;Par le SCN RIE (service à compétence nationale) intégré au SGMAP;Par la Commission européenne;4;Le RIE est gouverné par le SCN RIE (service à compétence nationale) intégré au SGMAP, organisé en six pôles opérationnels : relations clients, pilotage de l'exploitation, expertise, supervision (NOC), sécurité (SOC), support et gestion.
Quel est le rôle du NOC du RIE ?;Traiter les opérations budgétaires du service;Piloter l'amélioration continue de la sécurité;Gérer les relations avec les ministères clients;Assurer la permanence opérationnelle 24h/24 et 7j/7 pour la gestion des incidents et des maintenances;5;Le NOC (Network Operations Center) du RIE assure la permanence opérationnelle 24h/24 et 7j/7, en charge de la gestion des incidents et des maintenances programmées, tandis que le SOC pilote l'amélioration continue de la sécurité.
Quel service de temps a été ouvert sur le RIE fin 2016 ?;Un service SMTP;Un service RADIUS;Un service NTP (Network Time Protocol);Un service DHCP;4;Un service de temps (NTP, Network Time Protocol) a été ouvert sur le RIE fin 2016, en complément des services d'accès à internet, de nommage (DNS) et d'échanges interministériels du réseau AdER.
Quel adressage IP interministériel le RIE utilise-t-il ?;10.0.0.0/8, avec le sous-domaine gouv.fr;192.168.0.0/16, avec le sous-domaine local;161.48.0.0/19, avec le sous-domaine ader.gouv.fr;100.65.0.0/16, avec le sous-domaine rie.gouv.fr;5;L'adressage interministériel du RIE est 100.65.0.0/16 avec le sous-domaine rie.gouv.fr, qui remplace l'ancien adressage AdER 161.48.0.0/19 et le sous-domaine ader.gouv.fr.
Qu'apporte la loi n° 2000-230 du 13 mars 2000 ?;La gratuité des données publiques;L'obligation d'un site internet ministériel;La création de la CNIL;L'écrit électronique est admis en preuve au même titre que l'écrit papier, sous réserve d'identification et d'intégrité;5;La loi n° 2000-230 du 13 mars 2000 adapte le droit de la preuve : l'écrit sous forme électronique est admis en preuve au même titre que l'écrit sur support papier, sous réserve que la personne dont il émane soit identifiée et que l'écrit soit établi et conservé dans des conditions garantissant son intégrité.
Que met en place l'ordonnance n° 2005-1516 du 8 décembre 2005 ?;La création de la DISIC;Les référentiels RGI, RGS et RGAA, ainsi que mon.service-public.fr et l'accusé de réception électronique;Le réseau interministériel de l'État;Le programme PAGSI;3;L'ordonnance du 8 décembre 2005 sur les échanges électroniques définit les termes clés (SI, prestataire de services de confiance, produit de sécurité, téléservice), systématise l'accusé de réception électronique, crée mon.service-public.fr et institue les référentiels RGI (art. 11), RGS (art. 9) et RGAA.
Selon l'article 7 du décret de création de la DISIC, à partir de quels montants le directeur interministériel est-il informé puis consulté pour avis ?;Informé au-delà de 1 M€, consulté au-delà de 3 M€;Informé au-delà de 5 M€, consulté pour avis au-delà de 9 M€;Informé au-delà de 50 M€, consulté au-delà de 100 M€;Informé au-delà de 9 M€, consulté au-delà de 20 M€;3;L'article 7 du décret de création de la DISIC prévoit que le directeur interministériel est informé de tout projet SIC dont le coût dépasse 5 M€ et consulté pour avis au-delà de 9 M€.
Qu'apporte le décret n° 2014-879 du 1er août 2014 ?;Il renforce l'unicité du SI de l'État sous la responsabilité du Premier ministre et rend non délégables certains services;Il rend l'accès aux données publiques payant;Il supprime la DISIC;Il crée le référentiel RGAA;2;Le décret du 1er août 2014 renforce l'unicité du SI de l'État, placé sous la responsabilité du Premier ministre, et rend non délégables sauf décision du PM les infrastructures informatiques, les réseaux de communication, les services numériques d'usage partagé et les SI de fonctions transversales, les projets de plus de 9 M€ sont soumis pour avis conforme au DISIC.
À partir de quand l'ordonnance SVE du 6 novembre 2014 permet-elle à chaque usager de saisir l'administration par voie électronique ?;Dès sa publication en 2014;À partir de 2018;À partir du 7 novembre 2015;À partir du 1er janvier 2005;4;L'ordonnance n° 2014-1330 du 6 novembre 2014 établit le droit pour chaque usager de saisir l'administration par voie électronique à partir du 7 novembre 2015, l'autorité administrative traitant la demande sans exiger de confirmation sous une autre forme.
Qu'est-ce que le RGI ?;Le Registre Général des Informaticiens;Le Référentiel Général d'Identité;Le Référentiel Général d'Interopérabilité, cadre de recommandations sur les normes et standards des SI de l'administration;Le Réseau Général Interministériel;4;Le RGI (Référentiel Général d'Interopérabilité) est un cadre de recommandations référençant les normes et standards qui favorisent l'interopérabilité au sein des SI de l'administration, sa version 1.0 date de 2009 et la version 2.0 a été officialisée par l'arrêté du 20 avril 2016.
Qui rédige le RGS et quelle démarche préconise-t-il ?;Le W3C, il préconise les WCAG 2.0;L'ANSSI et la DGME conjointement, il préconise une démarche d'amélioration continue de type ISO 27001;La CNIL, il préconise l'anonymisation;RENATER, il préconise le protocole IPv6;3;Le RGS (Référentiel Général de Sécurité) est rédigé conjointement par l'ANSSI et la DGME, il préconise d'utiliser une démarche d'amélioration continue de la sécurité, telle que définie dans la norme ISO 27001.
Que sont les PSCo dans le cadre du RGS ?;Des produits de sauvegarde certifiés;Des prestataires de services de confiance pouvant être référencés par l'État après qualification;Des protocoles sécurisés de communication ouverte;Des points de service à compétence nationale;3;Les PSCo (prestataires de services de confiance), comme les produits de sécurité, peuvent faire l'objet d'un référencement par l'État une fois qualifiés à un niveau de sécurité, et sont alors utilisables pour les téléservices requérant ce niveau.
Sur quel standard international le RGAA est-il aligné ?;La norme ISO 27001;La norme IEEE 802.11;Le référentiel PCI-DSS;Les WCAG 2.0 (Web Content Accessibility Guidelines) du W3C;5;Le RGAA est aligné sur les WCAG 2.0 (Web Content Accessibility Guidelines) du W3C, il ne constitue pas une nouvelle norme mais offre une méthodologie et un cadre opérationnel pour vérifier la mise en œuvre de ces standards internationaux.
Quels sont les quatre principes fondamentaux du RGAA issus des WCAG 2.0 ?;Perceptible, Utilisable, Compréhensible, Robuste;Perceptible, Sécurisé, Ouvert, Rapide;Simplicité, Rapidité, Fiabilité, Économie;Confidentialité, Intégrité, Disponibilité, Traçabilité;2;Les quatre principes fondamentaux à respecter selon le RGAA et les WCAG 2.0 sont : Perceptible, Utilisable, Compréhensible et Robuste.
Quel niveau d'accessibilité le RGAA exige-t-il légalement ?;Le niveau triple A (AAA);Le niveau double A (AA);Aucun niveau minimal;Le niveau simple A (A);3;Le niveau légalement attendu par le RGAA est le niveau double A (AA), qui est également le niveau préconisé par le Parlement européen.
Quels canaux le RGAA couvre-t-il dans sa version actuelle ?;La radio et la télévision uniquement;Toutes les applications mobiles natives;Les applications et contenus web consultables depuis un navigateur, y compris sur smartphone;Les logiciels de bureau et les postes de travail;4;Dans sa version actuelle, le RGAA ne traite que l'accessibilité des applications et contenus web consultables depuis un navigateur web, y compris sur smartphone, mais aucun test ne couvre les applications mobiles natives ni les logiciels en environnement de bureau.
Quels deux documents une administration doit-elle publier pour satisfaire l'obligation d'accessibilité ?;Un contrat de progrès et un schéma directeur;Une page d'aide en langage non technique et une déclaration de conformité au RGAA;Un plan d'adressage et une cartographie réseau;Un audit de sécurité et un plan de continuité;3;L'administration doit publier une page d'aide rédigée en langage non technique, mentionnant un contact et les coordonnées du défenseur des droits et accessible depuis toutes les pages, ainsi qu'une déclaration de conformité indiquant le niveau précis atteint et les dérogations déclarées et justifiées.
Quelle sanction s'applique si un service en ligne n'est pas mis en conformité avec le RGAA ?;La fermeture immédiate du site;Son nom est ajouté à une liste de services non-conformes publiée par voie électronique, à défaut de correction dans les 6 mois suivant une mise en demeure;Le retrait du nom de domaine gouv.fr;Une amende automatique de 10 000 euros par jour;3;À défaut d'une correction dans les 6 mois suivant une mise en demeure par l'autorité compétente, le nom du service est ajouté à une liste de services de communication publique en ligne non-conformes publiée par voie électronique par le ministre chargé des personnes handicapées.
Quelle est la technologie de transport du cœur de réseau du RIE ?;Le protocole Frame Relay;Une liaison série point à point;Le protocole ATM exclusivement;La technologie MPLS, avec IPv4 et IPv6;5;Le cœur du RIE repose sur un backbone de 17 tronçons en fibre optique, avec la technologie MPLS et les protocoles IPv4 et IPv6, un dimensionnement initial à 10 Gbit/s et 12 points d'interconnexion backbone localisés dans des datacenters ministériels.
Qu'est-ce que le SILL institué par la circulaire PM du 19 septembre 2012 ?;Le schéma d'implantation des locaux logistiques;Le socle interministériel de logiciels libres à privilégier dans le développement des SI de l'État;Le service interministériel des liaisons louées;Le système d'information des lois et lois-cadres;3;La circulaire PM du 19 septembre 2012 oriente l'usage des logiciels libres dans l'administration et maintient le SILL (socle interministériel de logiciels libres), qui présente par fonctionnalité le logiciel libre préconisé et sa version, avec une validation annuelle.
Quel règlement européen impose un dispositif d'identification électronique interopérable entre États membres d'ici 2018 ?;Le règlement e-Privacy;Le RGPD, publié en 2016;Le règlement e-IDAS, publié le 28 août 2014;La directive NIS de 2016;4;Le règlement européen e-IDAS, publié le 28 août 2014, impose de disposer d'un dispositif d'identification électronique interopérable entre les membres de l'Union européenne d'ici 2018, en France, France Connect a démarré à l'automne 2014.
Qu'est-ce que la fongibilité asymétrique instaurée par la LOLF ?;Les crédits de personnel peuvent financer n'importe quelle dépense;Tous les crédits sont interchangeables sans restriction;Aucun redéploiement de crédits n'est autorisé;Les crédits sont globalisés mais on peut redéployer vers le personnel, pas l'inverse;5;La LOLF prévoit des allocations budgétaires globalisées qui séparent uniquement les dépenses de personnel des autres dépenses : la fongibilité asymétrique permet de redéployer vers le personnel depuis les autres dépenses, mais pas l'inverse.
Pourquoi les MEF n'ont-ils pas de programme support identifié pour les fonctions support ?;Parce que le SI est financé par l'interministériel;Parce que les fonctions support ont été supprimées;Parce que la LOLF conduit à un programme budgétaire spécifique par direction couvrant aussi son SI;Parce que la Direction du Budget l'interdit;4;Contrairement à d'autres ministères, il n'existe pas de programme support identifié aux MEF : la LOLF conduit à un programme budgétaire spécifique pour chaque direction, qui couvre ses ressources humaines et budgétaires, dont celles consacrées au SI.
Qu'est-ce que le PAP et quand est-il voté ?;Le Programme Applicatif Public, voté par la CNIL;Le Projet Annuel de Performances, voté dans la loi de Finances au dernier trimestre pour l'année N+1;Le Plan d'Action Prioritaire, voté par la DISIC;Le Rapport Annuel de Performances, voté en fin de premier semestre;3;Le PAP (Projet Annuel de Performances) est une forme de budget prévisionnel voté par le Parlement dans la loi de Finances au dernier trimestre, il intègre les plafonds d'autorisation budgétaire pour l'année à venir (N+1).
Qu'intègre le RAP et quand est-il voté ?;L'exécution budgétaire de l'année écoulée (N-1), voté dans la loi de Règlement en fin de premier semestre;Le schéma directeur ministériel, voté tous les cinq ans;La cartographie des applications, voté par le comité des TIC;Les prévisions budgétaires de N+1, voté au dernier trimestre;2;Le RAP (Rapport Annuel de Performances) comprend le bilan stratégique, la réalisation des objectifs, l'exécution des crédits et la justification au premier euro, voté dans la loi de Règlement en fin de premier semestre, il intègre l'exécution budgétaire de l'année écoulée (N-1).
Quelle règle lie les ressources du RAP à celles du PAP ?;Les ressources du RAP ne peuvent excéder celles du PAP;Le RAP fixe le plafond que le PAP doit respecter;Les deux documents portent sur des périmètres sans lien;Les ressources du RAP doivent être supérieures de 10 % à celles du PAP;2;Il est possible six mois après la réalisation de comparer le budget définitif du RAP avec les prévisions du PAP faites près de deux ans avant : les ressources du RAP ne peuvent excéder celles du PAP.
Combien d'agents et de crédits de paiement les ministères économiques et financiers regroupent-ils ?;Environ 2 millions d'agents et 100 milliards d'euros;Environ 500 000 agents et 50 milliards d'euros;Environ 20 000 agents et 2 milliards d'euros;Environ 145 000 agents et 13 milliards d'euros de crédits de paiement;5;Les ministères économiques et financiers comptaient environ 145 000 agents au 31 décembre 2014 et 13 milliards d'euros de crédits de paiement.
Laquelle de ces directions des MEF est une direction à services déconcentrés ?;Le CGEFI;TRACFIN;La DGFiP;L'IGF;4;Les directions à services déconcentrés des MEF sont la DGFiP, la DGDDI, l'INSEE, la DGCCRF, la DG Trésor et la DGE, l'IGF, le CGEFI ou TRACFIN sont des directions d'état-major.
Quel rôle la DSI des MEF joue-t-elle auprès du secrétaire général ?;Un rôle de contrôle a priori de tous les marchés informatiques;Un rôle purement comptable de refacturation;Un rôle d'impulsion, de coordination et de mutualisation, à la manière d'une « DSI groupe »;Un rôle d'exploitation quotidienne des applications;4;La DSI (Délégation aux Systèmes d'Information) auprès du secrétaire général a un rôle particulier d'impulsion, de coordination et de mutualisation : elle joue le rôle d'une « DSI groupe » comme dans les grandes entreprises, et assure notamment les relations avec la CNIL.
Comment le SI des MEF se présentait-il avant l'an 2000 ?;Une architecture cloud entièrement externalisée;Un système unique interministériel partagé;Une informatique de production sur mainframes, cloisonnée en silo, internalisée et peu documentée;Un SI ouvert sur internet et fortement documenté;4;Avant 2000, le SI reposait sur une informatique de production avec des dépenses essentiellement d'infrastructure (mainframes, bureautique), des centres d'exploitation régionalisés, une informatique cloisonnée « en silo », peu communicante, quasi exclusivement internalisée et peu documentée.
Lequel de ces programmes SI des MEF est interministériel ?;COPERNIC;CHORUS;DELTA;HELIOS;3;Les grands programmes SI des années 2000-2010 comprenaient COPERNIC, HELIOS, SIRHIUS et DELTA au niveau ministériel, ainsi que CHORUS et ONP au niveau interministériel.
À quel progiciel intégré l'application CHORUS est-elle adossée ?;HR Access;PeopleSoft;SAP;Oracle E-Business;4;Les principaux SI de gestion de l'État reposent sur des progiciels intégrés : PeopleSoft pour ACCORD, SAP pour CHORUS et HR Access pour SIRHIUS.
Quel intranet équipe les agents des ministères économiques et financiers ?;L'intranet ALIZE;L'intranet RENATER;L'intranet TESTA;L'intranet Ader;2;Chaque agent des MEF est doté dès 2002 d'un poste de travail, d'une messagerie et d'un accès à l'intranet ALIZE.
Que désigne le DLNUF dans la modernisation de l'action publique ?;Un logiciel libre de numérisation;Le délai légal de non-usage des formulaires;La direction des liaisons numériques et fonctionnelles;« Dites-Le Nous Une seule Fois », pour ne plus redemander une information déjà fournie;5;Le DLNUF (« Dites-Le Nous Une seule Fois ») vise à ne plus redemander à l'usager une information déjà fournie à l'administration, en réponse à la multiplication des échanges entre administrations.
Quel site d'ouverture des données publiques a été ouvert en décembre 2011 ?;www.impots.gouv.fr, avec les télédéclarations;www.data.gouv.fr, avec 300 000 fichiers à l'ouverture;www.service-public.fr, avec 900 procédures;www.legifrance.gouv.fr, avec les textes de loi;3;L'ouverture des données publiques passe par le site www.data.gouv.fr, ouvert en décembre 2011 avec 300 000 fichiers, l'INSEE en est le premier contributeur au sein de la plate-forme ETALAB.
Sur quel modèle les nouvelles technologies fondent-elles le management, selon le fascicule ?;Un modèle sans aucune coordination;Un modèle « organique » en réseau, où le management repose sur la capacité à relayer et interpréter l'information;Un modèle fondé sur la rétention de l'information par les cadres;Un modèle strictement hiérarchique et pyramidal;3;Les nouvelles technologies fonctionnent sur un modèle « organique », en réseau, et non hiérarchique : le management ne peut plus reposer sur la détention de l'information mais sur la capacité à la relayer, à l'interpréter et à lui donner du sens.
Qu'imposait le décret 86-1301 du 22 décembre 1986 ?;La création de la DISIC;La gratuité des données publiques;L'ouverture d'un site internet par ministère;L'établissement, sous la responsabilité du ministre, d'un schéma directeur informatique, bureautique et réseaux, présenté au CIIBA;5;Le décret 86-1301 du 22 décembre 1986 précisait qu'un schéma directeur de l'informatique, de la bureautique et des réseaux de communication devait être établi sous la responsabilité du ministre, faire l'objet d'un bilan d'exécution annuel et être présenté au CIIBA.
Quels trois volets la circulaire du 16 septembre 1996 impose-t-elle au schéma directeur ministériel ?;Un volet budgétaire, un volet RH et un volet juridique;Un volet interne, un volet externe et un volet mixte;Un volet réseau, un volet poste de travail et un volet messagerie;Un volet stratégique, un volet organisationnel et un volet technique;5;La circulaire du 16 septembre 1996 impose que chaque ministère réalise un schéma directeur pluriannuel construit autour de trois volets : stratégique (niveau Ministre), organisationnel (relations entre les services impliqués) et technique (choix retenus par la structure).
Pourquoi les MEF n'ont-ils pas produit de schéma directeur ministériel unique ?;Parce que la partie métier reste du ressort des directions, seules les fonctions support relevant d'une démarche commune;Parce que le schéma directeur est réservé aux collectivités;Parce qu'aucune direction n'a de SI;Parce que la loi le leur interdit;2;Les ministères économiques et financiers n'ont pas produit un tel schéma directeur unique car la partie métier doit rester du ressort des directions, chaque direction a produit sa propre trajectoire ou feuille de route, sauf pour les fonctions support et les applicatifs transverses.
Qu'est-ce que le SIM (Schéma Informatique Ministériel) des MEF ?;Un progiciel de gestion des ressources humaines;Un référentiel de sécurité rédigé par l'ANSSI;Le réseau interministériel de l'État;Le document commun aux directions, support de la politique « e-ministère », décidé par le ministre en 2001;5;Le SIM (Schéma Informatique Ministériel), décidé par le ministre en 2001, se présentait comme le document commun aux différentes directions, support de la politique « e-ministère » : simplifier la relation avec l'usager, moderniser l'environnement de travail de l'agent et accroître l'efficacité de l'action de l'État.
Quel premier objectif du SIM a été atteint dès mi-2002 ?;Fermer tous les guichets physiques;Migrer toutes les applications vers le cloud;Supprimer les schémas directeurs directionnels;Doter chaque agent d'un poste de travail ouvert sur la messagerie, l'intranet ALIZE et internet;5;Le premier objectif du SIM, atteint dès mi-2002, était la dotation de chaque agent du ministère d'un poste de travail ouvert sur la messagerie, l'intranet (ALIZE notamment) et, à moindre titre, internet.
Que mesure l'exercice du « palier de maturité 1 » lancé par la DGME puis la DISIC ?;Le taux de dématérialisation des déclarations fiscales;Le nombre de serveurs d'un ministère;Le budget de communication d'un ministère;La maturité du SI d'un ministère selon 10 composantes, avec les fiches actions à entreprendre;5;L'exercice du palier de maturité 1 analyse la maturité du SI d'un ministère selon 10 composantes, en précisant les fiches actions ministérielles et directionnelles à entreprendre pour parvenir à ce niveau.
Pourquoi l'exercice du schéma directeur est-il jugé trop lourd ?;Parce qu'il exige un document formalisé et littéraire, de longs circuits de validation, et une projection à cinq ans difficile;Parce qu'il est rédigé par un prestataire externe;Parce qu'il doit être publié au Journal officiel;Parce qu'il coûte plus cher que le SI lui-même;2;L'exercice du schéma directeur est jugé trop lourd car il exige un document formalisé et trop littéraire, des circuits importants de relecture et de validation, une projection à cinq ans difficile faute de visibilité, et une actualisation régulière du fait de la dérive de la trajectoire réelle.
Autour de quels trois pôles la DSI des MEF est-elle organisée ?;Développement, exploitation, support;Animation et synthèse du SI ministériel, coordination des technologies de l'information, convergence des SIRH;Réseau, poste de travail, messagerie;Achats, ressources humaines, budget;3;La DSI est organisée en trois pôles : un pôle d'animation et de synthèse du SI ministériel, un pôle de coordination des technologies de l'information (téléphonie sur IP, réseaux, sécurité) et un pôle de convergence des SIRH des directions (SIRHIUS).
Sur quel modèle de coûts la DISIC a-t-elle fait converger le pilotage des dépenses SI depuis 2012 ?;Un modèle « ressources – activités – services »;Un modèle « matériel – logiciel – prestations »;Un modèle « CAPEX – OPEX – amortissement »;Un modèle « charges – produits – résultat »;2;Les travaux menés par la DISIC depuis 2012 ont conduit à un modèle « ressources – activités – services » : ce que la DSI mobilise (nature de la dépense), ce qu'elle réalise (projets, maintenance) et ce qu'elle délivre (services du catalogue), décliné en trois niveaux de maille.
Quels sont les deux postes les plus importants de la dépense SI des MEF ?;Les prestations (37 %) et les réseaux (32 %);La bureautique (37 %) et les télécommunications (32 %);Les infrastructures (37 %) et les applicatifs métier (32 %);Les licences (37 %) et la formation (32 %);4;Les postes les plus importants de la dépense SI des MEF concernent les infrastructures (37 % de la dépense) et les applicatifs métier (32 %), la bureautique ne comptant que pour 20 % en 2014, la baisse globale est d'environ 42 % depuis 2008.
Quels groupes conçoivent le SILL (socle interministériel de logiciels libres) ?;Les groupes MIMx : MIMO (poste de travail), MIMDEV (développement), MIMPROD (serveur et base de données);Le CSIC et le CTSIC;Le NOC et le SOC du RIE;Les groupes RGI, RGS et RGAA;2;Le SILL est conçu par les groupes thématiques interministériels MIMx : MIMO (poste de travail et gestion de parc), MIMDEV (développement) et MIMPROD (serveur et base de données), il identifie pour chaque fonctionnalité une solution libre privilégiée et est validé annuellement.
Qu'est-ce que le réseau des GRID au sein des MEF ?;Un référentiel des identités des agents;Les Groupes de Recherche en Informatique Décisionnelle;Les Gestionnaires des Ressources Informatiques Déconcentrées, chargés de l'assistance aux utilisateurs dans les directions;Le réseau de datacenters ministériels;4;Les GRID (Gestionnaires des Ressources Informatiques Déconcentrées) sont présents dans les directions pour l'assistance aux utilisateurs et sont animés par le SG-SEP, sauf pour la DB et la DGE qui disposent de services propres.
Quelle instance de gouvernance ministérielle des SI a été créée aux MEF par arrêté du 23 décembre 2013 ?;Le Comité stratégique des systèmes d'information (COSTRAT SI), première réunion le 13 février 2014;Le CIIBA;La DISIC;Le comité des TIC;2;Le Comité stratégique des systèmes d'information (COSTRAT SI) des MEF a été créé par arrêté du 23 décembre 2013 et présidé par le directeur de cabinet du ministre, sa première réunion s'est tenue le 13 février 2014.
Qu'est-ce que CHORUS et par quelle agence est-il porté ?;Le SI financière, budgétaire et comptable de l'État, support de la LOLF, porté par l'AIFE et reposant sur SAP;Le réseau interministériel de l'État, porté par le SCN RIE;Le référentiel d'accessibilité, porté par la DINSIC;Le SI des ressources humaines de l'État, porté par l'ONP;2;CHORUS est le système d'information financière, budgétaire et comptable de l'État, support de l'application de l'ensemble des dispositions de la LOLF, son déploiement s'est achevé début 2012, il est porté par l'AIFE (Agence pour l'Informatique Financière de l'État) et repose sur SAP.
Comment est structurée l'informatique de la DGFiP ?;Deux centres, à Osny et à Toulouse;Un service SI en administration centrale, 9 DISI et 47 ESI (ex-CRI de la DGI et ex-départements informatiques de la DGCP);Un centre unique national;Un secrétariat général informatique et 4 centres nationaux;3;L'informatique de la DGFiP comprend un service SI en administration centrale (sous-directions Études et Production), 9 DISI (directions inter-régionales) et 47 ESI (établissements, anciens CRI de la DGI et anciens départements informatiques de la DGCP), soit environ 5 000 agents.
Où sont situés les deux centres informatiques de la DGDDI ?;À Metz et à Nantes;À Paris et à Lyon;Le CID (Centre Informatique Douanier) à Osny et le DNSCE à Toulouse;À Bordeaux et à Marseille;4;La DGDDI dispose de deux centres, le CID (Centre Informatique Douanier) à Osny et le DNSCE à Toulouse, en charge du développement et de l'exploitation, le CID d'Osny a vocation à accueillir d'autres services dans le cadre de la transformation des centres informatiques.
Quel projet interministériel de lutte contre le terrorisme la DGDDI porte-t-elle administrativement et financièrement ?;Le socle interministériel de logiciels libres (SILL);Le projet API-PNR (Passenger Name Record) sur les données des passagers aériens, placé sous l'autorité du Premier ministre;Le programme CHORUS Portail Pro;Le réseau interministériel de l'État (RIE);3;La DGDDI assure le portage administratif et financier du projet interministériel API-PNR (Passenger Name Record), placé sous l'autorité du Premier ministre, qui vise à collecter et traiter les informations des passagers aériens pour lutter contre le terrorisme et la criminalité grave, avec un cofinancement de l'Union européenne.
Quelle instance de contrôle des dépenses informatiques interministérielles a été créée en 1981 ?;Le CIIBA (Comité Interministériel de l'Informatique et de la Bureautique dans l'Administration);Le SGMAP;Le COSTRAT SI;La DISIC;2;Le CIIBA (Comité Interministériel de l'Informatique et de la Bureautique dans l'Administration) a été créé en 1981, aux MEF, la commission ministérielle CDIB, chargée de contrôler les dépenses informatiques, a précédé la Délégation aux Systèmes d'Information au début des années 90.
Par quel régime la Prime de Fonctions et de Résultats a-t-elle été remplacée en 2016 ?;Le supplément familial de traitement;Le RIFSEEP (Régime Indemnitaire tenant compte des Fonctions, des Sujétions, de l'expertise et de l'Engagement Professionnel);La prime informatique;L'indemnité de résidence;3;La Prime de Fonctions et de Résultats (PFR) a été remplacée en 2016 par le RIFSEEP (Régime Indemnitaire tenant compte des Fonctions, des Sujétions, de l'expertise et de l'Engagement Professionnel).
Quelle est la différence entre urbanisme informatique et urbanisation ?;L'urbanisme concerne le matériel, l'urbanisation le logiciel;Les deux termes sont strictement équivalents;L'urbanisme est la méthode, l'urbanisation est le fait de l'appliquer à un SI donné;L'urbanisme est stratégique, l'urbanisation est technique;4;L'urbanisme informatique est la méthode (démarche, concepts et règles) se rapportant à la construction et l'aménagement des systèmes d'information, tandis que l'urbanisation est le fait d'urbaniser, c'est-à-dire d'appliquer la méthode à un système d'information donné.
Quel est le souci principal de l'urbanisation d'un système d'information ?;Chiffrer tous les échanges;Réduire le nombre de serveurs;Aboutir à un système d'information modulaire et évolutif;Centraliser toutes les applications sur un seul site;4;Le souci principal de l'urbanisation est d'aboutir à un système d'information modulaire et évolutif, permettant une rénovation par quartiers sans nécessairement bouleverser l'ensemble du SI.
Quelle est la place de l'urbanisation dans l'organisation ?;C'est un projet informatique classique avec un début et une fin;C'est une activité de production quotidienne;C'est une activité support, en amont des projets informatiques, non un projet autonome;C'est une fonction de contrôle a posteriori;4;L'urbanisation apparaît comme une activité support qui se situe en amont des projets informatiques, elle n'est pas une fin en soi et constitue une tâche de fond permanente destinée à évaluer chaque évolution du SI.
Qu'est-ce qu'un domaine dans le vocabulaire de la cartographie ?;Un ensemble d'utilisateurs ayant le même profil;Un serveur physique hébergeant plusieurs applications;Une adresse réseau réservée à l'administration;Un groupement d'applications contribuant à un objectif commun ou participant à la même mission;5;Un domaine est un groupement d'applications contribuant à un objectif commun ou participant à la même mission, dans une entreprise, on trouvera par exemple les domaines Production, Ventes, Achats, Comptabilité.
Qu'est-ce qu'une fonction en urbanisation de SI ?;Un ensemble d'actions ou tâches élémentaires indissociables réalisées par le SI en support d'un acteur;Une procédure de sécurité obligatoire;Un poste budgétaire du programme;Un composant matériel du réseau;2;Une fonction est un ensemble d'actions ou de tâches élémentaires indissociables réalisées par le système d'information en support de l'activité d'un acteur, on l'associe généralement à la notion de processus, la fonction correspondant au plus haut niveau de décomposition de l'application.
Qu'est-ce qu'un composant en urbanisation ?;Une donnée de référence partagée;Un serveur applicatif consolidé;Un flux d'échange entre deux domaines;Un module logiciel identifié, défini par ses interfaces et conçu pour être réutilisable;5;Un composant est un module logiciel, parfaitement identifié, défini par ses interfaces et conçu de manière à être réutilisable, on parle de composant métier et de composant logiciel.
Quelles sont les trois zones fondamentales d'un domaine ?;La zone stratégique, la zone tactique et la zone opérationnelle;La zone client, la zone serveur et la zone base de données;La zone acquisition, la zone opérationnelle et la zone émission;La zone interne, la zone externe et la zone mixte;4;Le découpage d'un domaine définit trois zones fondamentales : la zone acquisition (recueillir l'information venant de l'extérieur du domaine), la zone opérationnelle (traiter l'information) et la zone émission (restituer l'information à l'extérieur du domaine).
Qu'est-ce qu'un quartier dans l'urbanisation d'un SI ?;Un local technique hébergeant des serveurs;Un groupe d'utilisateurs d'une même direction;Un regroupement des traitements d'une zone selon la nature des informations traitées, assimilable au sous-domaine;Un ensemble de règles de sécurité;4;Au sein de chaque zone, les traitements sont répartis selon la nature des informations traitées : la nature de l'information définit le quartier, notion assimilable à celle de sous-domaine.
Qu'est-ce qu'un bloc fonctionnel ?;Le composant de base de l'urbanisme, plus petite unité manipulée, ensemble homogène de données et de traitements dans un quartier;Un bloc d'adresses IP réservé;Un ensemble de fiches domaine;Un serveur physique dédié;2;Le bloc fonctionnel est le composant de base de l'urbanisme car il correspond à la plus petite unité manipulée : un ensemble homogène de données et de traitements à l'intérieur d'un quartier, déclenché par un événement et produisant un compte rendu après traitement de l'événement (CRE).
Quelles règles d'urbanisation un bloc fonctionnel respecte-t-il ?;Appartenance à plusieurs quartiers, dépendance forte;Chiffrement, journalisation, authentification;Appartenance à un seul quartier, autonomie, asynchronisme, donnée mono-propriétaire;Redondance systématique, synchronisme, données partagées;4;Le regroupement de données et de fonctions au sein d'un bloc répond à des règles d'urbanisation : appartenance d'un bloc à un seul quartier, autonomie du bloc par rapport aux autres, asynchronisme dans le traitement des événements et donnée mono-propriétaire.
Par quels trois modèles une application se caractérise-t-elle ?;Un modèle réseau, un modèle serveur et un modèle client;Un modèle de données, un modèle de traitements et un modèle de présentation;Un modèle amont, médian et aval;Un modèle stratégique, tactique et opérationnel;3;Une application se caractérise par un modèle de données, un modèle de traitements ou de services applicatifs, et un modèle de présentation (interface homme/machine).
En combien de grands domaines le système d'information du Trésor public a-t-il été découpé ?;Cinq;Huit;Douze;Trois;3;Le système d'information du Trésor public a été découpé en huit grands domaines : recouvrement, dépense, comptabilité, trésorerie/épargne, secteur public local, redevance, ressources et moyens généraux, et services communs.
Quelles sont les quatre grandes phases de la démarche d'urbanisation ?;Analyse, conception, réalisation, maintenance;Cartographie de l'existant, urbanisation et diagnostic de l'existant, plan d'urbanisme cible, trajectoire de migration;Cadrage, appel d'offres, contractualisation, livraison;Étude, développement, recette, exploitation;3;La démarche d'urbanisation se décompose en quatre grandes phases : la cartographie du système d'information existant, l'urbanisation du SI existant et son diagnostic, le plan d'urbanisme cible et la trajectoire de migration.
Quel livrable accompagne la cartographie détaillée d'une étude d'urbanisation ?;Un plan de formation des utilisateurs;Un contrat de maintenance;Un cahier des charges d'appel d'offres;Un diagnostic sur la capacité d'évolution de l'existant;5;La cartographie détaillée des processus, applications et flux du SI existant est accompagnée d'un diagnostic sur la capacité d'évolution de cet existant, avant l'élaboration du plan d'urbanisme et de la trajectoire de migration.
Que permet de détecter le diagnostic mené sur le SI existant urbanisé ?;Les failles de sécurité réseau;Les dépassements budgétaires;Les incohérences, chevauchements, imbrications et doublons entre applications;Les erreurs comptables;4;En rapprochant les applications informatiques du schéma général d'urbanisation, il est possible de détecter les incohérences, les chevauchements, les imbrications et les doublons, et de porter un diagnostic sur la maintenabilité, l'évolutivité et la pérennité des applications.
Que sont les chemins de migration identifiés dans le plan d'urbanisme cible ?;Conservation, réécriture, remplacement, serveur d'échanges, désimbrication;Achat, location, prêt, don;Cloud public, cloud privé, cloud hybride;GET, POST, PUT, DELETE;2;Le schéma cible permet d'analyser l'impact des évolutions et d'identifier les chemins de migration à envisager : conservation, réécriture, remplacement, serveur d'échanges, désimbrication.
Par quel texte le RGI a-t-il été créé ?;L'ordonnance du 8 décembre 2005;La loi du 13 mars 2000;La circulaire Juppé de 1996;Le décret du 1er août 2014;2;La réforme de modernisation de l'État engagée par la DGME a abouti à la création, dans l'ordonnance du 8 décembre 2005, du Référentiel Général d'Interopérabilité (RGI), qui définit un ensemble de règles pour améliorer l'interopérabilité des systèmes d'information des administrations.
Quels sont les trois volets du RGI ?;Réseau, poste de travail et messagerie;Sémantique, technique et organisationnel;Obligatoire, recommandé et interdit;Stratégique, tactique et opérationnel;3;Le RGI comporte trois volets : sémantique, technique et organisationnel, l'édifice est complété par le RGS et le RGAA.
Comment définit-on l'interopérabilité ?;La compatibilité entre deux versions d'un même logiciel;La capacité d'un serveur à traiter plusieurs requêtes;Le respect d'un plan d'adressage unique;La possibilité pour des moyens logiciels et matériels de plates-formes hétérogènes de communiquer et travailler ensemble;5;L'interopérabilité est la possibilité pour des moyens logiciels et matériels appartenant à plusieurs plates-formes dotées de systèmes hétérogènes de communiquer et de travailler ensemble.
Quelle est la principale différence entre le RGI et le CCI qui l'a précédé ?;Le CCI portait sur la sécurité, le RGI sur l'accessibilité;Le CCI était européen, le RGI est franco-français;Le CCI ne donnait que des recommandations, le RGI a force d'obligation;Le CCI était payant, le RGI est gratuit;4;Le CCI (Cadre Commun d'Interopérabilité) ne fournissait que de simples recommandations d'utilisation, alors que le RGI, au sens de l'ordonnance du 8 décembre 2005, a force d'obligation auprès des administrations.
Par quel arrêté la version 2.0 du RGI a-t-elle été officialisée ?;L'arrêté du 13 juin 2014;L'arrêté du 20 avril 2016;L'arrêté du 29 avril 2015;L'arrêté du 11 novembre 2009;3;La version 1.0 du RGI a été publiée par l'arrêté du 11 novembre 2009 et la version 2.0, en vigueur, par l'arrêté du 20 avril 2016.
Qu'est-ce qu'une « autorité administrative » (AA) au sens du RGI ?;Une organisation publique au sens large : administration, service déconcentré, établissement public, collectivité, organisme social ou hospitalier;Uniquement un ministère;Une entreprise délégataire de service public;Le seul Premier ministre;2;Le terme « autorité administrative » ou « AA » définit une organisation publique au sens large : administration générale, service territorial déconcentré, établissement public sous tutelle, collectivité territoriale, organisme de protection sociale ou de la sphère hospitalière.
Quels sont les trois cas d'échanges traités par le RGI ?;Entrant, sortant et interne;Synchrone, asynchrone et temps réel;Client-serveur, pair à pair et diffusion;A2A (entre autorités administratives), A2B (AA vers entreprise) et A2C (AA vers citoyen);5;Le RGI identifie trois principaux cas : les échanges entre autorités administratives (A2A), entre une autorité administrative et une entreprise au sens large (A2B), et entre une autorité administrative et un citoyen (A2C).
À quoi sert le cadre européen EIF ?;Harmoniser la fiscalité des entreprises;Fixer les tarifs de l'itinérance téléphonique;Favoriser les services publics européens en facilitant la coopération entre administrations des États membres;Définir la politique de sécurité de l'OTAN;4;L'objectif de l'EIF (European Interoperability Framework) est de favoriser le développement de services en ligne européens (EPS) en facilitant la coopération entre les administrations des différents États membres, avec des recommandations aux niveaux organisationnel, sémantique et technique.
Que doivent faire les États membres de l'UE vis-à-vis du cadre EIF ?;Payer une redevance à la Commission européenne;Créer chacun un cadre totalement indépendant;Abandonner tout référentiel national;Aligner leur cadre d'interopérabilité national sur l'EIF, avec l'appui de l'observatoire NIFO;5;La Commission européenne recommande à tous les États membres d'aligner leur cadre d'interopérabilité respectif sur le cadre européen EIF, un observatoire des cadres nationaux, le NIFO (National Interoperability Framework Observatory), a été mis en place pour faciliter cet alignement.
Que signifie l'acronyme RIT dans le RGI ?;Réseau Interministériel Technique;Recommandation Interne de Transmission;Règle d'Interopérabilité Technique;Référentiel des Infrastructures et Télécoms;4;Chaque thème du RGI fait l'objet d'une fiche descriptive qui définit des Règles d'Interopérabilité Technique (RIT), au travers de rubriques comme la description, les normes et recommandations, les principes de mise en œuvre et les composants.
Quels sont les quatre niveaux de préconisation des règles du RGI ?;Faible, moyen, fort, critique;Bronze, argent, or, platine;Obligatoire, recommandé, déconseillé, interdit;Public, privé, restreint, secret;4;Quatre niveaux ont été retenus pour l'application des règles du RGI : Obligatoire (exigence absolue), Recommandé, Déconseillé et Interdit (prohibition absolue d'appliquer un autre format).
Que doit faire une équipe qui déroge à une règle RGI de niveau Obligatoire ou Interdit ?;Obtenir l'accord de la CNIL;Transmettre un dossier de justification des exceptions à la DGME;Simplement documenter le choix en interne;Cesser immédiatement le projet;3;Pour les niveaux « Recommandé » et « Déconseillé », il faut spécifier et justifier les circonstances du non-respect, pour les niveaux « Obligatoire » et « Interdit », un dossier de justification des exceptions est transmis à la DGME.
Quel format le RGI recommande-t-il pour les images fixes non photographiques ?;Le format PNG v1.2, norme ISO 15948;Le format BMP;Le format GIF;Le format JPEG;2;Le RGI recommande (RIT0003) d'utiliser le format PNG v1.2 (norme ISO 15948) pour l'échange, la présentation et la conservation d'images fixes non photographiques comme les dessins, icônes, logos ou schémas, et déconseille (RIT0005) le format GIF.
Pourquoi le RGI déconseille-t-il le format GIF au profit du PNG ?;Parce que GIF n'est pas compressé;Parce que GIF est propriétaire et limité à 256 couleurs, alors que PNG est un format ouvert plus performant;Parce que GIF n'est pas lisible par les navigateurs;Parce que GIF ne gère pas la transparence;3;Le format GIF est propriétaire (Unisys) et fonctionne uniquement en 256 couleurs indexées, alors que le PNG est un format ouvert non propriétaire, basé sur une version publique de l'algorithme LZW, normalisé par l'ISO, avec une compression sans perte de 5 à 25 % meilleure que celle du GIF et une couche alpha de transparence.
Quelle est la règle du RGI concernant les protocoles de transport, et quel est son niveau ?;RIT0100, de niveau Interdit : mélanger TCP et UDP;RIT0005, de niveau Déconseillé : utiliser UDP;RIT0003, de niveau Recommandé : utiliser TCP uniquement;RIT0077, de niveau Obligatoire : utiliser TCP ou UDP pour les flux des couches applicatives;5;La règle RIT0077, de niveau Obligatoire, impose d'utiliser les protocoles TCP ou UDP pour transporter les flux de données provenant des couches applicatives, la fiche cite les RFC 768, 793 et 1323.
Selon le RGI, dans quel cas le protocole UDP est-il privilégié par rapport à TCP ?;Pour les transmissions de données en temps réel (flux multimédia, visioconférence, voix sur IP);Pour la messagerie électronique;Pour les transactions bancaires;Pour le transfert fiable de fichiers volumineux;2;Le RGI indique que le protocole UDP est intéressant pour les transmissions de données en temps réel (flux multimédia, visioconférence, voix sur IP), car les retransmissions de paquets perdus y sont inutiles, TCP reste le meilleur composant pour fiabiliser les flux HTTP, SMTP et FTP.
Qu'est-ce que le CRE produit par un bloc fonctionnel ?;Le certificat de restitution électronique;Le compte rendu après traitement de l'événement, destiné à un autre bloc ou émis vers l'extérieur du domaine;Le code retour d'erreur du serveur;Le contrôle réglementaire d'exécution;3;Lorsque le traitement d'un bloc est terminé, celui-ci produit un résultat appelé « compte rendu après traitement de l'événement » (CRE), qui sera destiné à un autre bloc du domaine ou émis vers l'extérieur du domaine.
Quel ouvrage de référence est cité pour l'urbanisation des systèmes d'information ?;« Le Petit Prince » d'Antoine de Saint-Exupéry;« L'Art de la guerre » de Sun Tzu;« Design Patterns » du Gang of Four;« Urbanisation des systèmes d'information » de Jacques Sassoon (Hermès);5;Parmi les références citées figure l'ouvrage « Urbanisation des systèmes d'information » de Jacques Sassoon (Hermès), ainsi que le Cadre Commun d'Urbanisation du SI de l'État et le Plan d'Occupation des Sols du SI des Services Publics Français.
Quel programme a été annoncé en août 1997 par Lionel Jospin ?;Le programme AdER;Le programme ADELE;Le PAGSI, qui a programmé la généralisation des sites internet publics et la mise en ligne de formulaires;Le schéma directeur de l'administration électronique;4;Annoncé en août 1997 par le Premier ministre Lionel Jospin, le PAGSI (Programme d'Action Gouvernemental pour la Société de l'Information) visait à préparer l'entrée de la France dans la société de l'information et a programmé la généralisation des sites internet publics ainsi que la mise en ligne de formulaires administratifs.
Que signifie RE/SO 2007 ?;Pour une RÉpublique numérique dans la SOciété de l'information;RÉseau des Services Ouverts 2007;RÉférentiel des Services en ligne de l'Ordonnance 2007;RÉforme des Systèmes Opérationnels 2007;2;Le programme gouvernemental RE/SO 2007 signifie « Pour une RÉpublique numérique dans la SOciété de l'information », il a été présenté en novembre 2002 par le Premier ministre Jean-Pierre Raffarin.
Quels sont les trois volets du programme RE/SO 2007 ?;La sémantique, la technique et l'organisationnel;Le socle commun, les domaines sectoriels et les nouveaux services;L'action sur l'offre, l'action sur la demande et l'intervention directe de l'État;L'information, l'interaction et la téléprocédure;4;RE/SO 2007 comprend trois volets : une action sur l'offre (climat de confiance, création d'entreprise), une action sur la demande (équipement des ménages, accès rapide à internet) et une intervention directe de l'État comme acteur de la société de l'information.
Quelles sont les trois phases de l'administration électronique selon RE/SO 2007 ?;Consultation, saisie, archivage;Informations statiques, formulaires téléchargeables, téléprocédures;Papier, mixte, tout numérique;Local, national, européen;3;RE/SO 2007 décrit une première phase de mise à disposition d'informations statiques, une deuxième phase de mise à disposition de formulaires téléchargeables, et une troisième phase d'acheminement vers les téléprocédures.
Quelle succession de structures a piloté l'administration électronique de 1998 à 2003 ?;La DISIC, puis le SGMAP, puis la DINSIC;La MTIC, puis l'ATICA, puis l'ADAE;Le CIIBA, puis la DSI, puis la DGME;La DATAR, puis la DIACT, puis le CIACT;3;Le pilotage a été assuré par la MTIC (décret du 27 août 1998), puis par l'ATICA (décret du 22 août 2001), puis par l'ADAE (décret du 21 février 2003).
De la fusion de quels services l'ADAE est-elle née ?;Le NOC, le SOC et le SCN RIE;L'ATICA, la mission TIC de la DIRE et le pôle formulaires et téléprocédures de la COSA;La DGME, la DMGPSE et la DUSA;La DISIC, Etalab et le pôle Innovation;3;L'ADAE est née de la fusion de trois services interministériels : l'ATICA, la mission utilisation des TIC par l'administration de la DIRE et le pôle en charge des formulaires et des téléprocédures au sein de la COSA (Commission pour les Simplifications Administratives).
Par quel décret l'ADAE a-t-elle été intégrée à la DGME ?;Le décret du 30 décembre 2005;Le décret du 1er août 2014;Le décret du 27 août 1998;Le décret du 21 février 2003;2;L'ADAE a été intégrée au sein de la Direction Générale de la Modernisation de l'État par un décret du 30 décembre 2005 et rattachée au ministère de l'Économie, des Finances et de l'Industrie.
En combien de services la DGME était-elle organisée ?;Quatre : réseau, poste, messagerie, sécurité;Deux : central et déconcentré;Cinq : un par ministère financier;Trois : qualité et simplification, modernisation de la gestion publique, développement de l'administration électronique;5;La DGME était composée de trois services : le service de la qualité et de la simplification, le service de la modernisation de la gestion publique et le service du développement de l'administration électronique.
Qu'est-ce que la charte Marianne ?;Un référentiel technique d'accessibilité;Une charte générique de la qualité des services rendus aux usagers;Une norme de sécurité rédigée par l'ANSSI;Le nom du réseau interministériel;3;La charte Marianne est une charte générique de la qualité des services rendus aux usagers, promue par la DUSA (Délégation aux usagers et aux simplifications administratives), qui prime aussi les administrations les plus performantes par la remise de « trophées ».
Quand le programme ADELE a-t-il été annoncé et combien de mesures comporte-t-il ?;En 2011, 10 composantes;En 2005, 47 initiatives;En 1998, 50 décisions;En février 2004, 140 mesures numérotées de Adèle 1 à Adèle 140;5;Le Premier ministre a annoncé en février 2004 le programme ADELE (ADministration ELEctronique), cadre pluriannuel reprenant les 140 mesures numérotées de Adèle 1 à Adèle 140, décliné en un plan stratégique (PSAE) et un plan d'action (P2AE) pour 2004-2007.
En quoi consiste le numéro 3939 « Allô service public » ?;Un service de télédéclaration des revenus;Un numéro de téléphone unique donnant en moins de trois minutes une réponse ou une orientation administrative;Le numéro d'urgence de la CNIL;Un portail internet de démarches;3;Le 3939 « Allô service public » est un numéro de téléphone unique permettant à toute personne d'obtenir en moins de trois minutes une réponse ou une orientation à tout renseignement administratif.
Quelle fonctionnalité la carte nationale d'identité électronique (CNIE) apporte-t-elle au-delà de l'attestation d'état civil ?;Le paiement des amendes;Le vote électronique obligatoire;La possibilité de s'authentifier et de signer électroniquement, et la simplification de l'obtention d'autres titres;L'accès gratuit aux transports publics;4;Outre les fonctions fondamentales de la carte nationale d'identité, la CNIE simplifie l'obtention d'autres titres comme le passeport dans des conditions de sécurité optimales et permet à ses détenteurs de s'authentifier et de signer électroniquement.
À quoi sert la carte d'agent public ?;À accéder à internet depuis n'importe quel poste;À gérer des habilitations, autoriser la signature de pièces dématérialisées et sécuriser l'accès aux locaux;À payer les repas à la cantine uniquement;À remplacer la carte d'identité des fonctionnaires;3;La carte d'agent public permet de gérer des habilitations pour que plusieurs agents accèdent à un dossier, d'autoriser la signature de pièces dans le cadre de la dématérialisation, et de sécuriser et simplifier l'accès aux locaux et à certains services comme la cantine.
Par quel article du Code des marchés publics la dématérialisation des achats publics a-t-elle été mise en œuvre ?;L'article 47 de la loi de 2005;L'article 56 du Code des marchés publics de 2004, réaffirmé en 2006;L'article 7 du décret DISIC;L'article 1 du Code civil;3;La dématérialisation des procédures de marchés publics a été mise en œuvre par l'article 56 du Code des marchés publics de 2004, réaffirmée par le Nouveau Code des Marchés Publics de 2006 dans son article 56.
Qu'est-ce qu'un système d'acquisition dynamique (SAD) ?;Un réseau de collecte des données douanières;Un logiciel de gestion des stocks;Un processus d'acquisition entièrement électronique pour des achats d'usage courant;Un annuaire des fournisseurs de l'État;4;Un système d'acquisition dynamique (SAD, Dynamic Purchasing System) est un processus d'acquisition entièrement électronique pour des achats d'usage courant, le pouvoir adjudicateur doit suivre les phases de l'appel d'offres ouvert et offrir un accès libre, direct et complet aux documents de la consultation jusqu'à l'expiration du système.
En dessous de quel montant les enchères électroniques sont-elles exclues pour les marchés de fournitures et de services ?;133 000 euros HT;5 millions d'euros;9 millions d'euros;1 000 euros;2;L'enchère électronique, procédure de sélection des offres par voie électronique permettant aux candidats de réviser leur prix à la baisse, ne peut pas être mise en œuvre pour les marchés de fournitures et de services inférieurs à 133 000 euros HT.
Qu'est-ce que le projet ACTES ?;L'aide au contrôle de légalité dématérialisé des actes des collectivités locales;Un annuaire des agents territoriaux;Un référentiel d'archivage des marchés publics;Une carte à puce pour les élus;2;Le projet ACTES (Aide au Contrôle de légalité dématérialisé) vise à alléger les tâches liées aux actes, à rationaliser le contrôle par l'automatisation des tâches répétitives et à concentrer le contrôle sur les actes présentant un enjeu majeur.
Que couvre le schéma directeur de l'administration électronique (SDAE) ?;Les seules collectivités territoriales;L'ensemble des systèmes d'information de l'administration centrale et déconcentrée;Les seuls services de messagerie;Uniquement les sites internet publics;3;Le schéma directeur de l'administration électronique couvre l'ensemble des systèmes d'information de l'administration centrale et déconcentrée et devient un élément incontournable de l'élaboration des schémas directeurs des ministères.
Quelle est une finalité du schéma directeur de l'administration électronique ?;Supprimer les schémas directeurs des ministères;Synchroniser et mutualiser les travaux pour éviter la redondance des investissements;Interdire tout nouveau projet informatique;Rendre payant l'accès aux téléservices;3;Le schéma directeur permet une synchronisation et une mutualisation de l'ensemble des travaux pour minimiser la multiplication et la redondance des investissements, apporte les moyens d'un pilotage consolidé par indicateurs, et s'inscrit dans une vision cible du système d'information.
Qu'est-ce qu'une « initiative » dans le schéma directeur de l'administration électronique ?;Un regroupement de projets et d'actions communes formant un ensemble cohérent sur un domaine;Un référentiel technique d'interopérabilité;Un projet informatique isolé;Un indicateur de la LOLF;2;Une initiative est un regroupement de projets et d'actions communes d'expertise technique, fonctionnelle, juridique voire organisationnelle, qui forment un ensemble cohérent sur un domaine défini, 47 initiatives structurent la progression de l'administration électronique pour 2006-2010.
Comment les initiatives du schéma directeur sont-elles regroupées ?;En quatre phases : information, interaction, transaction, transformation;En cinq axes : réseau, poste, messagerie, sécurité, données;En deux blocs : central et territorial;En trois domaines : socle commun, domaines sectoriels et nouveaux services;5;Les initiatives sont regroupées en trois domaines : le socle commun (fonctionnel, infrastructure, services de confiance, informatique), les domaines sectoriels (aspects métier de chaque ministère) et les nouveaux services (services usagers globaux impliquant plusieurs acteurs).
Quelle est l'instance de plus haut niveau du dispositif de décision du schéma directeur de l'administration électronique ?;Le comité de partage;Le Comité des Secrétaires Généraux;Le chef de file;Le comité de pilotage de l'initiative;3;Le Comité des Secrétaires Généraux est l'instance de plus haut niveau du dispositif de décision du schéma directeur, c'est suite à son approbation que les initiatives peuvent passer en phase de pilotage, et c'est lui qui désigne formellement le chef de file.
Quels référentiels le schéma directeur de l'administration électronique met-il en place ?;Le RGI, le RGS, le RGAA et le R2GA, complétés par la Charte Internet de l'État et le SILL;Le PAP, le RAP et la LOLF;Le CCI, le PAGSI et le RE/SO;Le RGPD, la directive NIS et le règlement e-IDAS;2;Le schéma directeur met en place le RGI (interopérabilité), le RGS (sécurité), le RGAA (accessibilité) et le R2GA (Référentiel Général de Gestion des Archives), complétés par la Charte Internet de l'État (CIE) et le Socle Interministériel de Logiciels Libres (SILL).
Qu'est-ce que le programme AdER (Administration En Réseau) ?;Un « intranet global » inter-administrations lancé par le CISI du 19 janvier 1999;Le portail des marchés publics de l'État;Un référentiel de sécurité des télé-procédures;Le réseau de collecte des données fiscales;2;Le programme AdER (Administration En Réseau), lancé par le CISI du 19 janvier 1999, est un « intranet global » inter-administrations visant à décloisonner et faire coopérer les services de l'État, s'appuyant sur le méta-annuaire MAIA, un service d'interconnexion de messagerie interministérielle et un service de transport (SETI).
Qu'est-ce qu'un système d'information territorial (SIT) ?;Un annuaire des collectivités territoriales;Un « extranet des services de l'État » dans un département ou une région;Un centre informatique départemental;Un réseau local de préfecture;3;Un SIT est un « extranet des services de l'État » dans un département ou une région qui propose des dossiers thématiques à accès plus ou moins restreint, où les services partenaires d'une politique publique locale partagent informations et procédures, le CISI du 19 janvier 1999 a décidé que chaque département et chaque région en disposerait fin 2000.
Comment l'interconnexion de fichiers est-elle encadrée pour l'administration électronique ?;Elle est totalement interdite par la loi;Elle relève de la seule décision du Premier ministre;Elle est libre entre administrations de l'État;Elle est assimilée à un traitement soumis à l'avis de la CNIL et strictement encadrée;5;L'interconnexion n'est pas en soi interdite, mais elle est strictement encadrée : assimilée à un véritable traitement, elle est subordonnée à l'avis de la CNIL, doit être portée à la connaissance des personnes intéressées et ne peut utiliser le NIR (détenu par l'INSEE) que si les deux administrations y sont autorisées.
Combien de points comporte le cahier des charges des téléservices dégagé par la CNIL ?;Cinq : identification, authentification, signature électronique, chiffrement, information et droit d'accès;Deux : identification et authentification;Trois : sécurité, confidentialité, disponibilité;Quatre : accès, maintien, libération, restitution;2;De l'ensemble des avis rendus par la CNIL se dégage un cahier des charges des téléservices en cinq points : l'identification de l'usager, l'authentification des usagers, le recours à la signature électronique, le recours au chiffrement pour la confidentialité des données sensibles, et l'information et le droit d'accès.
Pourquoi la CNIL recommande-t-elle un identifiant spécifique pour la télédéclaration de revenus ?;Parce que la loi interdit tout identifiant fiscal;Parce que l'INSEE ne fournit pas le NIR;Parce que le numéro FIP n'est pas confidentiel, étant porté sur les avis d'imposition;Parce que le contribuable choisit lui-même son numéro;4;Pour la télédéclaration de revenus, la CNIL a estimé préférable de recommander l'usage d'un identifiant spécifique, annuel et non signifiant, plutôt que le numéro FIP (numéro de foyer fiscal), qui n'est pas confidentiel car porté notamment sur les avis d'imposition.
Quelle loi fixe le cadre légal de la protection des données personnelles pour l'administration électronique ?;La loi du 6 janvier 1978 modifiée par la loi du 6 août 2004;La loi du 13 mars 2000 sur la signature électronique;La loi du 21 juin 2004 pour la confiance dans l'économie numérique;La loi du 11 février 2005 sur le handicap;2;Les nouveaux flux de données personnelles générés par les téléservices intégrés et le compte administratif personnalisé s'inscrivent dans le cadre légal strict de la loi du 6 janvier 1978, modifiée par une loi du 6 août 2004.
Selon la CNIL, quand le recours au chiffrement des données devient-il un impératif ?;Seulement pour les documents classés secret défense;Dès qu'il s'agit de transmettre par un réseau ouvert comme Internet des données sensibles (santé, données financières);Jamais, l'authentification suffisant toujours;Uniquement pour les échanges entre ministères;3;La CNIL estime que le recours à des moyens de chiffrement pour assurer la confidentialité constitue un impératif dès qu'il s'agit de transmettre par des réseaux ouverts de type Internet des informations sensibles telles que des données de santé ou des données financières, leur chiffrement étant l'une des seules garanties réellement efficaces.
Quel projet révélé dans la presse en 1974 a conduit à la création de la CNIL ?;Le projet CHORUS;Le projet SAFARI, ébauche de fichiers interconnectés par un identifiant unique;Le projet ARPANET;Le projet Minitel;3;La révélation dans la presse, en 1974, du projet SAFARI (Système Automatisé pour les Fichiers Administratifs et le Répertoire des Individus), première ébauche de fichiers interconnectés à l'aide d'un identifiant unique, a ému l'opinion et provoqué la création d'une commission qui a proposé l'institution de la CNIL.
Quelle loi a institué la CNIL ?;La loi du 6 août 2004;La loi du 21 juin 2004;La loi n° 78-17 du 6 janvier 1978;La loi du 13 mars 2000;4;La Commission Nationale de l'Informatique et des Libertés a été instituée par la loi n° 78-17 du 6 janvier 1978 relative à l'informatique, aux fichiers et aux libertés, qui la qualifie d'autorité administrative indépendante.
Qu'a principalement changé la loi du 6 août 2004 par rapport à celle de 1978 ?;Elle a rendu tous les traitements soumis à autorisation;Elle a interdit toute déclaration à la CNIL;Elle a supprimé la CNIL;Elle est passée des « données nominatives » aux « données personnelles » et a supprimé la référence au seul traitement automatisé;5;La loi du 6 août 2004, transposant la directive 95/46 du 24 octobre 1995, concerne désormais les données personnelles et non plus seulement les données nominatives, supprime la référence au seul « traitement automatisé » et accroît les pouvoirs de la CNIL.
Selon l'article 6 de la loi, comment les données à caractère personnel doivent-elles être collectées ?;De manière libre et sans finalité déterminée;En quantité illimitée pour un usage futur indéterminé;Uniquement avec l'autorisation du Premier ministre;De manière loyale et licite, pour une finalité déterminée, de façon pertinente, adéquate et non excessive;5;L'article 6 fixe les conditions de licéité : les données doivent être collectées de manière loyale et licite, pour une finalité déterminée et spécifique, être pertinentes, adéquates et non excessives, exactes et mises à jour, et conservées de manière proportionnée à leur utilisation.
Lesquelles de ces données sont dites « sensibles » selon l'article 8 de la loi ?;Les numéros de téléphone;Les adresses postales;Les données tenant aux origines raciales, opinions politiques, philosophiques, religieuses ou aux mœurs;Les données bancaires;4;L'article 8 énumère les données dites sensibles, dont la collecte et le traitement sont en principe interdits : origines raciales, opinions politiques, philosophiques ou religieuses, mœurs, avec des dérogations comme le consentement exprès ou la sauvegarde de la vie humaine.
Quel est le régime de droit commun des traitements depuis la loi du 6 août 2004 ?;La déclaration, sans distinction entre personnes publiques et privées;L'autorisation préalable systématique;L'avis conforme de la CNIL;L'absence de toute formalité;2;La loi du 6 août 2004 fait de la déclaration le régime de droit commun pour les traitements, sans plus distinguer les personnes publiques des personnes privées, les données sensibles relèvent d'un contrôle a priori, par autorisation ou autorisation après avis.
Dans quel délai la CNIL se prononce-t-elle sur une demande d'autorisation ?;Six mois, le silence valant acceptation;Un mois, le silence valant acceptation;Aucun délai n'est fixé;Deux mois, le silence valant rejet;5;Le responsable du traitement adresse une demande d'autorisation à la CNIL, qui se prononce dans un délai de deux mois, lorsque la commission ne s'est pas prononcée dans ce délai, la demande d'autorisation est réputée rejetée.
Que concerne le régime d'autorisation après avis de la CNIL ?;Tous les traitements du secteur privé;Les traitements des associations sportives;Les traitements de « souveraineté de la personne publique » (sûreté, défense, impositions, statistiques);Les blogs personnels;4;Le régime de l'autorisation après avis concerne uniquement les traitements dits de « souveraineté de la personne publique » : le responsable est une personne publique et le domaine touche à la sûreté, la sécurité ou la défense de l'État, aux impositions ou aux statistiques, l'autorisation est donnée par arrêté ministériel après avis motivé et publié, non contraignant, de la CNIL.
Comment la CNIL est-elle composée ?;Un directeur unique nommé par le Premier ministre;Un comité de neuf membres désignés par le ministre de la Culture;Un collège pluraliste de 18 personnalités, au mandat de 5 ans, qui élit son Président;Trois magistrats issus des juridictions suprêmes;4;La CNIL est un collège pluraliste de 18 personnalités (parlementaires, membres du Conseil économique et social, représentants des hautes juridictions, personnalités qualifiées), au mandat de 5 ans, qui élit son Président parmi ses membres et ne reçoit d'instruction d'aucune autorité.
Quelles sont les quatre grandes missions de la CNIL ?;Informer et protéger, accompagner et conseiller, contrôler et sanctionner, anticiper;Collecter, traiter, stocker, diffuser;Légiférer, juger, exécuter, contrôler;Autoriser, déclarer, tracer, archiver;2;La CNIL assure quatre grands types de missions : informer et protéger, accompagner et conseiller (CIL, labels, packs de conformité, BCR), contrôler et sanctionner, et anticiper dans le cadre de son activité d'innovation et de prospective.
Quel droit permet à une personne de demander que soient corrigées des données inexactes la concernant ?;Le droit d'information;Le droit à l'oubli absolu;Le droit d'opposition;Le droit de rectification;5;Le droit de rectification permet à toute personne de demander que soient rectifiées, complétées, mises à jour ou effacées les données la concernant qui sont inexactes, incomplètes, équivoques, périmées ou dont la collecte est interdite.
Quelle sanction pénale le Code pénal prévoit-il pour le non-respect des formalités préalables auprès de la CNIL ?;5 ans d'emprisonnement et 300 000 euros d'amende;1 an d'emprisonnement et 45 000 euros d'amende;Aucune sanction pénale, seulement administrative;Une amende forfaitaire de 750 euros;2;Le Code pénal, dans ses articles 226-16 à 226-24, punit de 5 ans d'emprisonnement et de 300 000 euros d'amende le non-respect des formalités préalables, ainsi que le non-respect de l'obligation de sécurité, la collecte déloyale, le traitement de données sensibles sans consentement exprès ou le détournement de finalité.
Quel est l'effet de la désignation d'un correspondant à la protection des données (CIL) ?;Elle supprime tout contrôle de la CNIL;Elle exonère de l'obligation de déclaration préalable des traitements ordinaires et courants;Elle rend obligatoire l'autorisation de tous les traitements;Elle transfère la responsabilité du traitement à la CNIL;3;La désignation d'un correspondant informatique et libertés emporte un allègement des formalités : elle permet d'être exonéré de l'obligation de déclaration préalable des traitements ordinaires et courants, seuls les traitements sensibles soumis à autorisation restant soumis à formalités.
Un site web de vente en ligne collectant des données sur ses clients doit-il faire une démarche auprès de la CNIL ?;Non, aucune démarche depuis 2006;Oui, une demande d'autorisation après avis;Oui, une déclaration simplifiée précisant la finalité de l'utilisation des données;Non, sauf s'il est hébergé à l'étranger;4;Depuis juillet 2006, il n'y a plus de déclaration spécifique de site web : c'est la finalité du site qui détermine les démarches, un site de services ou de commerce électronique collectant des données sur ses clients se contente d'une déclaration simplifiée indiquant la finalité (facturation, livraison, écritures comptables), tandis qu'un site vitrine ou un blog personnel en est dispensé.
Quelle est la différence entre l'opt-in et l'opt-out en matière de prospection par courriel ?;L'opt-in interdit tout courriel, l'opt-out les autorise tous;L'opt-in concerne les entreprises, l'opt-out les particuliers;L'opt-in exige le consentement préalable, l'opt-out permet de s'opposer a posteriori;L'opt-in relève du droit pénal, l'opt-out du droit civil;4;La réglementation du spamming distingue l'opt-in (consentement de l'internaute à recevoir des sollicitations) de l'opt-out (possibilité de s'opposer a posteriori), la LCEN de 2004 impose l'opt-in pour la prospection par courriel, sauf lorsque les coordonnées ont été fournies lors d'une vente.
Que garantit la loi du 10 juillet 1991 ?;La liberté de la communication audiovisuelle;La valeur juridique de la signature électronique;La protection des programmes d'ordinateur;Le secret des correspondances émises par la voie des communications électroniques;5;La loi du 10 juillet 1991 relative au secret des correspondances émises par la voie des communications électroniques garantit ce secret, auquel il ne peut être porté atteinte que par l'autorité publique dans les cas prévus par la loi, la jurisprudence assimile le courrier électronique à une correspondance.
Qu'a établi l'arrêt Nikon de la Cour de cassation du 2 octobre 2001 ?;Le salarié ne peut jamais utiliser sa messagerie à titre privé;Le salarié a droit au respect de sa vie privée sur son lieu de travail, donc au secret des correspondances;L'employeur peut consulter librement tous les fichiers du salarié;Le courrier électronique n'est pas une correspondance;3;L'arrêt Nikon reconnaît sans équivoque que le salarié a droit au respect de sa vie privée sur son lieu de travail, ce qui induit le secret des correspondances, les messages marqués « personnel » ne sont pas consultables par l'employeur, et l'absence de cette mention confère par défaut un caractère professionnel.
Que prévoit l'article 226-15 du Code pénal pour l'atteinte au secret des correspondances électroniques ?;Une contravention de 3 750 euros;Une simple sanction disciplinaire;5 ans d'emprisonnement et 300 000 euros d'amende;Un an d'emprisonnement et 45 000 euros d'amende;5;L'article 226-15 du Code pénal punit d'un an d'emprisonnement et de 45 000 euros d'amende le fait d'intercepter, détourner, utiliser ou divulguer de mauvaise foi des correspondances émises par voie de télécommunications, ou d'installer des appareils conçus pour de telles interceptions.
Quels trois principes le rapport de la CNIL du 5 février 2002 sur la cybersurveillance retient-il ?;Transparence, gratuité, réversibilité;Loyauté, licéité, finalité;Confidentialité, intégrité, disponibilité;Proportionnalité, information préalable des salariés, consultation du comité d'entreprise;5;Le rapport de la CNIL du 5 février 2002 sur la cybersurveillance fait référence à trois grands principes : le principe de proportionnalité, le principe d'information préalable des salariés, et le principe de consultation et de discussion préalable du comité d'entreprise ou des représentants du personnel.
Un logiciel destiné à analyser les journaux pour contrôler l'activité des utilisateurs doit-il être déclaré à la CNIL ?;Non, les journaux sont une mesure de sécurité exemptée;Oui, mais seulement s'il vise plus de cent utilisateurs;Non, sauf autorisation du procureur;Oui, dès lors qu'il collecte de l'information individuelle pour contrôler les utilisateurs;5;Les fichiers de journalisation sont une mesure de sécurité préconisée par la CNIL, sans vocation première de contrôle, en revanche, la mise en œuvre d'un logiciel d'analyse des journaux permettant de collecter de l'information individuelle et destiné à contrôler l'activité des utilisateurs doit être déclarée à la CNIL.
Quel article pose le principe de la protection du droit d'auteur ?;L'article L.111-1 du code de la propriété intellectuelle;L'article 226-15 du Code pénal;L'article 1369-4 du code civil;L'article 6 de la loi du 6 janvier 1978;2;L'article L.111-1 du code de la propriété intellectuelle dispose que l'auteur d'une œuvre de l'esprit jouit sur cette œuvre d'un droit de propriété incorporelle exclusif et opposable à tous, comportant des attributs d'ordre intellectuel et moral et des attributs d'ordre patrimonial.
Que signifie que le droit d'auteur porte sur une propriété incorporelle ?;Il ne s'applique qu'aux œuvres numériques;Il porte sur la création de l'œuvre et non sur l'objet matériel qui l'incorpore;Il ne concerne que les logiciels;Il disparaît dès la vente du support;3;La propriété du droit d'auteur est de nature incorporelle : elle ne porte pas sur l'objet matériel dans lequel s'incorpore la création, mais sur la création même, ainsi, la vente du support matériel (tableau, CD, CD-ROM) n'emporte pas la cession des droits d'auteur.
Quels sont les droits patrimoniaux de l'auteur ?;Le droit à l'intégrité et le droit au respect;Le droit de reproduction et le droit de communication;Le droit d'accès et le droit de rectification;Le droit de divulgation et le droit de paternité;3;Les droits patrimoniaux organisent la communication et l'exploitation de l'œuvre : le droit de reproduction (ou d'édition) et le droit de communication (représentation), ils permettent à l'auteur de retirer un bénéfice économique et peuvent faire l'objet d'une cession ou d'une concession.
Quelle est la différence entre la cession et la licence d'un logiciel ?;La cession est gratuite, la licence est payante;La cession emporte cession des droits sur les codes sources, la licence n'accorde qu'un droit d'usage;La cession est temporaire, la licence est définitive;La cession concerne le matériel, la licence le logiciel;3;La cession de logiciel emporte cession des droits patrimoniaux sur les codes sources, tandis que la concession ou licence confère au licencié un simple droit d'usage, généralement non exclusif et souvent sur un seul poste, dans une licence, l'auteur conserve les codes sources et ne remet qu'un code objet ou exécutable.
Quels sont les droits moraux de l'auteur ?;Le droit d'accès, d'opposition, de rectification et à l'oubli;Le droit de vendre, louer, prêter et donner;Le droit de divulgation, de paternité, à l'intégrité de l'œuvre et de s'opposer à toute atteinte préjudiciable;Le droit de reproduction, de communication, de distribution et de location;4;Les droits moraux protègent la personnalité de l'auteur : le droit de divulgation, le droit de paternité, le droit à l'intégrité de l'œuvre et le droit de s'opposer à toute atteinte préjudiciable à son honneur et à sa réputation, ils ne peuvent pas être cédés entièrement.
Quelle formalité faut-il accomplir pour obtenir la protection du droit d'auteur ?;Aucune : la protection découle du simple fait de la création de l'œuvre;Un dépôt obligatoire à l'INPI;Le paiement d'une redevance annuelle;Un enregistrement auprès de la CNIL;2;L'octroi de la protection légale est conféré à l'auteur du simple fait de la création d'une œuvre de l'esprit et n'est pas subordonné à des formalités administratives, un dépôt ou un enregistrement peut seulement faciliter la preuve de la paternité et de la date de création en cas de contentieux.
Quelle est la durée de protection des droits d'exploitation après le décès de l'auteur ?;Vingt ans, renouvelables;Une durée illimitée, comme le droit moral;Cinquante ans;L'année civile en cours et les soixante-dix ans qui suivent;5;Selon la loi du 27 mars 1997, la protection persiste au profit des ayants droit pendant l'année civile en cours et les soixante-dix ans qui suivent le décès de l'auteur, ensuite l'œuvre tombe dans le domaine public, sous réserve du droit moral qui est perpétuel.
Comment la loi DADVSI de 2004 a-t-elle réglé le droit d'auteur des fonctionnaires ?;Elle ne s'applique pas aux agents publics;Elle transfère intégralement leurs droits à l'État;Elle leur reconnaît la qualité d'auteur, l'administration ayant le droit d'exploitation à des fins non commerciales;Elle leur retire tout droit d'auteur;4;La loi de 2004 relative au droit d'auteur et aux droits voisins dans la société de l'information reconnaît expressément aux agents publics la qualité d'auteur pour les œuvres qu'ils créent même dans le cadre de leurs fonctions, tout en conférant à l'administration le droit d'exploitation de l'œuvre à des fins non commerciales dans l'accomplissement de sa mission de service public.
Quels sont les droits d'une personne publique sur un logiciel « sur étagère » ?;Le droit d'exploitation à des fins commerciales;La pleine propriété des codes sources;Aucun droit, le logiciel étant libre;Un simple droit d'usage (concession), le logiciel n'étant pas sa propriété;5;Si le logiciel est un « logiciel sur étagère », acheté et utilisé sans modification, l'administration a généralement un droit d'usage sur le logiciel : ce dernier n'est pas sa propriété, elle ne dispose que d'une concession.
Quels deux CCAG sont utilisés dans le monde informatique ?;Le CCAG FCS (Fournitures Courantes et Services) et le CCAG PI (Prestations Intellectuelles);Le CCAG Public et le CCAG Privé;Le CCAG Travaux et le CCAG Marchés de Défense;Le CCAP et le CCTP;2;Les deux CCAG utilisés dans le monde informatique sont le CCAG FCS (Fournitures Courantes et Services) et le CCAG PI (Prestations Intellectuelles), or ni l'un ni l'autre ne traite de façon satisfaisante de la cession des droits pour une mutualisation sous licence de logiciel libre.
À quelle condition un programme d'ordinateur bénéficie-t-il de la protection par le droit d'auteur ?;À la condition d'être original, portant la marque intellectuelle de son auteur;À la condition d'être écrit dans un langage compilé;À la condition d'être déposé à l'INPI;À la condition d'être commercialisé;2;La directive européenne du 14 mai 1991 consacre la protection des programmes d'ordinateur par le droit d'auteur : le logiciel et le matériel de conception préparatoire revêtent le caractère d'œuvre de l'esprit à la seule condition qu'ils soient originaux, c'est-à-dire qu'ils portent la marque intellectuelle de leur auteur.
Quelle directive la loi DADVSI du 30 juin 2006 transpose-t-elle ?;La directive 95/46 sur la protection des données;La directive 2000/31 sur le commerce électronique;La directive « paquet télécoms » de 2003;La directive européenne du 22 mai 2001 (EUCD) sur le droit d'auteur dans la société de l'information;5;La loi DADVSI, adoptée le 30 juin 2006, assure la transposition de la directive communautaire du 22 mai 2001, également appelée EUCD (European Union Copyright Directive), qui aborde le droit de reproduction, le droit de communication et le droit de distribution.
Qu'a censuré le Conseil constitutionnel dans la loi HADOPI le 10 juin 2009 ?;La reconnaissance des DRM;La copie privée;L'existence même de la HADOPI;Les dispositions confiant à une autorité administrative le pouvoir de couper l'accès à Internet;5;Par sa décision du 10 juin 2009, le Conseil constitutionnel a jugé que le législateur ne peut confier à une autorité administrative le pouvoir de restreindre ou d'empêcher l'accès à Internet : la coupure de l'accès nécessite une décision judiciaire, il a aussi censuré les « mouchards filtrants », si bien que la riposte graduée en trois phases n'a pu voir le jour.
Quelle est la triple mission de la HADOPI ?;Autoriser, déclarer et archiver les fichiers;Encourager l'offre légale et observer les usages, protéger les œuvres, réguler les mesures techniques de protection;Collecter, traiter et diffuser les œuvres;Légiférer, juger et sanctionner;3;La HADOPI (Haute Autorité pour la Diffusion des Œuvres et la Protection des droits sur Internet) assure une triple mission : encouragement à l'offre légale et observation de l'utilisation des œuvres, protection des œuvres, et régulation et veille dans le domaine des mesures techniques de protection et d'identification des œuvres.
Quelles sont les quatre libertés qui définissent un logiciel libre ?;Le vendre, le louer, le prêter, le donner;Le lire, l'écrire, le modifier, le supprimer;Le télécharger, l'installer, l'exécuter, le désinstaller;Exécuter le programme pour tous les usages, l'étudier et l'adapter, le redistribuer, le modifier;5;Un logiciel est dit libre s'il permet d'exécuter le programme pour tous les usages, d'étudier son fonctionnement et de l'adapter (ce qui suppose l'accès au code source), de redistribuer des copies avec ou sans contrepartie financière, et de modifier le programme, « libre » ne signifie en aucun cas « gratuit ».
Quelle est la différence entre un logiciel libre et un gratuiciel (freeware) ?;Le gratuiciel donne accès au code source;Le gratuiciel autorise la modification et la redistribution;Le gratuiciel est distribué en binaire, sans code source, avec une licence limitée au droit d'exécution;Le gratuiciel est toujours payant;4;Les gratuiciels et les partagiciels sont distribués sous forme binaire, c'est-à-dire uniquement avec le code exécutable et sans le code source, et leur licence d'utilisation concède rarement plus que le droit d'exécuter le logiciel.
Qu'est-ce que le copyleft et quelle est sa mise en œuvre la plus répandue ?;Une exception au droit d'auteur pour la recherche;Des conditions de distribution empêchant de rendre propriétaire un logiciel libre, mises en œuvre par la GPL;Une protection renforcée des logiciels propriétaires;Un droit de copie illimité sans aucune condition;3;Le « copyleft » ou « gauche d'auteur » utilise les lois du droit d'auteur en les retournant pour empêcher de transformer du logiciel libre en logiciel propriétaire : il autorise l'exécution, la copie, la modification et la redistribution mais interdit d'ajouter des restrictions, sa mise en œuvre la plus répandue est la GPL (General Public License).
Quelle loi affirme la valeur juridique de la signature électronique en France ?;La loi du 21 juin 2004;La loi du 13 mars 2000;La loi du 9 juillet 2004;La loi du 6 janvier 1978;3;La loi du 13 mars 2000, qui modifie le code civil et le droit de la preuve, affirme la valeur juridique de la signature électronique sous certaines conditions, elle s'inscrit dans le cadre de la directive européenne du 13 décembre 1999 et est complétée par des décrets (30 mars 2001, 13 décembre 2001).
Quelles deux catégories de signatures électroniques la directive européenne du 13 décembre 1999 reconnaît-elle ?;La signature manuscrite et la signature scannée;La signature publique et la signature privée;La signature nationale et la signature communautaire;La signature simple et la signature avancée;5;La directive du 13 décembre 1999 reconnaît dans son article 5 la signature électronique « simple » (donnée servant de méthode d'authentification, recevable comme preuve mais sans valeur équivalente à la signature manuscrite) et la signature « avancée » (basée sur un certificat qualifié et un dispositif sécurisé, équivalente à la signature manuscrite).
Combien de conditions la loi du 13 mars 2000 pose-t-elle pour l'équivalence entre support électronique et support papier ?;Deux : identification et intégrité;Quatre : identification fiable, création intègre, conservation intègre, lien fiable signature-acte;Aucune, l'équivalence est automatique;Trois : signature, horodatage, archivage;3;Il y a quatre conditions pour l'équivalence support électronique / support papier : la personne dont émane l'écrit doit pouvoir être identifiée au moyen d'un procédé fiable, l'écrit doit être créé puis conservé dans des conditions garantissant son intégrité, et un procédé fiable doit garantir le lien de la signature électronique avec l'acte.
Quelle est la différence entre la signature électronique simple et la signature présumée fiable ?;La simple est manuscrite, la présumée fiable est numérique;La simple vaut à l'international, la présumée fiable seulement en France;La simple est gratuite, la présumée fiable est payante;Pour la simple, il faut prouver la fiabilité du procédé, pour la présumée fiable, c'est au demandeur de prouver l'inverse;5;Avec la signature électronique simple, le procédé n'est pas présumé fiable et il faut prouver sa fiabilité en cas de contestation, avec la signature présumée fiable, la fiabilité du procédé est présumée et l'acte a la même valeur qu'une signature manuscrite, c'est au demandeur de prouver que le procédé n'est pas fiable.
Quels trois éléments interviennent dans une signature électronique ?;Un chiffrement, une empreinte (hash) et un certificat électronique;Un serveur, un client et une base de données;Un identifiant, un mot de passe et un jeton;Un scanner, une imprimante et un tampon;2;Une signature électronique fait intervenir trois éléments : un chiffrement (algorithme et clé, la loi française autorisant une clé limitée à 128 bits), une empreinte (hash obtenu par une fonction de hachage, version synthétique et unique du document) et un certificat électronique (fichier public de 8 à 10 Ko identifiant l'émetteur avec sa clé publique).
Qu'est-ce qu'un espiogiciel (spyware) et est-il illégal en soi ?;Un logiciel de sauvegarde autorisé par la CNIL;Un dispositif toujours interdit par la loi;Un antivirus légalement obligatoire;Un programme installé le plus souvent à l'insu de l'utilisateur qui transmet des données à son créateur, il n'est pas illégal en soi;5;L'espiogiciel est un petit programme installé le plus souvent à l'insu de l'utilisateur, qui collecte des données sur son comportement et sa machine et les transmet à son créateur à des fins publicitaires, il n'est pourtant pas en lui-même illégal, sa licéité étant conditionnée au consentement exprès de l'utilisateur.
Qu'est-ce que la RFID et quel risque présente-t-elle ?;Un réseau interministériel sécurisé;Un protocole de chiffrement des fichiers, sans risque;L'identification par radiofréquence via des puces à antenne, avec un risque de lecture à distance des informations;Un référentiel d'accessibilité numérique;4;La RFID (Radio Frequency Identification) fait appel à de petites puces à antenne, dites « radio tags » ou « étiquettes intelligentes », insérées dans les étiquettes des produits, elle est souvent perçue comme un risque important d'atteinte à la vie privée car elle permet la lecture à distance des informations stockées dans la puce.
Que transpose la loi n° 2004-669 du 9 juillet 2004 en matière de communications électroniques ?;La loi de 1978 informatique et libertés;La directive 95/46 sur les données personnelles;Le « paquet télécoms » européen de 2003;La directive sur le commerce électronique;4;La loi n° 2004-669 du 9 juillet 2004 assure la transposition du « paquet télécoms », ensemble de six directives et d'une décision adoptées en 2003 dans le cadre de la réforme européenne de la réglementation des télécommunications engagée en 1999.
Quelle simplification majeure la loi du 9 juillet 2004 apporte-t-elle pour l'entrée sur le marché des télécommunications ?;Toute activité devient interdite sans agrément ministériel;Les opérateurs doivent obtenir l'aval de la Commission européenne;Les autorisations administratives sont remplacées par une simple déclaration auprès de l'ART;Les réseaux indépendants sont soumis à autorisation individuelle;4;La loi supprime les autorisations pour installer les réseaux et offrir les services, remplacées par une simple procédure de déclaration auprès de l'Autorité de régulation des télécommunications, seules demeurent les autorisations administratives pour les fréquences radioélectriques assignées.
De quoi le service public des télécommunications est-il constitué ?;Du service universel, des services obligatoires et des missions d'intérêt général;Du seul service universel;De la seule téléphonie fixe;Des seules missions confiées à France Télécom;2;Le service public des télécommunications reste constitué du service universel, des services obligatoires et des missions d'intérêt général, assurées par ou pour le compte de l'État, le service universel doit permettre un débit suffisant pour un accès fonctionnel à Internet, et le télex a été retiré des services obligatoires.
Comment les opérateurs chargés du service universel des télécommunications sont-ils désormais désignés ?;Par appel à candidatures lancé par le ministre chargé des communications électroniques;Par tirage au sort entre les opérateurs;Par décision de la Commission européenne;Par désignation d'office de France Télécom;2;Les lois du 31 décembre 2003 et du 9 juillet 2004 retiennent le principe de l'appel à candidatures lancé par le ministre chargé des communications électroniques, portant sur les conditions de fourniture du service universel et sur son coût, chaque composante étant attribuée au niveau national.
Quel est le rôle particulier de l'Agence nationale des fréquences (ANFR) en matière de santé publique ?;Elle délivre les autorisations de mise sur le marché des médicaments;Elle contrôle la qualité de l'eau potable;Elle peut s'opposer à toute installation d'une station radioélectrique ne respectant pas les valeurs limites d'exposition aux champs électromagnétiques;Elle fixe les normes d'accessibilité des sites web;4;La loi confirme le rôle clé de l'ANFR, créée en 1997, en matière de santé publique : elle a le pouvoir de s'opposer à tout projet d'installation d'une station radioélectrique qui ne respecterait pas les valeurs limites d'exposition du public aux champs électromagnétiques.
Quelle directive la LCEN du 21 juin 2004 transpose-t-elle ?;La directive du 13 décembre 1999 sur la signature électronique;La directive 2000/31/CE du 8 juin 2000 sur le commerce électronique;La directive 95/46 sur la protection des données;La directive « paquet télécoms »;3;La loi n° 2004-575 du 21 juin 2004 pour la confiance dans l'économie numérique ne crée pas un droit spécifique mais adapte les règles en vigueur et transpose la directive 2000/31/CE du 8 juin 2000 sur le commerce électronique, elle s'articule en cinq titres.
Comment la LCEN encadre-t-elle la responsabilité des hébergeurs ?;Elle dépend d'une autorisation préalable de la CNIL;Elle n'est engagée qu'en cas de connaissance effective d'un contenu illicite non retiré promptement, sans obligation générale de surveillance;Elle est engagée pour tout contenu hébergé, sans exception;Elle est totalement exclue en toutes circonstances;3;La LCEN limite la mise en cause de la responsabilité des hébergeurs aux seuls cas de connaissance effective de l'activité ou de l'information illicite et d'absence d'action prompte pour la retirer ou en rendre l'accès impossible, les prestataires techniques n'ont aucune obligation générale de surveiller les contenus qu'ils transmettent ou stockent.
Que prévoit l'article 1369-4 du code civil issu de la LCEN pour la conclusion d'un contrat électronique ?;Le paiement comptant préalable;La signature manuscrite scannée du client;L'acceptation de l'offre par un « double clic » accompagné des informations récapitulatives, et un accusé de réception rapide;La confirmation par lettre recommandée papier;4;L'article 1369-4 nouveau du code civil exige que l'acceptation de l'offre par le consommateur prenne la forme d'un « double clic » ou d'un protocole équivalent, accompagné des informations récapitulatives du contrat, et qu'un accusé de réception rapide soit émis par le professionnel, afin de protéger le consommateur contre les fausses manipulations.
Pour quelles catégories de contrats le formalisme du support papier est-il préservé malgré la LCEN ?;Les contrats de sûretés non professionnels, ceux soumis à autorisation ou homologation judiciaire, et ceux du droit de la famille et des personnes;Tous les contrats de vente en ligne;Les contrats de travail;Les contrats d'abonnement téléphonique;2;Le formalisme protecteur du support papier est préservé pour trois catégories de contrats : les contrats relatifs à des sûretés (sauf s'ils sont passés à titre professionnel), les contrats soumis à autorisation ou homologation de l'autorité judiciaire, et les contrats sous seing privé passés dans le domaine du droit de la famille et des personnes.
Quelles étapes le statut de France Télécom a-t-il connues avant sa privatisation ?;Exploitant public (loi du 2 juillet 1990), puis société anonyme (loi de juillet 1996), puis fin de la détention majoritaire par l'État (loi du 31 décembre 2003);Établissement public industriel et commercial jusqu'en 2010;Administration centrale jusqu'en 2004, puis privatisation directe;Société anonyme dès sa création, puis nationalisation, puis privatisation;2;La direction générale des télécommunications des années 1980 est devenue exploitant public doté de la personnalité juridique par la loi du 2 juillet 1990, puis société anonyme par la loi de juillet 1996, la loi n° 2003-1365 du 31 décembre 2003 a abrogé l'obligation de détention majoritaire du capital par l'État, et le décret du 3 mai 2004 a autorisé le transfert au secteur privé.
Depuis quelle date la loi du 2 juillet 1990 interdit-elle à France Télécom de recruter des fonctionnaires ?;Depuis le 1er janvier 1996;Depuis le 3 mai 2004;Depuis le 2 juillet 1990;Depuis le 1er janvier 2002;5;La loi du 2 juillet 1990 interdit à France Télécom de recruter des fonctionnaires depuis le 1er janvier 2002, et les corps de France Télécom sont explicitement placés en extinction depuis cette même date.
Quels sont les trois principes fondamentaux de la commande publique ?;La publicité, la publication et la notification;La disponibilité, l'intégrité et la confidentialité;L'unicité, l'annualité et la spécialité budgétaire;La liberté d'accès, l'égalité de traitement des candidats et la transparence des procédures;5;Les trois principes fondamentaux de la commande publique sont la liberté d'accès à la commande publique, l'égalité de traitement des candidats et la transparence des procédures.
Que doit faire une personne publique lorsqu'une société pose une question sur un marché en cours ?;Suspendre le marché;Répondre uniquement à la société qui a posé la question;Ignorer toute question jusqu'à la clôture;Transmettre la question et sa réponse à l'ensemble des candidats ayant retiré les cahiers des charges, ou refuser de répondre;5;Au titre de l'égalité de traitement, lorsqu'une société pose une question relative à un marché public, la personne publique est tenue soit de transmettre la question et sa réponse à l'ensemble des candidats ayant retiré les cahiers des charges, soit de refuser de répondre si elle considère que l'information n'a pas à être communiquée.
Quelle est la différence entre la publicité et la publication d'un marché public ?;La publicité est réservée aux marchés de travaux, la publication aux services;Les deux termes sont strictement équivalents;La publication est la diffusion d'un avis via les organismes officiels comme le BOAMP, la publicité regroupe tous les moyens de faire connaître le marché;La publication est facultative, la publicité obligatoire;4;La publication est la diffusion d'un avis concernant les prestations du marché via les organismes officiels comme le BOAMP (Bulletin Officiel des Annonces des Marchés Publics), la publicité est l'utilisation de tous les moyens possibles pour faire connaître l'existence du marché : la publication est une modalité de publicité, mais la publicité ne s'y limite pas.
À partir de quel montant la publication devient-elle obligatoire pour les marchés de fournitures et de services ?;6 millions d'euros HT;600 euros TTC;20 000 euros HT;133 000 euros HT;5;En principe la publicité doit être mise en œuvre dès le premier euro, mais la publication est mise en place à partir de certains seuils : ce seuil est de 133 000 euros HT pour les marchés de fournitures et de services.
Qu'est-ce que le Service des Achats de l'État (SAE) ?;Une commission de contrôle des marchés informatiques;Un référentiel technique des achats publics;Un service à compétence nationale créé en 2009 qui agit par globalisation des achats, maîtrise des consommations et simplification des procédures;Une centrale d'achat privée;4;Le Service des Achats de l'État (SAE), créé par le décret du 19 mars 2009 dans le cadre de la RGPP, est un service à compétence nationale rattaché au secrétaire général qui agit à trois niveaux : la globalisation des achats, la maîtrise des consommations et la simplification des procédures.
Qu'est-il advenu de la commission d'appel d'offres (CAO) après les modifications du Code des marchés publics de décembre 2008 ?;La CAO a été fusionnée avec la CMPE;La CAO est devenue obligatoire pour tous les marchés;La CAO des collectivités locales est maintenue mais celle des marchés de l'État est supprimée;La CAO a été maintenue à l'identique;4;Les modifications apportées au Code des marchés publics en décembre 2008 ont sauvegardé la commission d'appel d'offres des collectivités locales, mais supprimé la commission d'appel d'offres pour les marchés de l'État (article 21), un comité d'expertise la remplace de fait.
Quel est le caractère du contrôle exercé par la CMPE sur les marchés informatiques ?;Obligatoire, dès le premier euro;Facultatif, sans seuil;Facultatif, à partir de 6 millions d'euros HT;Obligatoire, au-dessus de 133 000 euros HT;4;La CMPE (Commission des Marchés Publics de l'État), mise en place le 1er février 2005 en remplacement de la CSMI, est compétente à partir de 6 millions d'euros HT, son contrôle n'est pas obligatoire mais seulement facultatif.
Quels sont les deux CCAG intéressant le domaine informatique ?;Le CCAG « Travaux » et le CCAG « Marchés industriels »;Le CCAG « Fournitures courantes et services » et le CCAG « Prestations Intellectuelles »;Le CCAG « Public » et le CCAG « Privé »;Le CCAP et le CCTP;3;Parmi les quatre CCAG, deux ont un intérêt pour le domaine informatique : le CCAG « Fournitures courantes et services » (FCS), qui vise les consommables et les logiciels sur étagère, et le CCAG « Prestations Intellectuelles » (PI), qui s'applique aux prestations spécifiques comme les études de faisabilité ou les développements d'applications.
Où figure désormais le chapitre relatif aux marchés informatiques autrefois inclus dans le CCAG FCS ?;Il a été supprimé sans remplacement;Dans le CCAG TIC (Techniques de l'Informatique et de la Communication), publié en 2009;Dans le CCAG PI;Dans le CCTG informatique;3;L'ancien CCAG FCS comportait un chapitre VII relatif aux marchés informatiques, celui-ci ne figure plus dans le nouveau CCAG FCS approuvé par arrêté du 19 janvier 2009 et a été intégré dans le nouveau CCAG TIC (Techniques de l'Informatique et de la Communication), publié en 2009.
Que contient le CCTP (cahier des clauses techniques particulières) ?;Les clauses générales applicables à toute une catégorie de marchés;Les engagements administratifs du titulaire, sa durée et ses conditions de paiement;L'offre de prix du candidat;La description précise des prestations à réaliser, par référence à des normes ou en termes de performance;5;Le CCTP rassemble les dispositions qui donnent une description précise des prestations à réaliser, soit par référence à des normes ou documents équivalents, soit en termes de performance ou d'exigences fonctionnelles, sans créer d'obstacle discriminatoire à la concurrence.
À quelle condition le cahier des charges peut-il faire référence à une marque ?;Si la référence est justifiée par l'objet du marché et accompagnée de la mention « ou équivalent »;Uniquement pour les marchés inférieurs à 25 000 euros HT;Toujours, sans condition;Jamais, en aucune circonstance;2;Le Code des marchés publics interdit en principe de faire mention d'une marque dans le cahier des charges lorsque cela a pour effet de favoriser ou d'éliminer certains opérateurs, mais l'admet si cette mention est justifiée par l'objet du marché, à condition d'être accompagnée de la mention « ou équivalent ».
Qu'est-ce que l'acte d'engagement dans un marché public ?;L'avis d'appel public à la concurrence;Le bon de commande émis à chaque besoin;La pièce signée par le candidat où il présente son offre et adhère aux clauses de la personne publique, puis signée par celle-ci;Le procès-verbal de vérification de service régulier;4;L'acte d'engagement est la pièce signée par un candidat à un marché public dans laquelle il présente son offre ou sa proposition et adhère aux clauses rédigées par la personne publique, avant d'être signé par cette dernière, les bons de commande ne font plus partie des pièces constitutives du marché.
Quelles sont les deux catégories de marchés fractionnés ?;Les marchés uniques et les marchés à lots;Les marchés ouverts et les marchés restreints;Les marchés à bons de commande et les marchés à tranches conditionnelles;Les marchés de gré à gré et les marchés négociés;4;Il existe deux catégories de marchés fractionnés : les marchés à bons de commande, utilisés quand le besoin est connu mais pas sa date, et les marchés à tranches conditionnelles, comprenant une tranche ferme et des tranches conditionnelles affermies au choix.
Quelle est la durée maximale d'un marché à bons de commande et sur quoi porte l'engagement de l'acheteur ?;Un an, l'acheteur peut changer de titulaire à tout moment;Quatre ans, l'acheteur est tenu de commander au moins à hauteur du minimum;Illimitée, l'acheteur doit atteindre le maximum;Deux ans, l'acheteur n'a aucune obligation d'achat;3;Le marché à bons de commande, dont la durée ne peut excéder quatre ans, est conclu avec un minimum et un maximum : l'acheteur public est tenu de passer commande à hauteur du minimum et de s'adresser exclusivement à son cocontractant.
Dans un marché à tranches conditionnelles, sur quoi l'acheteur public est-il engagé ?;Sur l'ensemble des tranches dès la signature;Uniquement sur la tranche ferme, pas sur les tranches conditionnelles;Sur la moitié des tranches conditionnelles;Sur aucune tranche avant l'affermissement;3;Dans un marché à tranches conditionnelles, l'acheteur public n'est engagé que sur la tranche ferme, et non sur les tranches conditionnelles, mais l'appréciation des seuils de procédure et de publicité s'opère en additionnant les montants estimés de l'ensemble des tranches.
Pour quel type de biens la multi-attribution est-elle particulièrement adaptée ?;Les prestations d'étude de faisabilité;Les travaux de construction d'un bâtiment;Les fournitures de bureau standard;Le matériel micro-informatique, dont les caractéristiques et le prix varient très vite;5;Le code organise la multi-attribution pour les biens dont les caractéristiques techniques et le prix sont susceptibles de connaître de fortes variations, comme le matériel micro-informatique dont les caractéristiques peuvent être désuètes dès l'année suivante, on conclut alors des marchés avec plusieurs titulaires, remis en compétition lors du bon de commande.
Qu'est-ce que l'allotissement d'un marché ?;Le fractionnement du paiement en plusieurs échéances;La division du marché en plusieurs lots selon la nature des fournitures et prestations;Le regroupement de plusieurs personnes publiques;La conclusion du marché avec un seul titulaire pour l'ensemble;3;L'allotissement est un procédé qui divise le marché en plusieurs lots selon la nature des fournitures et des prestations à réaliser, afin d'étendre le champ de la concurrence à des entreprises compétitives qui ne sont pas nécessairement aptes à réaliser l'intégralité du marché.
Sur quoi porte la distinction entre marché unique et marché à lots ?;Sur le titulaire : un seul ou plusieurs;Sur le montant du marché;Sur la durée du marché;Sur les modalités d'acquisition de la prestation;2;La distinction marché unique / marché à lots porte sur le titulaire du marché : il s'agit de savoir si le marché est donné à un ou plusieurs titulaires, tandis que la distinction marché à tranches / marché à bons de commande porte sur les modalités d'acquisition ou de réalisation de la prestation.
Qu'est-ce qu'un accord-cadre et quelle est sa durée maximale ?;Un dispositif sélectionnant des prestataires remis en concurrence ultérieurement, conclu pour quatre ans au maximum;Une convention de sous-traitance;Un marché unique à exécution immédiate;Un avenant prolongeant un marché existant;2;L'accord-cadre est un dispositif qui permet de sélectionner un certain nombre de prestataires, ensuite remis en concurrence lors de la survenance du besoin ou selon une périodicité fixée, il est conclu pour une durée maximale de quatre ans et prévoit les caractéristiques essentielles des prestations, que les marchés subséquents peuvent compléter sans les modifier substantiellement.
Quel est le seuil de dispense de publicité et de mise en concurrence pour les marchés de l'État après 2016 ?;20 000 euros HT;90 000 euros HT;134 000 euros HT;25 000 euros HT;5;L'article 40 du Code des marchés publics 2015 a relevé de 20 000 à 25 000 euros HT le seuil en dessous duquel les administrations ne sont pas obligées de faire de la publicité et de passer par une procédure de marché public, et le décret du 25 mars 2016 dispense ces marchés d'un faible montant des obligations de publicité et de mise en concurrence.
Entre quels montants la procédure adaptée (MAPA) s'applique-t-elle pour les fournitures et services de l'État ?;Au-dessus de 134 000 euros HT;En dessous de 25 000 euros HT;Entre 25 000 et 134 000 euros HT;Entre 134 000 euros HT et 6 millions d'euros;4;Lorsque le montant prévisionnel du marché est estimé entre 25 000 euros HT et 134 000 euros HT, la personne publique doit utiliser un marché à procédure adaptée (MAPA), pour lequel l'acheteur détermine lui-même la procédure de publicité et de mise en concurrence, adaptée à la nature et au montant de l'achat.
À partir de quel montant l'appel d'offres est-il obligatoire pour les marchés de fournitures et services ?;25 000 euros HT;6 millions d'euros HT;90 000 euros HT;134 000 euros HT;5;La procédure d'appel d'offres est obligatoire au-dessus d'un montant de 134 000 euros HT pour les marchés de fournitures et de services, elle se compose de deux variantes, l'appel d'offres ouvert et l'appel d'offres restreint.
Quelle est la caractéristique de l'appel d'offres ouvert quant au nombre de candidats et aux plis ?;Aucun pli n'est déposé, tout se fait oralement;Un seul candidat est retenu après tirage au sort;Le nombre de candidats n'est pas limité et le pli contient une seule enveloppe (candidature et offre);Le nombre de candidats est limité par la personne publique et le pli contient deux enveloppes;4;Dans l'appel d'offres ouvert, la personne publique ne peut pas limiter le nombre de candidats admis à présenter une offre, et les candidats présentent une seule enveloppe contenant à la fois les éléments de candidature et l'offre, ce qui est une modification du Code des marchés publics 2009 (auparavant le pli contenait deux enveloppes distinctes).
Quel est le délai minimal de réception des offres dans un appel d'offres ouvert ?;Au moins 90 jours;Au moins 37 jours;Au moins 52 jours à compter de la date d'envoi de l'avis;Au moins 15 jours;4;Dans l'appel d'offres ouvert, la personne publie un avis de publicité qui indique un délai de réception des offres d'au moins 52 jours à compter de la date d'envoi, dans l'appel d'offres restreint, le délai de réception des candidatures est d'au moins 37 jours.
Pour quel type d'achats la procédure négociée est-elle notamment utilisée ?;L'achat de matériels ou de logiciels protégés par des droits d'auteur, comme les packs Microsoft;Tous les marchés de plus de 134 000 euros HT;L'achat de fournitures de bureau courantes;Les grands travaux d'infrastructure;2;La procédure négociée, dont le recours est limitativement encadré par l'article 35, est notamment utilisée pour l'achat de matériel ou de logiciels protégés par des droits d'auteur, comme les droits sur les packs Microsoft qui sont achetés par le biais du marché négocié.
Dans quel cas le dialogue compétitif est-il possible ?;Quand un seul candidat s'est manifesté;Pour tout marché supérieur à 90 000 euros HT;Uniquement quand le marché est complexe, le pouvoir adjudicateur ne pouvant définir seul les moyens techniques ou le montage juridique et financier;Uniquement pour les marchés de travaux;4;Le recours au dialogue compétitif n'est possible que lorsque le marché public est considéré comme complexe : le pouvoir adjudicateur n'est pas en mesure de définir seul les moyens techniques répondant à ses besoins, ou n'est pas en mesure d'établir le montage juridique ou financier de son projet, cette procédure combine négociation et appel d'offres.
Quelle règle le Code affirme-t-il pour le choix du titulaire ?;Le choix de l'entreprise la plus ancienne;Le choix de l'offre économiquement la plus avantageuse, c'est-à-dire du mieux-disant plutôt que du moins-disant;Le choix systématique du prix le plus bas;Le choix par tirage au sort entre les offres conformes;3;Le code affirme comme principe le choix de l'offre économiquement la plus avantageuse : la règle du choix du « mieux-disant » plutôt que du « moins-disant » est affirmée, l'offre économiquement la plus avantageuse n'étant pas nécessairement assimilable au prix le plus bas.
Quels sont les trois types de capacités des candidats examinés au titre des critères de candidature ?;Les capacités nationales, régionales et locales;Les capacités passées, présentes et futures;Les capacités humaines, matérielles et logicielles;Les capacités techniques, financières et professionnelles;5;Les critères de capacité des candidats comprennent trois types de capacités : les capacités techniques (moyens matériels et humains), les capacités financières (crédibilité financière, chiffre d'affaires, attestations bancaires, bilans) et les capacités professionnelles (qualifications requises pour la bonne exécution du marché).
La pondération des critères s'applique-t-elle aux critères de candidature ?;Oui, uniquement aux critères de candidature;Non, aucune pondération n'est autorisée dans les marchés publics;Oui, à tous les critères sans distinction;Non, seulement aux critères de choix, les références des candidats ne peuvent jamais être un critère de choix des offres;5;La pondération n'est valable que pour les critères de choix : il n'y a pas de pondération pour les critères de candidature, et les références et potentialités des sociétés, appréciées lors de l'examen des capacités, ne peuvent en aucun cas constituer un critère de choix des offres.
Dans quel ordre s'enchaînent les vérifications d'un marché de fournitures courantes et de services ?;Admission, puis mise en ordre de marche, puis vérification;Mise en ordre de marche, puis vérification d'aptitude, puis vérification de service régulier;Vérification de service régulier, puis vérification d'aptitude, puis admission;Recette provisoire, puis recette définitive, puis mise en ordre de marche;3;Les vérifications s'enchaînent dans l'ordre : la mise en ordre de marche (MOM), réalisée par le titulaire dans un délai d'un mois après la livraison, puis la vérification d'aptitude (VA), qui constate l'aptitude des prestations à remplir leurs fonctions, puis, si la VA est positive, la vérification de service régulier (VSR), qui s'observe pendant un mois.
Selon le CCAG, quel taux d'indisponibilité tolère la vérification de service régulier (VSR) ?;5 % de la durée d'utilisation, week-end compris;2 % de la durée d'utilisation effective (8 h - 18 h, du lundi au vendredi, jours fériés exclus);Aucune indisponibilité n'est tolérée;10 % de la durée totale du mois;3;Lors de la VSR, le service est réputé régulier si la durée cumulée sur le mois des indisponibilités imputables à chaque élément de matériel ne dépasse pas 2 % de la durée d'utilisation effective, celle-ci s'étendant de 8 heures à 18 heures, du lundi au vendredi, jours fériés exclus, en règle générale, la VSR vaut admission.
À quelle condition un titulaire peut-il recourir à la sous-traitance ?;Seul le maître d'ouvrage peut désigner les sous-traitants;Il doit obtenir du pouvoir adjudicateur l'acceptation de chaque sous-traitant, tout en restant personnellement responsable;Il peut sous-traiter librement sans en informer le pouvoir adjudicateur;La sous-traitance est interdite dans les marchés publics;3;Le titulaire d'un marché de travaux, de services ou industriel peut sous-traiter l'exécution de certaines parties de son marché à condition d'avoir obtenu du pouvoir adjudicateur l'acceptation de chaque sous-traitant, il demeure personnellement responsable de l'exécution de toutes les obligations, car il n'y a pas de relation contractuelle entre le maître d'ouvrage et le sous-traitant.
À partir de quel montant le sous-traitant accepté et agréé est-il payé directement ?;Aucun montant, le paiement direct est automatique;133 000 euros HT;25 000 euros HT;600 euros TTC;5;Lorsque le montant du contrat de sous-traitance est égal ou supérieur à 600 euros TTC, le sous-traitant qui a été accepté et dont les conditions de paiement ont été agréées par le pouvoir adjudicateur est payé directement pour la partie du marché dont il assure l'exécution.
Qu'est-ce qu'un avenant à un marché public et quelle est sa limite principale ?;Un nouveau marché passé sans mise en concurrence;Une décision unilatérale de la personne publique;L'acte par lequel les parties modifient ou complètent des clauses du marché, sans pouvoir en bouleverser l'économie ni en changer l'objet;Un document de vérification des prestations;4;L'avenant est l'acte juridique par lequel les parties conviennent de modifier ou de compléter une ou plusieurs clauses du marché, il ne peut avoir ni pour objet ni pour effet de se substituer au contrat initial, ne saurait bouleverser l'économie du marché ni en changer l'objet, ni toucher à des éléments substantiels comme le prix, le seuil au-delà duquel il constitue un nouveau marché étant apprécié au cas par cas par le juge administratif.
À partir de quelle date le pouvoir adjudicateur ne peut-il plus refuser de recevoir les documents des candidats par voie électronique ?;À partir du 1er avril 2016;À partir du 1er janvier 2010;À partir du 1er février 2005;À partir du 1er janvier 2012;5;À partir du 1er janvier 2010, pour les marchés de plus de 90 000 euros HT, la publication électronique des avis et du DCE devient obligatoire, à partir du 1er janvier 2012, le pouvoir adjudicateur ne peut plus refuser de recevoir les documents des candidats par voie électronique, la transmission sur papier ne pouvant plus être imposée par le règlement de consultation.
Sur quel réseau s'appuie la téléphonie traditionnelle ?;Le réseau GSM de deuxième génération;Le réseau X.25 à commutation de paquets;Le réseau Transpac;Le Réseau Téléphonique Commuté public (RTC / PSTN);5;Le RTC (RTCP), en anglais Public Switched Telephone Network (PSTN), est le réseau historique de la téléphonie commutée.
En dessous de quelle latence obtient-on une bonne qualité de conversation téléphonique interactive ?;500 ms;2 secondes;150 ms;1 seconde;4;La latence doit être inférieure à 150 ms pour une bonne qualité, 300 ms restant acceptable pour une interaction humaine.
En dessous de quelle latence l'écho cesse-t-il d'être sensible à l'oreille, à défaut de suppresseur d'écho ?;600 ms;28 ms;150 ms;300 ms;3;Il faudrait une latence inférieure à 28 ms, comme c'est irréaliste, les terminaux embarquent des suppresseurs d'écho.
Que signifie le sigle PABX ?;Private Automatic Branch eXchange;Protocol Address Binding eXtension;Primary Analog Bus eXchange;Public Access Broadband eXchange;2;Le PABX est l'autocommutateur téléphonique privé d'une entreprise, reliant les lignes internes entre elles et au réseau public.
Quel ensemble de protocoles définit la signalisation téléphonique, et par quel organisme ?;Le protocole H.323, défini par l'ISO;Le protocole SS7, défini par l'IEEE;Le protocole SIP, défini par l'IETF;Le Signaling System #7 (SS7), défini par l'UIT;5;Le SS7 (Signaling System #7) est défini par l'Union Internationale des Télécommunications (UIT).
Quelle fonctionnalité de signalisation le RNIS a-t-il notamment apportée ?;Le routage IP des paquets voix;La présentation du numéro de l'appelant et le transfert d'appel;Le chiffrement de bout en bout des communications;La compression G.729 de la voix;3;Le RNIS a enrichi la signalisation avec la présentation du numéro appelant, le transfert d'appel, etc.
Quelle est la part moyenne du temps de parole d'un interlocuteur dans une conversation ?;Environ 65 %;Environ 35 %;Environ 10 %;Environ 90 %;3;On ne parle en moyenne que 35 % du temps, ce qui permet au multiplexage d'exploiter les silences.
Que recouvre la notion de VoIP au-delà de la téléphonie sur IP ?;Uniquement le transport de fichiers audio;La vidéo sur IP, la visioconférence et la gestion des IPBX sur IP;Uniquement la messagerie électronique;Uniquement la diffusion de radio en streaming;3;La VoIP inclut la vidéo sur IP, la visioconférence, la gestion des autocommutateurs IP (IPBX) et les messages avec les postes IP.
Quel est un objectif majeur de la VoIP pour une entreprise ?;La multiplication des commutateurs locaux dédiés;La convergence des réseaux vers un réseau unique portant données, voix et vidéo;La séparation stricte de la voix et des données;L'abandon des abonnements forfaitaires;3;La VoIP vise la convergence vers un réseau unique, la réduction des coûts, de nouveaux services et une gestion simplifiée.
Quel impact propre le transport par paquets a-t-il sur la voix, contrairement au transport par circuit ?;Les délais de transit varient d'un paquet à l'autre faute de réservation de ressource;La latence devient rigoureusement constante;La bande passante est réservée de bout en bout;L'ordre des paquets est toujours garanti;2;Sans réservation de ressource, les délais varient et l'ordre des paquets peut ne pas être respecté.
Quels sont les deux principaux protocoles de signalisation de la VoIP ?;SMTP et POP3;RIP et OSPF;H.323 (UIT) et SIP (IETF);FTP et HTTP;4;H.323 est défini par l'UIT (via H.225 et H.245), SIP est issu de l'IETF.
Comment appelle-t-on le décalage variable introduit dans la parole par le transport asynchrone en mode paquet ?;L'effet de gigue;L'atténuation de ligne;L'effet Doppler;La diaphonie;2;L'effet de gigue est le décalage variable que les équipements et applications d'extrémité doivent compenser.
Quel protocole compense les effets de gigue et les changements d'ordre des paquets pour la voix ?;ICMP;RTP (Real-time Transport Protocol);ARP;SNMP;3;RTP prend en charge la compensation de la gigue et du désordre des paquets pour les données isochrones.
Quel protocole transporte les informations sur la qualité de transmission et l'identité des participants ?;DNS;RTCP (Real-time Transport Control Protocol);DHCP;LDAP;3;RTCP véhicule les statistiques de qualité et l'identité des participants, en complément de RTP.
Par quel protocole de transport RTP et RTCP sont-ils le plus souvent véhiculés ?;SCTP;UDP;TCP;IPsec;3;RTP et RTCP sont le plus souvent transportés sur UDP et n'influent pas sur la QoS du réseau IP sous-jacent.
Sur quelle échelle et de quelles valeurs se mesure le MOS (Mean Opinion Score) ?;De 0 à 100;De 0 à 1;De 1 à 10;De 2 à 5;5;Le MOS va de 2 (voix robotisée) à 5 (haute qualité des flux RNIS).
Lequel de ces codecs est un codec audio utilisé en VoIP ?;H261;H264;H263;G729;5;G711, G722, G726, G728 et G729 sont des codecs audio, H261, H263 et H264 sont des codecs vidéo.
Quel codec audio, bien que le plus ancien, reste une référence avec un MOS de 4,2 ?;H264;G722;G711;G728;4;G711 obtient un score MOS de 4,2, ce qui en fait un référent, G722 offre un codage large bande gourmand en bande passante.
Qui définit la norme H.323 pour les communications multimédia sur IP ?;L'IETF;L'AFNOR;L'UIT;L'IEEE;4;H.323 est un ensemble de normes de l'UIT, dont la dernière version 7.1 date de mars 2013.
Combien de connexions TCP H.323 utilise-t-il pour établir un appel ?;Une seule connexion TCP;Quatre connexions TCP;Deux connexions TCP sur des ports distincts;Aucune, tout passe en UDP;4;H.323 recourt à deux connexions TCP verrouillées sur des ports différents et chargées de fonctions précises.
Quel est un inconvénient du recours à TCP pour la signalisation H.323 ?;TCP garantit une latence nulle;TCP interdit toute retransmission;TCP est orienté flux et non messages, obligeant H.323 à adapter la nature des trames;TCP ne fonctionne pas sur IP;4;TCP étant orienté flux, H.323 doit transformer les trames, de plus, en cas de congestion les paquets peuvent arriver trop tard.
Qu'est-ce que le protocole SCCP utilisé par Cisco ?;Une évolution propriétaire de H.323;Un protocole de messagerie;Une version allégée de SIP;Un protocole de routage interne;2;SCCP (Skinny Call Control Protocol) est une évolution propriétaire de H.323, aujourd'hui H.323 est remplacé par SIP.
Que signifie SIP et par quel organisme est-il défini ?;Signal Interchange Protocol, défini par l'ISO;Secure Internet Protocol, défini par l'UIT;Session Integrity Protocol, défini par l'IEEE;Session Initiation Protocol, défini par l'IETF;5;SIP est défini par l'IETF, en particulier la RFC 3261 complétée par de nombreuses autres RFC.
Que fait SIP mais surtout que ne transporte-t-il pas ?;Il route les paquets IP à la place d'OSPF;Il établit, modifie et termine les sessions mais ne transporte pas la voix ni la vidéo;Il transporte la voix mais pas la signalisation;Il chiffre systématiquement les flux média;3;SIP gère l'établissement, l'authentification, la localisation et la négociation des médias via SDP, le transport des flux revient le plus souvent à RTP.
Quel protocole SIP encapsule-t-il pour négocier les types de média ?;SNMP;SDP (Session Description Protocol);SMTP;SOAP;3;SIP encapsule des messages SDP pour décrire et négocier les médias entre participants.
Quel avantage de SIP sur H.323 concerne la mobilité ?;Avec la même identité, un utilisateur est joignable par différents moyens (personal mobility);SIP impose un seul terminal par utilisateur;SIP nécessite un garde-barrière central unique;SIP interdit les tablettes et portables;2;La personal mobility est centrale dans SIP, son architecture distribuée le rend aussi plus apte à la montée en charge.
D'après le théorème de Shannon, quelle fréquence d'échantillonnage le codec G.711 retient-il ?;16000 Hz;8000 Hz;3400 Hz;44100 Hz;3;La bande téléphonique étant limitée à 3400 Hz, l'échantillonnage est fixé à 8000 Hz, soit environ 2,35 fmax.
Quel élément de réseau H.323 réalise la traduction d'adresse (alias vers adresse IP) et la gestion des autorisations ?;Le MCU;Le terminal;Le garde-barrière (gatekeeper);La passerelle (gateway);4;Le gatekeeper assure la localisation (alias H.323 vers adresse IP), les autorisations, la gestion des appels, la journalisation et le reporting.
À quoi sert un MCU (Multipoint Control Unit) dans H.323 ?;À convertir l'analogique en numérique;À router les paquets IP entre sites;À gérer les conférences réunissant plus de deux interlocuteurs;À stocker les messages vocaux;4;Le MCU gère le multipoint via le Multipoint Controller (MC) et le Multipoint Processor (MP).
Lequel de ces protocoles gère dans H.323 le contrôle des données et des conférences ?;H.225.0;T.120;RTCP;RTP;3;T.120 gère le contrôle des données et conférences, H.225.0 gère la signalisation d'appel et l'enregistrement au garde-barrière.
Pourquoi UDP convient-il mieux que TCP à la vidéo temps réel ?;Il garantit la remise en ordre des paquets;Il chiffre les flux par défaut;Il réserve la bande passante de bout en bout;Son en-tête réduit (8 octets) et l'absence d'acquittement et de contrôle de congestion accélèrent la communication;5;UDP se contente de multiplexer/démultiplexer, sans acquittement ni contrôle de congestion, ce qui le rend rapide mais non fiable.
Quelle limite d'UDP le protocole RTP doit-il compenser pour la vidéo ?;L'impossibilité d'utiliser des ports;La limitation à un seul flux par machine;L'absence d'information de séquencement et d'horodatage;L'obligation d'acquitter chaque paquet;4;UDP ne gère ni synchronisation ni remise en ordre, RTP, sur les couches supérieures, apporte cette fonction.
Qu'apporte IPv6 au transport du trafic vidéo sur Internet ?;Un doublement automatique de la bande passante physique;La fin du mode best effort pour tous les paquets;Le flow label et les indices de priorité qui préservent l'intégrité d'un flux;La suppression totale de la gigue sur tout réseau;4;Le flow label et les indices de priorité d'IPv6 permettent un routage tenant compte des contraintes de temps.
Que vise le concept de CTI (Computer Telephony Integration), apparu à la fin des années 80 ?;Supprimer les serveurs vocaux interactifs;Interdire le couplage PABX-informatique;Associer dynamiquement l'informatique et la téléphonie;Remplacer le RTC par le réseau X.25;4;Le CTI associe dynamiquement informatique et téléphonie, il est aujourd'hui natif dans les IPBX.
Dans sa définition générale, que relie le CTI ?;Le PABX de l'entreprise au serveur CTI, raccordant réseau téléphonique et réseau informatique;Deux réseaux locaux Ethernet distants;Un serveur web à une base de données;Un routeur à un pare-feu;2;Le CTI raccorde, via le PABX, le réseau téléphonique au réseau informatique pour un échange d'informations en temps réel.
Qu'est-ce qu'un IPBX par rapport à un PABX ?;Un simple téléphone analogique;Un commutateur de niveau 2 sans fonction téléphonique;Un modem RTC;Un autocommutateur interconnecté au réseau local Ethernet, serveur spécialisé du couplage téléphonie-informatique;5;Les PABX ont évolué vers des IPBX, serveurs spécialisés raccordés au LAN qui portent les fonctions du couplage.
Quelles briques composent une téléphonie assistée par ordinateur (TAO) complète, dite centre d'appel ?;Uniquement un poste informatique;Un routeur, un switch et un pare-feu;Le pôle téléphonique, le pôle informatique et un serveur vocal interactif;Uniquement un poste téléphonique;4;La TAO relie via CTI une application au poste, avec en plus un SVI/IVR qui qualifie l'appel, on parle de centre d'appel.
Quelle est la différence entre un applicatif CTI First Party et Third Party ?;First Party est chiffré, Third Party ne l'est pas;First Party est sur IP, Third Party sur RTC;Ils sont strictement équivalents;First Party gère un seul poste, Third Party gère simultanément n postes depuis un serveur;5;First Party vise la bureautique simple d'un poste, Third Party vise les applications verticales (call center) sur plusieurs postes.
Qu'est-ce qu'un ACD (Automatic Call Distribution) ?;Un protocole de signalisation;Un distributeur automatique d'appels entrants placés dans des files d'attente;Un algorithme de compression audio;Un annuaire d'entreprise;3;L'ACD écoule au mieux les flux d'appels entrants répartis dans les files d'attente.
Quelle est la différence entre l'émission d'appel CTI en mode prédictif et en mode preview ?;Il n'y a aucune différence;En prédictif l'appel n'est transféré à un agent que s'il y a réponse, en preview il est déclenché après prévisualisation par le téléacteur;En prédictif l'appel est chiffré, en preview il ne l'est pas;En prédictif l'agent compose manuellement, en preview le serveur compose;3;Le mode prédictif déclenche l'appel côté serveur et ne le transfère qu'après décroché, le mode preview attend la prévisualisation par le téléacteur.
Sur quels quatre éléments repose un système de CTI ?;Le codec, le RTP, le RTCP et le SIP;Le routeur, le switch, le pare-feu et le proxy;Le client, le serveur, la base et le cache;L'autocommutateur, le serveur de couplage, le serveur vocal et le middleware;5;Les quatre briques du CTI sont l'autocommutateur, le serveur de couplage, le serveur vocal et le middleware.
Quel est le rôle du serveur de couplage, clé de voûte du système CTI ?;Centraliser les commandes téléphoniques et les échanges avec l'informatique pour présenter le bon dossier;Router les paquets RTP;Numériser la voix analogique;Héberger la messagerie électronique;2;Le serveur de couplage centralise commandes téléphoniques et échanges informatiques, faisant remonter le bon dossier sur l'écran de l'agent.
Quelles interfaces de programmation le middleware CTI met-il en œuvre ?;SOAP, REST, gRPC;TAPI, TSAPI, CSTA;POSIX, WIN32, JNI;ODBC, JDBC, ADO;3;Le middleware s'appuie sur des interfaces comme TAPI, TSAPI et CSTA pour développer les commandes d'appel liées à l'application.
Lequel de ces services fait partie des quatre services simples du CTI ?;Le suivi de communication;Le double appel;La conférence à trois;L'établissement d'appel;5;Les services simples sont l'établissement d'appel, la notification des appels reçus, la réponse et la libération, les autres sont des services complexes.
Quelle problématique de sécurité la VoIP doit-elle notamment prendre en compte ?;Uniquement le marquage CE des terminaux;La confidentialité, l'authentification, l'intégrité et la disponibilité;Uniquement la climatisation des salles serveurs;Uniquement la sauvegarde des données comptables;3;La VoIP doit répondre aux exigences de confidentialité, d'authentification, d'intégrité et de disponibilité.
Pourquoi la téléphonie mobile 4G (LTE-Advanced) est-elle concernée par la VoIP ?;Elle utilise nativement la VoIP pour les communications;Elle repose exclusivement sur le RTC;Elle interdit tout transport de voix sur IP;Elle n'achemine que des SMS;2;La 4G recourt nativement à la VoIP, la voix sur IP s'est aussi imposée chez les FAI et via des logiciels comme Skype.
